"","sample_0","sample_1","sample_2","sample_3","sample_4","sample_5","sample_6","sample_7","sample_8","sample_9","sample_10","sample_11"
"gene_0",15.3549334577575,15.3515255030409,23.7630158076007,19.9341931242861,12.7519336589283,12.7045506908941,2.10112202072884,2.13869678551078,2.11597751411929,1.56226721479259,2.09027430952486,1.76436184948704
"gene_1",56.9721816298518,56.9595369241204,88.169112317429,73.9628390084364,47.3141406015827,47.1383331929454,72.8698138736745,74.1729586168139,73.385022903747,54.1815849054737,72.4936002656162,61.1905059818157
"gene_2",211.75649712516,211.7094987741,327.710504405027,274.908056138965,175.859101611597,175.205653561045,242.724078501935,247.064759369893,244.440202510115,180.47493974328,241.470938189347,203.821148812746
"gene_3",82.832576665413,82.8141923675514,128.190189433226,107.535508686713,68.7906284544528,68.5350198356902,150.128371302349,152.813145524469,151.189818950605,111.62637399541,149.353285800724,126.066343714587
"gene_4",68.4024510188157,68.3872694189595,105.858389377621,88.801926269157,56.806727290593,56.5956478248953,78.7119729240122,80.1195941087717,79.2684875776049,58.5254609192906,78.3055973103396,66.0963050955083
"gene_5",7.00060064361757,6.99904689347936,10.8340022582735,9.08837056179956,5.81384447061614,5.79224169145533,2.56148007453899,2.60728750996868,2.57959042222069,1.9045616115187,2.54825561835358,2.15093539411392
"gene_6",23.8430968655715,23.8378050032105,36.8991431501441,30.9537582111266,19.8011662043096,19.7275900667297,47.6491462357434,48.5012649819205,47.9860384152467,35.4290223235763,47.4031423519223,40.0121149317222
"gene_7",10.9613433375591,10.9589105193492,16.9635756299133,14.2303146798802,9.10315394318244,9.06932891994776,18.0949124897433,18.4185072518962,18.222848349841,13.4542821684677,18.001491744535,15.1947259377326
"gene_8",328.43786717895,328.36497195074,508.284470985124,426.386990974951,272.760406605991,271.746897755264,656.08121812266,667.814043349183,660.719887416145,487.822300276819,652.693990008189,550.926914287001
"gene_9",320.657554900443,320.586386475674,496.243801178847,416.286377517154,266.299028815316,265.309528814187,80.0064120402721,81.4371819259819,80.5720787238499,59.4879275313804,79.5933534726512,67.1832762331581
"gene_10",3366.04702182278,3365.2999436374,5209.23316331869,4369.89398769058,2795.42782996769,2785.04072546636,4072.17513211963,4144.99861463551,4100.96649700142,3027.82305789047,4051.15123185613,3419.50175984994
"gene_11",88.7451430619641,88.7254464980094,137.340369675378,115.211363533838,73.7008844741385,73.4270305829142,277.677802982939,282.643567954852,279.641059150925,206.464414534765,276.244202942201,233.172617867539
"gene_12",1005.31390592766,1005.09078127025,1555.80552034829,1305.12591320725,834.891031605933,831.788787183971,1226.70057009834,1248.63788974213,1235.37367048536,912.100327408521,1220.36733795528,1030.08947851337
"gene_13",87.0130221086272,86.9937099807099,134.659770784601,112.962676902051,72.2623962158236,71.993887384022,65.3801193772018,66.5493244889362,65.8423742684899,48.6127012113259,65.0425737008973,54.9012323920289
"gene_14",6.50544021887127,6.50399636724285,10.0677009888532,8.44553980245104,5.40262465619867,5.3825498661133,4.7547683204004,4.83979874674837,4.78838580127965,3.53535805517819,4.73022031553792,3.99269140245078
"gene_15",348.954027088382,348.876578395703,540.034906998431,453.02162895163,289.798625027503,288.721806456037,1501.08400074194,1527.92817147042,1511.69706520537,1116.11524598432,1493.33417680391,1260.49573402013
"gene_16",45.6730168989805,45.6628799893163,70.6827304421152,59.2939553882005,37.9304334402482,37.7894935198178,61.0346551698545,62.1261495185544,61.4661864695692,45.3816769313374,60.7195443356503,51.252243332795
"gene_17",30.5432974667945,30.5365185266612,47.2682517652336,39.6521412502768,25.3655350635665,25.2712831352523,122.043323325329,124.225847292007,122.906202189632,90.7440314910204,121.413235823154,102.482664755058
"gene_18",31.6364317579382,31.6294102018291,48.9599665168305,41.0712779811773,26.2733589886465,26.1757338156799,31.8822609500903,32.4524174874535,32.1076770430845,23.7057203362757,31.7176586300421,26.7722884919445
"gene_19",1277.21133425223,1276.92786324908,1976.58903628457,1658.11056541234,1060.6958504654,1056.75457230941,2048.35584379549,2084.98698099791,2062.83826623388,1523.03347802736,2037.78055477503,1720.05284286772
"gene_20",3166.9681797562,3166.26528617642,4901.1423673539,4111.444408887,2630.09724133875,2620.32446359018,3730.99946188343,3797.72163498844,3757.37862373075,2774.14547094575,3711.73698961127,3133.00848121155
"gene_21",1325.44397313047,1325.14979712169,2051.23299115804,1720.7274918183,1100.75199351952,1096.66187684251,292.354291372729,297.582518778347,294.421314230188,217.376963360321,290.844919289258,245.496812247455
"gene_22",90.6756636021528,90.6555385683126,140.328008159101,117.717617916795,75.3041392146041,75.0243280332817,183.17990318966,186.455744243738,184.475033988466,136.201493458632,182.234178634603,153.820496664185
"gene_23",11.389906929,11.387378993132,17.6268128510964,14.7866876150885,9.45906655600633,9.42391905130276,13.9639271169808,14.2136466818972,14.0626558081013,10.3827313737091,13.8918338986222,11.7258398280326
"gene_24",292.577468930276,292.512532747521,452.787570735155,379.832044568347,242.979136585651,242.076287420203,695.378866868964,707.8144594234,700.295381026027,517.041654340554,691.788752134683,583.926079275273
"gene_25",1368.56275509096,1368.25900907285,2117.96283405514,1776.70546979189,1136.56119116447,1132.33801654404,1490.59403990725,1517.25061667068,1501.13293754824,1108.31554575995,1482.89837373091,1251.68706583392
"gene_26",869.854859427514,869.661799263556,1346.17156315004,1129.26928700994,722.395280372387,719.711041778189,740.500302397785,753.742810166993,745.73583714511,550.591223911293,736.677233890759,621.815615749468
"gene_27",312.082796543393,312.013531245607,482.973661067494,405.154392507009,259.177881074021,258.214841461161,166.371618943044,169.34687425259,167.547910686781,123.703870209558,165.512672505366,139.706182889216
"gene_28",199.067007430446,199.022825451491,308.072480897114,258.434214756392,165.320760224588,164.7064699917,361.737765398295,368.206790668361,364.295347932739,268.96631688152,359.870179045909,303.759756211614
"gene_29",32.2479291073169,32.2407718322689,49.9063086953602,41.8651405069277,26.7811940537309,26.6816818937945,13.6935770976384,13.9384619417317,13.7903943419768,10.1817154557518,13.6228796473052,11.4988205233801
"gene_30",460.692134100739,460.589885664716,712.958769583102,598.083084975144,382.594659065407,381.173033844838,365.871063567873,372.414005395361,368.457869623384,272.039587332064,363.982137748087,307.230584431494
"gene_31",148.75307941829,148.720064377228,230.207560805825,193.115302069796,123.536152437378,123.077123264347,154.504275949666,157.267305307,155.596662411529,114.880031944886,153.706598447481,129.740894331139
"gene_32",200.62993366117,200.585404798145,310.491237111786,260.463248187763,166.618735996534,165.99962281317,143.448573885338,146.013892019588,144.46279358329,106.659680770029,142.70797496401,120.45715985539
"gene_33",117.917908594246,117.891737273226,182.48761114029,153.084242871926,97.928222986451,97.5643464181185,135.106157585143,137.522286701763,136.061394173601,100.45676473309,134.408629043296,113.451835601305
"gene_34",18.8008377559411,18.7966649990951,29.0958346397036,24.4077600047141,15.6136811960531,15.5556646962189,16.3653735522591,16.658038640592,16.4810811105253,12.1683016532564,16.2808821023154,13.7423911906812
"gene_35",35.2507230929829,35.2428993620395,54.5533780652571,45.7634495023646,29.2749482469343,29.1661699256155,44.5967811368671,45.3943138573458,44.9120922805694,33.1594683069574,44.3665360594147,37.4489717739084
"gene_36",750.038682481303,749.87221495003,1160.74622642606,973.72066042486,622.890587376626,620.576083115555,783.918864826752,797.937835007159,789.461380397096,582.874640070375,779.871634171371,658.275209411081
"gene_37",130.50506256115,130.476097580956,201.967261736701,169.425229223426,108.381576808026,107.97885821438,757.349545162135,770.89337114484,762.704208552181,563.119301436127,753.439487076346,635.964323360392
"gene_38",160.289061694663,160.253486297003,248.060437208307,208.091628682231,133.116531348403,132.621903904565,49.197048858332,50.0768490415582,49.5448851224492,36.579949064196,48.9430534345356,41.3119253697038
"gene_39",92.5431749537557,92.5226354346209,143.218134768317,120.142072053771,76.855066213308,76.569492178573,116.020197792122,118.095009059143,116.840491551578,86.2655997491809,115.421206592629,97.4249038060881
"gene_40",2380.31565998866,2379.78736020783,3683.73323212375,3090.19066696147,1976.79966943449,1969.4543806295,2911.04325855947,2963.10199890454,2931.62511123638,2164.47564626109,2896.01407117312,2444.47186643027
"gene_41",152.235103536686,152.201315676872,235.596278014892,197.635760685295,126.427896688744,125.958122523691,754.495247205974,767.988029235371,759.829729947774,560.997018163586,750.599925341886,633.567501866335
"gene_42",265.173187393668,265.114333461336,410.37720294412,344.255059354708,220.220485036506,219.402201277975,598.300577309143,609.000100344694,602.530722052776,444.860111549982,595.211660144032,502.407143762241
"gene_43",206.059811149233,206.01407715063,318.894416776299,267.512463137866,171.128129521056,170.492260569121,396.628948384486,403.721939317058,399.433220893677,294.909289601279,394.581225194322,333.05870769419
"gene_44",15.2162325660093,15.2128553952984,23.5483648296459,19.7541278462291,12.6367456266993,12.5897906683297,27.344897827669,27.8339118371955,27.5382335525502,20.3320116330996,27.2037210889502,22.9621573755743
"gene_45",138.86614094493,138.83532026301,214.906714606942,180.279809068273,115.325268043184,114.896748444871,150.796607686575,153.493332107069,151.862779944392,112.123234141802,150.018072201922,126.627477609304
"gene_46",1957.44410883004,1957.00966338608,3029.30490897852,2541.20729358816,1625.61417055507,1619.57379845625,1911.00951266015,1945.18445929621,1924.52085988527,1420.91105577491,1901.14331779052,1604.71988055925
"gene_47",382.966903709791,382.881906020327,592.67261637308,497.178072426228,318.045569074427,316.863791985874,493.174995167822,501.99453742046,496.661873991979,366.695088864435,490.628822281229,414.130706360988
"gene_48",17.4396144656201,17.4357438258327,26.9892302278668,22.6405828281288,14.4832152685442,14.4293992948686,23.7383698625702,24.1628876464462,23.9062064723027,17.6504156365225,23.615812972403,19.9336705537946
"gene_49",137.584572631634,137.554036387728,212.923382789116,178.616042153914,114.260953817694,113.836388942507,261.234452580484,265.90615798922,263.081449873065,194.238134013375,259.885746569998,219.364747671702
"gene_50",441.31359589639,441.215648435089,682.968896234253,572.925338502677,366.5012103853,365.139384359486,292.734849860689,297.969882866139,294.804563368214,217.659923627828,291.223513022895,245.816376209487
"gene_51",117.782993658315,117.756852281026,182.278819238716,152.909092624901,97.8161791070482,97.4527188655017,34.6644098334843,35.2843200685625,34.9094964615263,25.7743579233923,34.4854437842877,29.1085247033714
"gene_52",729.454166226994,729.292267331557,1128.8900033764,946.997280378162,605.795600517959,603.544616914816,205.864698334378,209.546215895237,207.320216688506,153.068534677203,204.801856303981,172.869455611789
"gene_53",97.4709519532092,97.4493187373212,150.844272846772,126.539446464462,80.9474763534038,80.6466959551448,40.1092358556709,40.8265169502442,40.3928188566921,29.822801136491,39.902159159086,33.6806738769392
"gene_54",15.093352835594,15.0900029374569,23.3581983932802,19.5946020310311,12.5346967200991,12.4881209497185,19.3384817165973,19.6843154637915,19.4752099429868,14.3789250084705,19.2386406494363,16.2389804262445
"gene_55",725.177771276665,725.016821506823,1122.27193231255,941.445547897518,602.244148806625,600.006361501975,674.976896076777,687.047636306578,679.749162855884,501.871983197545,671.49211301051,566.794061922184
"gene_56",257.296009169043,257.238903539089,398.186625161025,334.028691885511,213.678662213482,212.884686217993,577.179323087359,587.501130715878,581.260134927241,429.155624766037,574.199451119911,484.671127103243
"gene_57",446.182044565172,446.08301657476,690.503218866977,579.245691257455,370.544349654969,369.167500343753,2185.53559310816,2224.61994186251,2200.98791298188,1625.03204011483,2174.25206996855,1835.24592248026
"gene_58",1289.81872041225,1289.53245125949,1996.09999785515,1674.47781774839,1071.16600667724,1067.18582406249,2699.79542785926,2748.07638306337,2718.88370199968,2007.40454004113,2685.85687463756,2267.08206726713
"gene_59",213.693392031208,213.645963795503,330.708007741444,277.422585897419,177.467650122354,176.808225111389,476.248074749522,484.764909664402,479.615275729217,354.109254935695,473.789292477306,399.916770987072
"gene_60",7.18600438132257,7.18440948170337,11.1209297113942,9.32906674739642,5.96781818661014,5.94564327996983,1.24047713717584,1.26266082578932,1.24924764156851,0.922343749192328,1.23407277912026,1.04165798768544
"gene_61",197.116491705401,197.072742634168,305.053898228897,255.902002079471,163.700899923995,163.092628683277,262.525817262063,267.220616391048,264.381944847555,195.198314661842,261.170444170376,220.449137133843
"gene_62",4.33433096078243,4.33336897656533,6.70773178013422,5.62694658850237,3.59956629052098,3.58619121039253,11.9371406549913,12.1506148120632,12.0215394249588,8.87573558302516,11.8755113668542,10.0238993051539
"gene_63",53.7841290142174,53.7721918816564,83.2353400605059,69.8240222102213,44.6665332011609,44.5005636336053,53.8063884758129,54.7686183562286,54.1868140010707,40.007175134454,53.5285958691218,45.1824968511219
"gene_64",949.030546251403,948.819913418954,1468.70241636082,1232.0573216333,788.148942448223,785.220379836067,1178.67701600083,1199.75552129143,1187.01057704485,876.392918050955,1172.59172074135,989.762964445882
"gene_65",3.41515543064616,3.41439745308216,5.2852324438344,4.43364786250904,2.83621128065044,2.82567263513645,3.12071947561001,3.17652789563019,3.14278379509551,2.32037819565523,3.10460776801471,2.62054194444526
"gene_66",209.381776862012,209.335305568861,324.035430507308,271.825129568689,173.886948795859,173.240828767577,59.2698462455304,60.3297801805264,59.6888998751944,44.0694717877786,58.9638467991239,49.7702915437068
"gene_67",55.4391178028275,55.4268133533476,85.7965706157108,71.9725737634692,46.0409648974419,45.869888288486,168.619248950036,171.634699054551,169.811432037723,125.375071899067,167.748698407043,141.593570959483
"gene_68",87.28566742973,87.2662947894757,135.081711725801,113.316632489045,72.4888221431443,72.2194719697263,85.7256226816441,87.2586702991885,86.3317257106808,63.7403865467825,85.2830368687036,71.9858326602792
"gene_69",983.922525404366,983.704148462491,1522.70060882785,1277.35503997491,817.125961763308,814.089727858574,1489.82671853641,1516.4695731458,1500.36019101054,1107.74501201225,1482.13501390089,1251.04272793272
"gene_70",399.410470366118,399.321823104958,618.120381123257,518.525558840354,331.701588600302,330.469069188743,248.444813533008,252.887799393753,250.201384664489,184.728532202638,247.162138104955,208.62498530595
"gene_71",1982.73554119324,1982.29548243572,3068.44546980849,2574.0413204177,1646.61814745423,1640.49972987677,592.398135529551,602.992104075968,596.586548434682,440.471412945853,589.339691598833,497.45072381519
"gene_72",10.7395081467707,10.7371245638302,16.6202675224645,13.9423221889258,8.91892470871973,8.8857842348374,25.0576770634496,25.5057882689637,25.2348415271617,18.6313726517932,24.9283088299319,21.0415240101958
"gene_73",36.0916098520788,36.0835994903041,55.8547191230852,46.8551116119783,29.9732861587307,29.8619129899293,52.7243864360679,53.6672666681833,53.0971619181624,39.2026638798216,52.4521800093003,44.2739141504698
"gene_74",40.0777851498538,40.0688900753615,62.0236515299553,52.0300730295389,33.2837168479894,33.160042954002,81.2497938242876,82.7027993429628,81.8242515488863,60.4124310002288,80.8303159024472,68.2273733214857
"gene_75",116.888458212172,116.862515372786,180.894452448352,151.74778232753,97.0732871436177,96.7125873011682,156.023536929855,158.813735520298,157.126664972277,116.009662493063,155.21801575929,131.016653704662
"gene_76",23.1346463471087,23.129511721983,35.8027580101206,30.0340284387449,19.2128136701273,19.1414237021171,18.838643891303,19.1755389435861,18.9718381308814,14.0072758422314,18.7413833960099,15.8192547838595
"gene_77",32.479680720231,32.4724720090107,50.2649632773722,42.1660067673647,26.973658658111,26.8734313482655,10.2376315102889,10.4207130220375,10.3100142970735,7.61208340489616,10.1847764790528,8.5967812852651
"gene_78",27.0901108940089,27.0840983722714,41.9241630173763,35.169120322477,22.4977397579595,22.4141438334271,12.2330292611869,12.4517948504887,12.3195200425608,9.09574044905843,12.1698723539411,10.2723639651398
"gene_79",476.142124993696,476.036447505409,736.868894548908,618.140684252662,395.425535828243,393.956234306983,503.546820413452,512.551843989935,507.107030809914,374.406950612087,500.947099677752,422.840173299319
"gene_80",422.242048086311,422.14833346467,653.454115637313,548.16613532729,350.662710458468,349.359736302167,2004.51938197594,2040.36658339286,2018.6918689311,1490.43933716474,1994.17041264245,1683.24232920508
"gene_81",1098.2551514249,1098.01139889848,1699.63970185125,1425.78477129026,912.076686628109,908.68763978681,970.748565975254,988.108647240919,977.612017389957,721.789902475058,965.736767521151,815.160527734069
"gene_82",5455.45211034839,5454.24129860494,8442.75848491697,7082.4166218081,4530.63268440781,4513.79799647719,5556.40980151625,5655.776134963,5595.69510159245,4131.4101604865,5527.72306735082,4665.84871187561
"gene_83",94.6661724832848,94.6451617749088,146.503647140773,122.898205310385,78.6181688492849,78.3260435700034,35.0512510940845,35.6780792850128,35.2990727930711,26.0619896805214,34.8702878537513,29.4333644581677
"gene_84",589.179272989457,589.048507441836,911.803129337944,764.8885906871,489.300394758886,487.482277947421,574.481225448286,584.754782483481,578.542961017848,427.14948259902,571.515283268685,482.405470709371
"gene_85",6119.04592632387,6117.68783307762,9469.72420783808,7943.91220041995,5081.73271626886,5062.85027966797,3173.82065223051,3230.57869069335,3196.26041120526,2359.86101792004,3157.43479290918,2665.13225822418
"gene_86",499.293895469173,499.183079555142,772.69815354871,648.196943701586,414.652570709392,413.11182637769,479.915102109388,488.497515172104,483.308229951097,356.835834621952,477.437387641238,402.996060581367
"gene_87",163.512582232245,163.476291389477,253.049098976292,212.276490903421,135.793594075931,135.289019342448,694.973399845427,707.401741355951,699.887047242431,516.740173592981,691.385378463712,583.585599026864
"gene_88",17.2251062306341,17.221283199933,26.6572611839856,22.3621023908984,14.3050709093153,14.2519168751309,5.48243793664672,5.58048141716274,5.52120023589822,4.07640915713562,5.45413310577839,4.60373278761057
"gene_89",56.7204265853868,56.7078377554944,87.7795007884879,73.6360037479525,47.1050635883771,46.9300330571686,122.807020392357,125.003201698959,123.675298798724,91.3118704256852,122.172990060994,103.123959242639
"gene_90",9.31135630968659,9.30928969827857,14.4100857086749,12.0882565487484,7.73287609890483,7.70414268240447,9.0206554452441,9.18197354252264,9.08443388648755,6.70721363110396,8.97408344029856,7.57485770361656
"gene_91",11.8469427944489,11.8443134216362,18.3341132457987,15.3800240324456,9.83862476457738,9.80206691733715,2.31769224051188,2.3591399717312,2.33407894314997,1.72329572752509,2.30572641661554,1.94622098463031
"gene_92",65.453919029297,65.4393918421432,101.29529488627,84.9740616760671,54.3580364887077,54.1560557402003,93.0375698168404,94.7013783759163,93.6953702633838,69.1771080569646,92.5572337494745,78.1258475873187
"gene_93",351.463920920882,351.38591516916,543.919173054104,456.280041533888,291.883036511997,290.798472793373,375.350685588578,382.063153299921,378.004515101501,279.088060740779,373.412818202815,315.190847222462
"gene_94",173.238599062304,173.20014957619,268.100905766176,224.903071041579,143.870836593701,143.336248864992,211.030670535963,214.804572160398,212.522713692144,156.909639060216,209.941157529783,177.207444637683
"gene_95",76.3340280700564,76.3170860942601,118.133153795608,99.0989157777446,63.3937271396221,63.1581720444524,24.3583680106468,24.7939733393438,24.5305881727384,18.111408748972,24.2326101826992,20.4542976608483
"gene_96",5.26486632442433,5.26369781229291,8.14781138820198,6.83499295997291,4.37235539163254,4.3561088221869,4.58776839714508,4.66981233209798,4.62020514400145,3.41118701589503,4.56408258254128,3.85245761757201
"gene_97",616.494419401106,616.357591386181,954.075553230411,800.349858252078,511.985021552192,510.082614391124,862.884483433939,878.315610793108,868.985307000544,641.588696573877,858.429567638313,724.584506785127
"gene_98",396.023870668199,395.935975046793,612.879341012139,514.128982808378,328.889092226025,327.667023341371,224.985079171426,229.008530139962,226.575783720523,167.285293066945,223.823522089078,188.925291571686
"gene_99",3805.71341914564,3804.86875908688,5889.65288499294,4940.68088810955,3160.56107825856,3148.81723073341,930.36139319117,946.9992229633,936.939296516598,691.760444254039,925.558106371509,781.24646364551
"gene_100",2.20629010364964,2.20580042801636,3.41441444558603,2.86426594653418,1.83227528217496,1.82546700952805,7.86897668130852,8.00969908817388,7.92461244635478,5.85089497986955,7.82835058455283,6.60776580990185
"gene_101",86.8487004324592,86.8294247749592,134.405469546562,112.749350023348,72.1259306870746,71.8579289267462,109.835897023422,111.80011326339,110.612466126106,81.6673278534798,109.268834245066,92.2318002003004
"gene_102",4547.87659331598,4546.8672136577,7038.21111796393,5904.17734899265,3776.91122963864,3762.87718046236,1501.03082846606,1527.87404830462,1511.64351698731,1116.07571029695,1493.28127904684,1260.45108400262
"gene_103",181.236343249891,181.196118702354,280.478069241199,235.285960530002,150.512786790474,149.953519250665,176.477037859995,179.633010298332,177.724777612199,131.217648329032,175.565918980676,148.191942133207
"gene_104",2357.40004005559,2356.87682628802,3648.26943540926,3060.44098458315,1957.76875237167,1950.49417765279,12336.2517869823,12556.8633243484,12423.4723791595,9172.49047418186,12272.5619605922,10359.0423611228
"gene_105",537.589564790907,537.470249334546,831.963835028772,697.913425390248,446.45627965795,444.797360768194,120.700454794464,122.858963987758,121.553839219896,89.7455556962542,120.077300278504,101.355026292674
"gene_106",187.991227020232,187.949503258253,290.931804534466,244.055334749729,156.122568815915,155.542456741504,251.555934875571,256.054557511096,253.334502465175,187.041773807254,250.257197293339,211.237467471092
"gene_107",1031.22656415067,1030.99768830156,1595.90747902264,1338.76643237994,856.41092288357,853.228715975308,234.56242480105,238.757149263328,236.220843739552,174.406427838884,233.351421623489,196.967615188093
"gene_108",8.67268213101133,8.67075727031069,13.421685163305,11.2591123224818,7.20247127634125,7.17570871033501,12.1221334195821,12.3389158374534,12.2078401377623,9.01328501054191,12.059549047416,10.1792421044084
"gene_109",83.1408110221639,83.1223583131475,128.66720731885,107.935666929789,69.0466102911376,68.7900505084566,107.395501767227,109.316075954604,108.154816624206,79.8527975871379,106.841038306141,90.1825425916407
"gene_110",481.918756781146,481.811797196808,745.808704861828,625.64006508526,400.222901152441,398.735773832061,1001.84139781916,1019.75751811132,1008.92468385241,744.908651089166,996.669072724041,841.269913936626
"gene_111",2362.02923292126,2361.50499172626,3655.43349011167,3066.45072893323,1961.61319497246,1954.32433527487,2035.31822137089,2071.71620429141,2049.70846433952,1513.33949078061,2024.81024322597,1709.10484299572
"gene_112",686.423769031089,686.271420528396,1062.2969431338,891.134045914938,570.0598044711,567.941606069563,616.616308872466,627.643375619668,620.975950725975,458.478581421806,613.432830913395,517.78729669813
"gene_113",225.543736045573,225.493677682171,349.047384653338,292.807025486263,187.309099525074,186.613106171227,239.863578616906,244.153104621283,241.559478127548,178.348045091656,238.625206545452,201.419119412353
"gene_114",1693.27827408798,1692.9024589992,2620.48666668048,2198.26000690186,1406.2302696835,1401.00507280753,6905.75235071606,7029.2492336484,6954.57786269969,5134.69964360196,6870.0992061544,5798.92356055666
"gene_115",197.318748637323,197.274954676122,305.366907378932,256.164577541146,163.868869846172,163.259974471603,618.277881682103,629.334662651932,622.649271298782,459.714026436364,615.085825324535,519.182558680321
"gene_116",15.9111266813334,15.9075952821666,24.6237703266793,20.6562583265668,13.2138398669948,13.164740572035,13.5945948382803,13.8377095638006,13.6907122516306,10.1081182362111,13.5244084153663,11.4157027794012
"gene_117",142.66951843442,142.637853610889,220.792752449676,185.217457388837,118.483889183371,118.043632945854,80.9659718488901,82.4139017251894,81.5384228763823,60.2013981508147,80.5479592483363,67.9890412967404
"gene_118",95.0948319918504,95.0737261445278,147.167032801554,123.454702767819,78.9741611191659,78.6807130624299,165.836952444323,168.802646211165,167.009463953233,123.306324548925,164.980766392625,139.257210786103
"gene_119",276.701290250452,276.639877710321,428.217885300123,359.221156689872,229.794320263303,228.940462548646,1412.39060895447,1437.64865888595,1422.37658746932,1050.16820588322,1405.09869288202,1186.01779545799
"gene_120",87.8460601685454,87.8265631517783,135.948965338301,114.04414961647,72.9542159560174,72.6831364966144,95.3243570515235,97.0290606617206,95.9983256940666,70.8774246919369,94.8322147171908,80.0461169076932
"gene_121",570.377233011852,570.250640487904,882.705434161854,740.479269925454,473.68571514425,471.925618542491,622.439548993033,633.570753851036,626.84036270818,462.808390464059,619.226006703344,522.677209139087
"gene_122",4776.97431249501,4775.91408568361,7392.75858228955,6201.59825224906,3967.17183379038,3952.43082421376,2644.99759422606,2692.29858934741,2663.69843305938,1966.66018627099,2631.34195226224,2221.06703047102
"gene_123",8.83526046271724,8.83329951852631,13.673288433155,11.4701759438883,7.33748899595537,7.31022473816939,3.54184544655773,3.60518494242491,3.5668872390392,2.63350198914206,3.52355954209605,2.9741713813071
"gene_124",574.31163395467,574.184168209077,888.79424151845,745.587016464264,476.953148373347,475.180910814114,140.704609523933,143.220856821538,141.699428661597,104.619434883265,139.978177192005,118.152988090089
"gene_125",33.6172711168777,33.6098099228597,52.0254774894629,43.6428576261114,27.9184023985499,27.8146646593333,10.8705183827174,11.0649179307963,10.9473758485818,8.08265979299413,10.8143958715591,9.12823135895797
"gene_126",43.1563045194209,43.1467261821431,66.7879121269993,56.0266907823043,35.8403593027707,35.7071855704882,47.616922034971,48.4684645096359,47.9535863807755,35.4050623574759,47.3710845188432,39.9850555082751
"gene_127",4.80130960388119,4.80024397596718,7.43041943672979,6.23319099080194,3.98738175669112,3.97256565214016,0.532742614092976,0.54226975160159,0.53650924654192,0.396115176419718,0.529992160779595,0.447356571692868
"gene_128",81.9701918839133,81.9519989882673,126.855578426842,106.415937258471,68.0744369090835,67.8214894774011,51.5921179072224,52.5147495658511,51.9568879486616,38.3607775050631,51.3257571771279,43.323121490186
"gene_129",300.951170027944,300.884375341912,465.74655828788,390.703011564405,249.933310706361,249.004621584488,87.0808733772343,88.6381572007701,87.69655839035,64.7480689701056,86.6312906512114,73.1238687192039
"gene_130",6.58558450437214,6.58412286509934,10.1917308277636,8.54958529827669,5.46918271811805,5.44886061506786,11.2485135182443,11.4496728252358,11.3280435105884,8.36371410671737,11.1904394868857,9.44564281333127
"gene_131",5461.7415135873,5460.52930594061,8452.49185100402,7090.58169651493,4535.85589511579,4519.00179905204,6092.14772039357,6201.09475695418,6135.22083052287,4529.75246432516,6060.69506870042,5115.72051183078
"gene_132",29.2490911790923,29.2425994819115,45.2653616480233,37.9719673730864,24.2907252790012,24.2004670726611,32.5350976426432,33.1169289827649,32.7651294652692,24.1911302036356,32.3671248453765,27.3204909013819
"gene_133",5.23574901659136,5.23458696690844,8.10274997206409,6.79719207733161,4.34817410951666,4.33201739161418,2.54086893488499,2.5863077773835,2.55883355630907,1.88923641506496,2.52775089026842,2.13362773272101
"gene_134",114.114548566026,114.089221382741,176.601600320301,148.14661722006,94.7696163474644,94.4174763644539,70.9626957709637,72.2317351582915,71.4644209671179,52.7635672667033,70.5963282671327,59.5890538102176
"gene_135",5609.41061577933,5608.16563367519,8681.02186836536,7282.28974980504,4658.49182836856,4641.18204811914,5080.0958318967,5170.94415201808,5116.01346509889,3777.25191011216,5053.86822020672,4265.87660740785
"gene_136",4185.73906377246,4184.81005882275,6477.7736622926,5434.0405378282,3476.16399651962,3463.24744818003,2601.89775803907,2648.42799059123,2620.29386952895,1934.61375566221,2588.46463269793,2184.87507877223
"gene_137",1758.58288704656,1758.1925779084,2721.55089820667,2283.04023536749,1460.46431077269,1455.03759388384,1098.22153478183,1117.86123939717,1105.98625410334,816.571089847373,1092.55161655254,922.202594203471
"gene_138",712.880479713763,712.722259269508,1103.24086750176,925.480868819296,592.03151932008,589.831679569851,466.180487581511,474.517281919963,469.476508033299,346.623606215877,463.77368243249,391.462779957336
"gene_139",382.59167637539,382.506761965855,592.091921373434,496.690942073626,317.733951047006,316.553331852418,442.193430447519,450.101259680313,445.319856004201,328.788281770135,439.910466115859,371.320280820612
"gene_140",81.4864800122676,81.4683944741793,126.106994730022,105.787969322796,67.6727248655744,67.4212700944896,62.9808199425472,64.1071179260857,63.4261111465569,46.8287273115469,62.6556614132538,52.8864839165777
"gene_141",6.22328637011598,6.22190514119721,9.6310448231594,8.0792399856969,5.16830210632654,5.14909799971453,24.4304170149,24.8673108096455,24.6031465826787,18.1649800295035,24.3042872110353,20.5147989135808
"gene_142",11.0408680039806,11.0384175356479,17.0866465576036,14.3335557693289,9.16919742511912,9.135127000969,8.68721368330863,8.84256877812963,8.74863460231316,6.45928651046307,8.64236317759119,7.29485877067472
"gene_143",10.1818533594871,10.179593545384,15.7572511139687,13.2183595448039,8.45580470422164,8.42438506742615,3.93314814759817,4.00348538410349,3.96095655459875,2.92445100346118,3.91284201839355,3.30275751314798
"gene_144",5.10857556238446,5.10744173824704,7.905938646835,6.63209203287898,4.24255935998455,4.22679507984366,20.1191876173922,20.4789828767199,20.261435642839,14.9594106828741,20.0153159075253,16.8945576337758
"gene_145",17.5173729633882,17.5134850654708,27.1095678650649,22.7415310292935,14.5477919863584,14.4937360618928,9.22054526924658,9.38543803427173,9.28573698488817,6.85583961071336,9.17294126946114,7.74270991595419
"gene_146",674.565786817079,674.416070137345,1043.94574548302,875.739690207131,560.212011711997,558.130405223654,2834.59262078692,2885.28417983391,2854.63394705321,2107.63157734756,2819.95813415175,2380.27445793895
"gene_147",28.5777281971662,28.5713855058178,44.2263725051503,37.1003856514834,23.733173126129,23.6449866429129,23.3280645714658,23.7452447877708,23.4930002132964,17.345337445906,23.2076260129611,19.5891274976915
"gene_148",6.75147714501287,6.74997868665462,10.4484632618543,8.76495164587616,5.60695289822171,5.58611887594308,1.42331336595736,1.44876674963009,1.43337657127905,1.05828970715368,1.41596505767524,1.19518989282167
"gene_149",18.6616549180879,18.6575130522132,28.8804378107203,24.2270690510877,15.4980929182109,15.440505915253,18.3113142751361,18.6387789915822,18.4407801536054,13.6151854435781,18.2167762868317,15.3764436345352
"gene_150",5.8514767833529,5.85017807580998,9.0556390676102,7.59654664623135,4.85952244295646,4.84146568366529,12.8754768546703,13.1057314564958,12.9665099119732,9.57342561090042,12.8090031072368,10.8118424024006
"gene_151",748.913631375023,748.747413543512,1159.00511779173,972.260088414635,621.956257240345,619.645224714319,764.35394438347,778.02303136986,769.7581307452,568.327348924494,760.407723857251,641.846083031072
"gene_152",5.10906051801389,5.10792658624287,7.90668915534875,6.63272161549491,4.24296210494148,4.22719632830194,5.60243908835227,5.70262857229143,5.64204982776975,4.16563475336344,5.57351471334276,4.70450059256192
"gene_153",131.449229022384,131.420054488917,203.428436583536,170.650971857314,109.165686235121,108.760054088682,61.4588417259576,62.557921883531,61.893372137822,45.6970763907775,61.1415408936419,51.6084428153904
"gene_154",434.39975975659,434.303346788458,672.269169144377,563.949607984561,360.75942192194,359.418930933343,894.095861235466,910.085147601033,900.417357572173,664.795588789931,889.479806767584,750.793438831748
"gene_155",1492.96374757019,1492.63239134131,2310.48354792848,1938.20622886428,1239.87347236479,1235.26641537415,1898.74994638609,1932.7056528664,1912.17461520607,1411.79558400859,1888.94704542948,1594.42523283683
"gene_156",5417.78895113921,5416.58649855547,8384.47166458564,7033.52128198707,4499.35426116083,4482.63579595912,6516.26771027426,6632.79936529199,6562.33946191237,4845.10242914963,6482.62540413902,5471.86409719511
"gene_157",5.90130544368491,5.89999567690695,9.13275299626373,7.66123557118927,4.9009040466355,4.88269352374606,3.999117531928,4.07063451148229,4.02739236008033,2.97350184644021,3.9784708147792,3.35815356525604
"gene_158",1224.30459427858,1224.03286567564,1894.71152754894,1589.42559356843,1016.75796951592,1012.97995343956,4050.94030907176,4123.38404520769,4079.58153808789,3012.03412819847,4030.02604034114,3401.67037676193
"gene_159",46.0494242023429,46.0392037508614,71.2652515402693,59.7826176086692,38.2430314058739,38.1009299502749,63.7449200422591,64.8848825732314,64.1956136378809,47.3968659169314,63.4158166029933,53.5281168402349
"gene_160",102.063611339971,102.040958805096,157.951789001549,132.501762056492,84.7615787055342,84.4466260652715,56.8462887674919,57.8628817630877,57.2482071990374,42.2674610745734,56.5528017079666,47.7351730155563
"gene_161",3130.96262398895,3130.26772167165,4845.42082396771,4064.70101503342,2600.19542119997,2590.5337510705,2302.87965048553,2344.06248533969,2319.16162415925,1712.28198175686,2290.99030129994,1933.78250248755
"gene_162",40.9709091856881,40.9618158865484,63.4058340473894,53.1895509955776,34.02543666628,33.8990067285913,51.2447174641849,52.1611364946066,51.6070312917848,38.1024715536678,50.9801502994527,43.0314011226189
"gene_163",593.596783445723,593.46503745259,918.639588192766,770.623523163754,492.969039786291,491.13729121554,2841.40851482159,2892.22196379816,2861.4980312776,2112.69946378387,2826.73883896402,2385.9979253465
"gene_164",129.965843683712,129.936998380592,201.132776407047,168.725200579949,107.933767420142,107.532712773194,115.057202938972,117.114792785849,115.870688067832,85.5495750384561,114.463183506923,96.6162542543785
"gene_165",59.5214486943321,59.5082381908563,92.114311670959,77.2723669935974,49.431250687053,49.2475766315065,18.2598309940561,18.5863750251932,18.3889328719893,13.5769055905531,18.165558804577,15.3332119059026
"gene_166",2342.89849807264,2342.37850285359,3625.82711273014,3041.61468753123,1945.72554151521,1938.49571632925,10213.3010620012,10395.9474677149,10285.5118260237,7593.99275556406,10160.5716444487,8576.35043245594
"gene_167",105.349153358141,105.325771612784,163.036434085105,136.767142254221,87.4901489051111,87.1650575864328,29.1333033527046,29.6542997584341,29.3392835819004,21.6617617813313,28.9828934012263,24.4639237883075
"gene_168",106.335424022176,106.311823378719,164.562768630579,138.047545711766,88.3092249442303,87.9810901456518,435.727239491571,443.51943260147,438.807947352631,323.980413385812,433.477658928862,365.890467358271
"gene_169",728.424625246797,728.262954853102,1127.29670447645,945.660702216813,604.940589435381,602.692782837693,836.658572773253,851.620697183261,842.57397215286,622.08869609839,832.339056588931,702.561989396195
"gene_170",1031.20559188551,1030.9767206911,1595.87502272644,1338.7392056137,856.393505879798,853.211363688727,4443.03933481927,4522.49505241955,4474.4528085827,3303.57524139139,4420.10073006594,3730.92520129134
"gene_171",25.650834000236,25.6451409191845,39.6967642681514,33.300611830485,21.3024520338731,21.2232974969402,21.619796709475,22.0064276466493,21.7726544416542,16.0751728155119,21.5081776275372,18.1546545757639
"gene_172",1517.44256295739,1517.10577377144,2348.36651750289,1969.98529418714,1260.20258878366,1255.51999392565,421.197793300765,428.730153560575,424.175774099939,313.177196243232,419.023225628634,353.68974779019
"gene_173",41.0545701882511,41.0454583209483,63.5353062936779,53.298161989344,34.0949152841755,33.9682271814729,185.207784908982,188.5198909576,186.517253372704,137.709303616405,184.25159076909,155.523356900547
"gene_174",46.148687581802,46.1384450992839,71.4188697413312,59.9114840333758,38.3254674537479,38.1830596865944,14.3407142925608,14.5971720142124,14.4421069695618,10.6628875214985,14.2666757904797,12.0422369298719
"gene_175",6.35923440085467,6.35782299891471,9.8414355234736,8.2557314245603,5.28120394818804,5.26158032681796,9.90480229387125,10.0819317574303,9.97483188927727,7.36461173604278,9.85366559940212,8.31729672128048
"gene_176",150.255647638576,150.222299109618,232.532908061082,195.065977086917,124.784002212554,124.320336344603,27.1297069770466,27.6148726876567,27.3215212451882,20.1720087358218,26.9896412295878,22.7814565293354
"gene_177",280.670038131556,280.60774474664,434.35984735385,364.373493360114,233.090277867293,232.224173205782,394.417235941399,401.470674399629,397.205871053402,293.264794039244,392.380931420694,331.201480451735
"gene_178",46.4082264411046,46.3979263551666,71.8205273605752,60.2484244544351,38.5410087535422,38.3978000893019,43.5547941524157,44.3336928214399,43.862738170074,32.3847098264936,43.3299286644275,36.5739906614881
"gene_179",1841.72745695614,1841.31869427469,2850.22392271133,2390.98078218737,1529.51404273694,1523.83075446606,2584.42414848026,2630.64189714877,2602.69671688757,1921.62143676378,2571.08123621019,2170.20207559858
"gene_180",500.337303670661,500.226256177123,774.312913108166,649.551524667575,415.519098213477,413.975134084204,270.001177538748,274.829659957559,271.910157916265,200.756540297389,268.60721052028,226.72637394029
"gene_181",189.756228902857,189.714113407074,293.663289353508,246.346708300111,157.588363960976,157.002805361641,198.195613963012,201.739983829209,199.596909844068,147.366267525337,197.172366021696,166.429544101727
"gene_182",5387.98659721946,5386.79075912695,8338.35008358062,6994.8310538445,4474.6040633752,4457.97756366375,21388.6778860446,21771.175681335,21539.901546466,15903.3268413112,21278.2520285963,17960.5786340833
"gene_183",3.07886465356937,3.07818131414972,4.76479495228742,3.99706600986817,2.55692920553169,2.54742830174314,8.77311953950808,8.93001090509691,8.83514783584072,6.5231609077494,8.7278255174648,7.36699594968218
"gene_184",255.465378837798,255.408679507571,395.353574948275,331.652117694381,212.158364088955,211.37003713771,371.709443635219,378.356794324055,374.337528595832,276.38065352276,369.790375320021,312.133210243801
"gene_185",791.12732523225,790.951738271431,1224.33426279819,1027.06305634377,657.013799172818,654.572501666345,3885.35679384266,3954.83936847768,3912.82730321862,2888.9162442296,3865.29740271345,3262.6259831989
"gene_186",21.701973585727,21.6971569355315,33.5855796960959,28.1740936114234,18.0230105323701,17.9560415726204,3.49148065430683,3.55391946701357,3.51616635426677,2.5960537767407,3.4734547741159,2.93187887419511
"gene_187",117.695537120501,117.669415153776,182.143473091089,152.795554163821,97.743548380818,97.3803580167247,117.806781075507,119.913542151237,118.639706455543,87.5939949887685,117.198566071157,98.9251400394138
"gene_188",149.49079626151,149.457617487691,231.34923797787,194.073026182653,124.148810008947,123.687504354959,169.186255072956,172.211845055826,170.382447045243,125.796663347677,168.312777180379,142.069699409824
"gene_189",56.1620253678263,56.149560472438,86.9153292180686,72.9110720677006,46.6413236899929,46.4680162992405,87.5957808201688,89.1622728314548,88.2151063663139,65.1309229922962,87.1435397205804,73.5562486758975
"gene_190",152.997831143962,152.96387400037,236.776661390598,198.625954453734,127.061325148371,126.589197322982,194.138200222052,197.610010586499,195.510809105201,144.349420144835,193.135899970619,163.02243783112
"gene_191",127.179705995081,127.151479062019,196.821000382799,165.108160694442,105.619941504334,105.227484450688,397.192511749407,404.295580992837,400.000768801981,295.328321223331,395.141878983993,333.531945179222
"gene_192",31.5751335360022,31.568125584743,48.8651025031993,40.9916989587342,26.2224521669602,26.1250161508988,165.904818784368,168.871726217879,167.077810126413,123.356785853407,165.048282351088,139.314199756787
"gene_193",712.625075873205,712.466912114622,1102.84560916233,925.149296592273,591.819412062176,589.620360449,403.241462786243,410.452706571725,406.092487536866,299.825955247202,401.159600385764,338.611392414327
"gene_194",49.2405106851402,49.2295819871359,76.2037189548464,63.9253730559255,40.8931583660775,40.7412097073483,54.2761680145613,55.246799051832,54.659915006523,40.3564747773717,53.9959500214739,45.5769818394567
"gene_195",44.2314692129506,44.2216522479641,68.4518174560852,57.4224988918085,36.7332598732637,36.5967683477491,15.4472919613514,15.7235388219524,15.5565084377713,11.485671727041,15.3675403998395,12.9714563674137
"gene_196",327.668364969831,327.59564052899,507.093603358796,425.388002233753,272.121351988915,271.110217703905,374.150103198247,380.841100666322,376.795444273283,278.195380311671,372.21843420121,314.182689797158
"gene_197",4566.52211298039,4565.50859503738,7067.06658514946,5928.38347081764,3792.39592258446,3778.30433619614,19888.3651537965,20244.0325710996,20028.9812028285,14787.7850639164,19785.685138367,16700.7305524568
"gene_198",6.30344194693591,6.30204292786671,9.75509213630988,8.18330014022071,5.23486954543742,5.21541809101732,11.4655175800005,11.670557611908,11.5465818489708,8.52506519809329,11.4063231961023,9.62786625583919
"gene_199",237.173674474774,237.121034901649,367.04566588945,307.905328537138,196.96750694928,196.235625390358,259.974978857635,264.624160858202,261.813071334893,193.301665552387,258.632775281125,218.307137801783
