"gene","Intercept","x"
"gene_0",10.7471458164342,0.152380199360389
"gene_1",5.68025966135818,-0.35479720605162
"gene_2",3.38691541358315,0.42642176186617
"gene_3",5.52951473285219,-0.153840313323515
"gene_4",5.74493251852275,0.0684416479531251
"gene_5",11.5385661732148,0.654753431702714
"gene_6",8.74898599658011,-0.0944647824458037
"gene_7",3.98825405730945,0.0044682146142088
"gene_8",7.74915423142157,0.0620291937802514
"gene_9",1.97656732077899,-0.599859537540092
"gene_10",8.34996299411632,-0.255647834169012
"gene_11",10.6034864324441,-0.0774427026240412
"gene_12",9.13910181732752,0.0767160066932134
"gene_13",8.19793147733166,0.0566637669481423
"gene_14",9.69520793051376,-1.59268834006221
"gene_15",6.26571034005944,0.1503292825858
"gene_16",1.98490198197602,-1.27214810823684
"gene_17",4.7621386486084,0.118481711037875
"gene_18",9.21853353274243,0.370046114529665
"gene_19",4.43223187380581,0.14849325417165
"gene_20",8.66103036312606,0.249664596776755
"gene_21",7.56453973245855,-0.444217130342742
"gene_22",6.93252333194024,0.0291695894074201
"gene_23",12.3031182504095,-0.0795738796293306
"gene_24",9.09559315486997,-0.109137154947512
"gene_25",10.8356035593003,0.0323745597334955
"gene_26",9.86026542388359,0.00718448358502994
"gene_27",5.70627669345556,0.108470382185965
"gene_28",8.43706941850458,-0.76900573878296
"gene_29",5.16154843368538,0.177151820991467
"gene_30",3.65145284679116,0.0771945618200779
"gene_31",4.39371659313238,-0.138994663534104
"gene_32",11.048921255496,-0.112362372839706
"gene_33",2.9685867851746,-1.50937077002946
"gene_34",9.78164996009952,0.0765325887311811
"gene_35",5.09761450133057,-0.217240460039754
"gene_36",7.93596447899978,-0.201095577119297
"gene_37",7.6166556454153,0.0387963154608949
"gene_38",10.5513226618012,0.0770024945975266
"gene_39",4.71487375208597,0.282378584199624
"gene_40",3.33962323542519,0.213469911033851
"gene_41",7.948785134356,-0.0191815777120937
"gene_42",2.13646795644074,0.486966400480301
"gene_43",6.98082824792976,-0.134002082497771
"gene_44",8.79227158909467,0.124502341384761
"gene_45",7.80353571482735,0.105942239392884
"gene_46",3.20064610646381,-0.244352712042289
"gene_47",8.79363302405406,0.0897239426646104
"gene_48",12.1817390526552,0.103577909205774
"gene_49",5.99744570071482,0.000486830312935759
"gene_50",4.12911699496116,-0.140511784935046
"gene_51",9.96031796166458,0.0859394775428425
"gene_52",10.5715169201792,-0.275910973917306
"gene_53",6.73367904792278,-0.0125190935282584
"gene_54",10.1551290294759,0.266070933373078
"gene_55",7.69078275781335,-0.0613033918623411
"gene_56",9.75641660837555,0.137513422433404
"gene_57",5.89941771498301,-0.0654980440192814
"gene_58",2.10060674102403,0.778131645996352
"gene_59",3.25238002723269,-0.193062955262694
"gene_60",8.1026791395875,-0.616830872636793
"gene_61",3.60476262279952,-0.1071777351971
"gene_62",6.86129299874013,-0.172159334066379
"gene_63",5.92311153255985,0.42433985157942
"gene_64",6.48063498371336,0.162587956757202
"gene_65",8.98935167316867,1.47867105515909
"gene_66",4.5199049638371,0.170710356149952
"gene_67",1.93935811209798,0.355374146331011
"gene_68",4.6839921755735,0.258819506958303
"gene_69",8.33237648512689,-0.150061455081395
"gene_70",12.2561391630492,0.0912519972174178
"gene_71",7.29242499154114,0.19806736038969
"gene_72",5.68007248546338,-0.183434805728099
"gene_73",5.94145290613759,-0.0210273519583745
"gene_74",9.16432066339129,0.117221902792793
"gene_75",3.54285601970729,0.236739663514293
"gene_76",5.99128626709205,-0.127101242897233
"gene_77",9.73124601671656,0.3530298461508
"gene_78",10.8700631295116,-0.183349765692448
"gene_79",8.41156563923758,0.0883582544610484
"gene_80",8.08365533156726,0.16257846081403
"gene_81",10.697122679983,0.0421906097004283
"gene_82",11.0488861278611,0.157683076827509
"gene_83",12.2705839135921,0.236798638096234
"gene_84",5.86999766462426,-0.139383764141586
"gene_85",10.1702619943866,0.0628921721552917
"gene_86",6.69478267708722,-0.0749624827337763
"gene_87",7.51324616529183,-0.00826881198018642
"gene_88",4.89313898145801,0.0252214751936184
"gene_89",3.70367894993332,-0.0856875375522511
"gene_90",8.97555873726682,0.110215234554825
"gene_91",2.14332475938918,0.362982378877527
"gene_92",8.22286667018856,0.338666387389455
"gene_93",9.30348264412918,-0.0206563475203613
"gene_94",4.31382191368172,0.27636729570696
"gene_95",5.46576190578039,-0.024615253925328
"gene_96",7.54531082519372,0.0944008626859616
"gene_97",5.40545408319329,0.281949272152697
"gene_98",8.09133122388405,-0.0458299955076931
"gene_99",2.68341390581014,0.130788890966367
"gene_100",7.08691026795268,-0.414516700392705
"gene_101",7.66143419578704,-0.0812965568406699
"gene_102",8.36150389101062,-0.104900967404694
"gene_103",7.21581819921334,0.186492521541974
"gene_104",2.8702970594532,0.378096440439523
"gene_105",2.67785842174167,-0.067830599163073
"gene_106",5.54385115503051,-0.0538504564915855
"gene_107",8.53667987704472,0.207016922029147
"gene_108",7.26390775735717,-0.102167308184594
"gene_109",5.827351892475,0.231709201669525
"gene_110",8.58725312757758,-0.735173892570488
"gene_111",7.74928102636818,-0.0392279558441811
"gene_112",7.64937513099834,0.0201701315286651
"gene_113",12.1774490342693,0.020997475968028
"gene_114",7.15070501122251,0.11851460172985
"gene_115",10.7098195943323,-0.168975928827935
"gene_116",11.7320681503221,0.186720719249979
"gene_117",4.58640425389488,-0.185691253737786
"gene_118",7.46005349947929,-0.210892536190548
"gene_119",6.05473042529911,0.19038643825954
"gene_120",8.98556654968441,-0.165591505668297
"gene_121",9.78207712435332,0.0117216605200783
"gene_122",4.63576150603865,0.133388270159822
"gene_123",3.85705149912684,0.308228037024197
"gene_124",6.03494382625711,-0.093587908642753
"gene_125",3.77552259987946,-0.445529999927703
"gene_126",7.01160487996235,0.247594886151265
"gene_127",3.88645713083374,-0.466653807455479
"gene_128",10.7654437508672,-0.143139864120263
"gene_129",8.49592564111831,-0.00913879758377167
"gene_130",8.60145634448626,-1.46895718741501
"gene_131",6.83387329027209,0.0691581304118707
"gene_132",7.13653275273046,0.0400264099243559
"gene_133",5.2467391483236,-0.0740508343384344
"gene_134",5.15156838080485,0.185523356533676
"gene_135",8.84442020200136,0.162004329678022
"gene_136",10.9150686769791,-0.0484871010336405
"gene_137",6.61409275538807,0.397064423358231
"gene_138",3.91681804541228,-0.254490891086956
"gene_139",8.98717601305199,0.158282734620738
"gene_140",5.45939233133097,-0.157748679839102
"gene_141",6.91460434167446,0.034409042635635
"gene_142",7.76719886609331,-0.000972707309192694
"gene_143",4.28694413980974,-0.211814767445575
"gene_144",3.53787766007796,-0.126818474113306
"gene_145",6.17144170608087,0.264359600916126
"gene_146",6.54857832168359,-0.0690604241690513
"gene_147",8.96298367844147,0.0873699007402499
"gene_148",4.74416297409479,-0.246591067324757
"gene_149",10.8203276116293,0.103578662102911
"gene_150",12.2269939501316,-0.149386273364728
"gene_151",3.72157531967356,0.183898935417594
"gene_152",10.561241628179,-0.756436697052089
"gene_153",4.32404772343871,-0.23097294323715
"gene_154",7.6831117231932,-0.0140598157661169
"gene_155",12.2096876796779,0.698867881923412
"gene_156",7.15244476497069,-0.0575610418318628
"gene_157",7.65390467056035,0.187463710817835
"gene_158",7.48976078011153,0.0744867650142235
"gene_159",8.23569574368275,-0.210485691693044
"gene_160",7.04684717392705,0.122192381776118
"gene_161",9.27212153273967,0.193269077313688
"gene_162",3.80474550633815,-0.104175608471815
"gene_163",7.19299992594839,-0.199416925913868
"gene_164",5.73029254125433,0.153010708001137
"gene_165",8.67784144531867,-0.162775946338308
"gene_166",8.7736101218455,0.303449641848698
"gene_167",2.20894482764082,-0.235407649302168
"gene_168",12.1955097614188,0.0690999754986852
"gene_169",5.50200244551465,-0.147464598591274
"gene_170",3.51279419892472,1.57643868034599
"gene_171",2.09638706332319,-0.148722590572157
"gene_172",6.97790161413992,-0.163023369370434
"gene_173",2.70768024297824,-0.156874194232957
"gene_174",5.66097272501131,0.0859079717086486
"gene_175",4.62854210842272,0.209907340616747
"gene_176",8.81225970649184,0.00746700254502534
"gene_177",7.23266156819081,-0.0863314951584004
"gene_178",6.26816526502437,0.156468985701166
"gene_179",10.7274912320718,-0.0677175807571442
"gene_180",4.25636902932529,-0.100205346381272
"gene_181",7.12503185347912,0.0678925353547532
"gene_182",8.56171234096182,0.0578341603430853
"gene_183",5.08355396984605,-0.217699389147773
"gene_184",12.2701757374139,-0.0234085034045846
"gene_185",9.65223153696183,-0.0584893731591808
"gene_186",5.66217131431857,0.0528725991997821
"gene_187",5.600870895205,0.08476652413033
"gene_188",6.51053215919297,-0.12240893543383
"gene_189",7.72190435639141,0.30006493326098
"gene_190",6.1573704953787,-0.0164167671382317
"gene_191",2.75547103612568,0.245285211721634
"gene_192",5.55970600193599,-0.0558814690923141
"gene_193",5.56037641508734,-0.0686523748171738
"gene_194",4.7953866032363,-0.234689035876272
"gene_195",5.55441158285423,-0.127416940233567
"gene_196",6.26310207925997,0.197571627913265
"gene_197",10.1465935657674,0.103151864653974
"gene_198",6.31547578191146,0.11893743914114
"gene_199",9.65429449254493,-0.0223518990308671
"gene_200",6.84384898631316,-0.210796665453667
"gene_201",8.22746934672065,0.230666720993596
"gene_202",9.93097172305787,-0.0363040759753767
"gene_203",5.64986337260073,-0.222480705032122
"gene_204",7.48683762431792,-0.0382156955554384
"gene_205",6.4028196581322,-1.48220684206163
"gene_206",5.50023058626763,-0.0922073340224903
"gene_207",4.65313325003132,0.145066827928113
"gene_208",6.68380887980697,0.279079622561963
"gene_209",12.2339047506218,0.20861839833957
"gene_210",9.12170356535748,0.114365703443286
"gene_211",7.20445792227531,-0.109893366425128
"gene_212",4.93988015001734,0.0455948921319371
"gene_213",4.35539230113621,0.125862347049397
"gene_214",8.53347831446592,-0.247002342003768
"gene_215",2.60034605797838,0.612891890017652
"gene_216",10.6832320478605,-0.0182613310567833
"gene_217",2.78248625281757,-0.194307395015287
"gene_218",4.84345887895426,-0.0704651943062667
"gene_219",2.54014859335881,-0.0515253036091789
"gene_220",5.01051822209611,0.149715459583279
"gene_221",2.66030994757078,-1.41180737043469
"gene_222",7.04542018751916,-0.222247075133673
"gene_223",5.57375511473088,-0.203421374151181
"gene_224",3.59226318061601,0.094247703572338
"gene_225",8.76787182626442,0.281437465679594
"gene_226",7.77702199419735,-0.08805490898637
"gene_227",10.2622597860734,-0.0492312164720521
"gene_228",4.32833465110544,0.0985205977051089
"gene_229",7.71248253103061,-1.61687749646392
"gene_230",10.1137330756622,0.083288721862496
"gene_231",4.57579050606431,-0.0181738858270158
"gene_232",9.28281729044066,-0.110333770136245
"gene_233",4.74208222182635,-0.187509170838035
"gene_234",4.0693240657792,0.0370274897380274
"gene_235",9.37256941050502,0.198822944545041
"gene_236",5.18676472943022,-0.0990870943624338
"gene_237",4.17550672653942,0.164889467149139
"gene_238",4.12108782699981,-0.0432111743366178
"gene_239",1.9889484699944,0.206476201857079
"gene_240",11.1701956199825,-0.337556843244018
"gene_241",7.88896109683379,0.00743289359936881
"gene_242",4.65944494123294,0.0315227074066427
"gene_243",7.63431582179721,0.0601678875611943
"gene_244",2.38533475299921,0.166509838872028
"gene_245",6.01234345109626,-0.360331968894649
"gene_246",2.04122385536025,0.172104850592261
"gene_247",10.916698277079,-0.139531539218855
"gene_248",12.1512103905033,-0.0602247672373927
"gene_249",8.02567084169367,0.208642596965622
"gene_250",4.63852848738102,-0.117434952247471
"gene_251",6.97754921327904,0.181351793629502
"gene_252",11.0447843017231,0.00948141346897802
"gene_253",6.7151217801254,-0.0276090583916243
"gene_254",5.99781784722964,-0.687764808488857
"gene_255",5.41808299688506,-0.0837368037606907
"gene_256",8.54075254602399,-0.178278391480853
"gene_257",4.20061944870777,-0.161276797264476
"gene_258",7.56196624584952,0.0590671644343627
"gene_259",9.2434464241559,-0.175297560958035
"gene_260",5.04709970207543,0.369174763436204
"gene_261",8.07385747024594,-0.025921652908849
"gene_262",6.46829304572712,-0.196648470564854
"gene_263",12.2479495359922,-0.211455170163092
"gene_264",2.83359289511439,-0.374316532342116
"gene_265",11.5249321642652,-0.171076653299602
"gene_266",7.42844725520279,0.0217343470538038
"gene_267",9.35760201854758,0.0963175565098508
"gene_268",5.86258670825063,0.182883151650078
"gene_269",12.2636233088338,0.0954111914149906
"gene_270",7.85778292926078,-0.0681981462057989
"gene_271",2.81686128768801,-0.244224952231496
"gene_272",4.99371457330044,0.268142584444198
"gene_273",10.5907420247851,0.36008620852483
"gene_274",4.99561913228469,0.0016503057866137
"gene_275",4.23304533106738,0.222195996568659
"gene_276",5.87823792240838,-0.0737483899556596
"gene_277",4.99711599487442,0.668841179797601
"gene_278",5.31443998975967,-0.0978227611179722
"gene_279",5.40326775950606,-0.00488238259657314
"gene_280",7.07684432839878,-0.265233740109196
"gene_281",8.28949077557684,0.176322670299468
"gene_282",7.69417667868532,-0.715411171455561
"gene_283",8.22305492605307,0.115553667427682
"gene_284",8.28296329456335,0.221222117830958
"gene_285",5.39703416508992,-0.0531023226809642
"gene_286",7.41030592244606,0.298631716567674
"gene_287",9.79106833503934,-0.329548476570351
"gene_288",10.4745776002927,-0.0467965686417213
"gene_289",5.1263222757318,0.0903873723572195
"gene_290",12.231298287711,0.0234988282788106
"gene_291",12.0455461196061,0.0779168515795536
"gene_292",2.80101192590108,0.140741282251595
"gene_293",8.56351848989107,-0.00902976277262103
"gene_294",2.53773484207353,0.267167938379843
"gene_295",4.73238924937667,0.25002745818666
"gene_296",2.461949232017,0.449814268295408
"gene_297",10.3751861486332,0.121825924942309
"gene_298",11.204284157246,0.235220237130613
"gene_299",6.45521937157002,0.00737198559263036
"gene_300",3.53805075662435,-0.165316354370144
"gene_301",2.88068071395267,-0.0767592286317266
"gene_302",4.41977872029844,0.0692416889958105
"gene_303",6.98749887315862,0.0812271959284714
"gene_304",11.1828637450935,0.30023088219785
"gene_305",3.14578037412861,0.202935401075874
"gene_306",4.70678484928699,-0.107289144372107
"gene_307",11.2051712076919,-0.0772318666326998
"gene_308",7.59519198340855,-0.121586450526044
"gene_309",6.51055955880118,0.031965362846702
"gene_310",9.63423270555429,0.0822396101464252
"gene_311",11.2693050532308,0.0353295408474642
"gene_312",6.47748364711501,1.5821850983421
"gene_313",9.0957358740299,-0.0369163368653429
"gene_314",7.52185382597945,0.0822496478786558
"gene_315",6.30420165156822,-0.0214966862043736
"gene_316",9.87305580529303,-0.0123265041926149
"gene_317",5.68003359391603,-0.163634212814172
"gene_318",8.80293008151729,-0.208624472015369
"gene_319",2.40398069369649,0.497623236204632
"gene_320",8.58177916439594,-0.00193460578234777
"gene_321",6.92116402501573,0.0261205626171034
"gene_322",3.96606911566398,0.691541517676878
"gene_323",11.903801647009,-0.0953760223657618
"gene_324",9.21667429679544,0.120555793824343
"gene_325",11.4340283987137,0.262103904074912
"gene_326",7.01480683310256,-0.15979548251108
"gene_327",10.9036833321901,0.123858483795285
"gene_328",6.66642728568689,-0.056607739305796
"gene_329",8.33140459441297,0.0700930054968597
"gene_330",3.82412413403005,-0.287590404715829
"gene_331",3.11607962337843,-0.244392738099201
"gene_332",11.0366529009162,0.0891079204756973
"gene_333",2.5442852485153,0.155929173896105
"gene_334",4.31404012355579,0.24191947642
"gene_335",2.78505745823903,-0.249954192272944
"gene_336",4.18150044558938,0.317451423264463
"gene_337",8.51175856141625,-0.203269693799905
"gene_338",10.2602598185012,-0.151533186858125
"gene_339",3.28473720230739,-0.0902700992097172
"gene_340",7.13892683129762,0.173560443225645
"gene_341",9.21663647961973,-0.198838616772018
"gene_342",8.27395127667855,-0.27943446952785
"gene_343",6.81607294594293,-0.00360789004009851
"gene_344",12.1905325388993,-0.816970387157939
"gene_345",3.48365796616567,-0.392389113629012
"gene_346",5.17807999755834,-0.0905547410129022
"gene_347",5.58432688158884,0.790024292046116
"gene_348",9.34787215453101,0.224988495023448
"gene_349",11.5991965546114,-0.149127882900387
"gene_350",3.40550656545692,1.32855271484136
"gene_351",6.62073539628241,-0.105650153187846
"gene_352",11.0210271907306,-0.00715914510616661
"gene_353",5.30488620054069,0.232335500707901
"gene_354",7.03604556974093,-0.13718793963813
"gene_355",10.1088320209623,-0.107711222595132
"gene_356",8.62447800624382,0.00817190243951857
"gene_357",7.69680028939812,-0.154133138931015
"gene_358",9.83424449664057,-0.0766099607772081
"gene_359",5.21286262949105,0.267871643287723
"gene_360",3.45766789269497,0.0197560240655049
"gene_361",11.3572426446799,0.151872801088425
"gene_362",5.49114091186843,0.142354070662445
"gene_363",6.21126142201485,-0.448658949185331
"gene_364",6.83965659876708,1.59253468722568
"gene_365",6.43429444861174,-0.111919486507985
"gene_366",3.97606657869511,-0.218678760624117
"gene_367",2.27658630958133,-0.272570740642085
"gene_368",12.1906831013929,0.0553794530888087
"gene_369",3.87566144942496,0.248638145532938
"gene_370",11.1256960878168,-0.187205421867387
"gene_371",3.23083142033602,0.254501705622277
"gene_372",6.28608182788251,-0.0166373643049532
"gene_373",10.1140495955288,0.102554506055785
"gene_374",12.2082212711334,-0.0338361083361735
"gene_375",12.2643842236738,-0.0354393474420853
"gene_376",4.90246510267086,-0.419157608079386
"gene_377",6.22552687126292,-0.0105895317680465
"gene_378",4.27344571289507,0.040570825221675
"gene_379",7.65449062366523,-0.099670799319857
"gene_380",8.41650573815739,0.147545964858948
"gene_381",5.79754030135809,0.0412602179107441
"gene_382",11.8276815112463,0.143772893163635
"gene_383",6.54927529360021,-0.0664801406346275
"gene_384",10.2092077532328,0.216139601066941
"gene_385",11.2777025977012,1.4991983743901
"gene_386",7.98495608947094,0.131836982994029
"gene_387",9.74192950553748,0.148957594653416
"gene_388",9.21376714944998,0.0213676485196216
"gene_389",8.14638948784408,-0.731193742278781
"gene_390",2.23895799994106,0.0957106731319086
"gene_391",8.6066823088634,-1.42244770404176
"gene_392",4.25805477141844,-0.105942598567446
"gene_393",7.73457679608966,0.0720742402223996
"gene_394",6.4971204580207,0.0663324809183929
"gene_395",12.1139667961573,0.000298249820356816
"gene_396",9.39945773704972,0.315929004964876
"gene_397",2.30871451695963,-0.274963967779791
"gene_398",5.52484927249347,0.0395003635078317
"gene_399",6.77079394948767,1.49404927350417
"gene_400",8.38386185295889,0.0859635955311871
"gene_401",5.3670824481057,-0.0929889244757941
"gene_402",4.60670400466388,0.171144730863072
"gene_403",8.35850618137507,0.0780638689770293
"gene_404",9.26351577186121,-0.194658103188039
"gene_405",8.46720017112359,0.00279456251627098
"gene_406",6.74785388422899,-0.00292042884393676
"gene_407",4.99415005968147,-0.466766012770938
"gene_408",7.93841639548685,0.0490605447445851
"gene_409",11.1763689262112,0.340948146155769
"gene_410",6.7746427456748,-0.759290968009665
"gene_411",2.04781592847733,0.0317395504873558
"gene_412",7.61466367502651,-0.0493291604910035
"gene_413",10.0702828757571,0.0924920201923995
"gene_414",6.71064384518434,-0.0931783556398491
"gene_415",3.78055860789293,0.0520528352347371
"gene_416",12.2551752969464,0.146645520522092
"gene_417",7.51420051603609,-0.124924252271845
"gene_418",8.30665184992371,0.303346493241195
"gene_419",7.09087913255432,-0.0464135124984393
"gene_420",9.61661266176463,0.130121353416507
"gene_421",3.7909295145271,-0.232832527959611
"gene_422",4.59171741023376,0.470885156051633
"gene_423",5.29192686315308,-0.243526644948751
"gene_424",9.39608698667831,1.52803160961011
"gene_425",6.82346098356173,0.0603969667831752
"gene_426",2.79385977775876,-0.293314198756331
"gene_427",8.22006126982233,-0.0610346353462767
"gene_428",2.8833514330669,0.0678321034065932
"gene_429",10.0060890556791,0.382274747131953
"gene_430",6.07900687027291,0.0285312526151967
"gene_431",2.99285929295353,-0.132386993428316
"gene_432",6.19236018908423,-0.0114544622338345
"gene_433",6.0219889453346,0.150632387826224
"gene_434",7.49629545580292,0.259680974394453
"gene_435",4.19553657200438,-0.0342391334576418
"gene_436",11.6506410946746,-0.092457613183726
"gene_437",7.85619146785297,0.0531702875410256
"gene_438",10.9516920430454,-0.190123171654023
"gene_439",10.3625354576767,-0.135582142588022
"gene_440",10.8969194697494,0.284064408094196
"gene_441",2.5146244194472,0.420890868700162
"gene_442",8.34367276352005,1.47749327031925
"gene_443",7.2171720653685,0.0704286845269432
"gene_444",9.30117290796552,0.0119306181616801
"gene_445",7.80576596972301,-0.279174658121756
"gene_446",4.56493948434076,-0.110599444493201
"gene_447",8.71793772150885,0.0478003908268634
"gene_448",5.99534840146406,-0.133610353732017
"gene_449",11.0847658558943,0.213812665471893
"gene_450",9.55679829728307,0.055560400458309
"gene_451",9.37104331099313,0.307752711157951
"gene_452",4.48100216024246,0.185471695059648
"gene_453",8.8581464874712,-0.0810828839896596
"gene_454",7.17435262730181,-1.53364645852863
"gene_455",10.3155565001641,-0.0682030104754697
"gene_456",5.21321229506934,0.010992948182636
"gene_457",9.4546484929831,0.253530951785107
"gene_458",2.23805570847397,-0.198696672628157
"gene_459",6.61759711679603,0.282290482050891
"gene_460",4.71307205209029,-0.257422938874401
"gene_461",3.69705462051028,0.542259821138421
"gene_462",10.8196538559868,-0.146410079887188
"gene_463",8.0389947187524,-0.273792542284448
"gene_464",6.55445193254464,-0.0609481365184576
"gene_465",8.3828133940302,0.0841033108657099
"gene_466",11.4157253467638,-0.0014493451386345
"gene_467",9.13368072514502,-0.181353975110756
"gene_468",5.33667007324038,-0.212357361422882
"gene_469",7.81215810929501,-0.10266153341793
"gene_470",3.24305842978305,-0.0477525005012855
"gene_471",9.80156917698444,0.220288392356144
"gene_472",3.2956707639875,0.108698503274171
"gene_473",12.2347404370844,0.105662859742902
"gene_474",3.6110998374801,-0.160224737237686
"gene_475",7.3953594344788,0.233425741152817
"gene_476",5.17559695865003,-0.0867896175212578
"gene_477",12.2726364633273,-0.31787401885004
"gene_478",5.06071362366527,-0.239052747391488
"gene_479",5.20322143066848,0.292509279040049
"gene_480",4.52915594501571,-0.0439050601121149
"gene_481",6.49685297496895,0.0513874016517805
"gene_482",2.04323785109643,-0.546510993415558
"gene_483",7.08453708979463,-0.0472556194155368
"gene_484",3.6408959161204,0.0875369596878301
"gene_485",5.97722553547644,-0.19220017529111
"gene_486",7.93412288443983,1.44171530943525
"gene_487",6.33864867951082,0.341388015949217
"gene_488",10.1659712112645,-0.125823135427312
"gene_489",6.37873923716405,-0.314547535769473
"gene_490",6.80778591148845,-0.199274829586104
"gene_491",3.00370566684504,-0.163476322966771
"gene_492",7.25446973355257,0.0840351908909737
"gene_493",7.68754230853936,0.175399175178292
"gene_494",4.42410747533182,0.113831103420333
"gene_495",2.32565070224334,0.159110776390716
"gene_496",11.2303479393333,-0.145812583737152
"gene_497",11.7138720578709,-0.117932629331406
"gene_498",4.54241244625025,-0.714194892062876
"gene_499",10.3465363164935,-0.142102361008224
"gene_500",8.77241601843737,0.0186706185633256
"gene_501",12.0091186459479,-0.0836332317054165
"gene_502",10.0125453033753,-0.0966552958368233
"gene_503",9.30472989790582,-0.294147108240117
"gene_504",8.31962697308343,1.53501088005023
"gene_505",5.26808436885453,-0.719440418386896
"gene_506",3.57647076825872,0.267783546693077
"gene_507",8.50446125153821,0.1810840539253
"gene_508",8.48695173553691,-0.172612931164839
"gene_509",7.37555943882655,0.0185385974016703
"gene_510",8.36971985258182,1.62101175194571
"gene_511",2.7450082445193,0.0815164608232093
"gene_512",2.82849487040776,0.0112101852517233
"gene_513",4.41448854961384,0.0858044925392234
"gene_514",7.77623939878068,0.0964076500271758
"gene_515",11.4293806055273,0.0602628074933124
"gene_516",6.65302080372689,-1.39874169508883
"gene_517",6.11354286612305,-0.395505897500314
"gene_518",5.52815961056071,-0.00910073834171899
"gene_519",10.5300822741106,-0.755187560926611
"gene_520",3.49491154007671,-0.122551974100859
"gene_521",6.52129641049741,0.00891945266282146
"gene_522",9.17486612387751,0.19631487528975
"gene_523",7.69668545795268,0.109156597027123
"gene_524",2.41874077160749,0.201054184933477
"gene_525",7.60091008349522,0.0342994625330722
"gene_526",3.40225620050442,-0.0234144569513563
"gene_527",6.62098488950557,0.160504531705025
"gene_528",7.21776432824688,-0.396641555307674
"gene_529",9.56917753425246,-0.101648095990798
"gene_530",7.57035682370188,-0.0213624126698655
"gene_531",3.6467637439841,-0.0806478052276
"gene_532",10.3709741122128,0.123337182118321
"gene_533",3.13035057740178,-0.157823286297011
"gene_534",8.81716247705692,0.034376438400372
"gene_535",10.1378945082163,0.0504382287780474
"gene_536",8.76549967920519,-0.705474894617905
"gene_537",3.30063981209049,-0.345609930988745
"gene_538",9.06805191640052,0.548171085368502
"gene_539",5.68527384120648,0.0164217766990196
"gene_540",10.2002671604242,-0.189516499515479
"gene_541",6.74338852863822,-0.0875011780285237
"gene_542",12.3074897986798,0.0669029296556567
"gene_543",7.3907761441095,0.0885357500033773
"gene_544",6.2490406235334,0.127838036935898
"gene_545",10.7747707076419,0.13751060639193
"gene_546",3.78044883822396,-0.0151727581503778
"gene_547",9.00076637130443,-0.15619183519432
"gene_548",11.9106272776191,-0.0440139390247776
"gene_549",3.90748689490325,-0.121020542556935
"gene_550",9.96262663229825,0.068388255315831
"gene_551",11.2807776277462,-0.206823401697917
"gene_552",5.94608222668895,-0.00819985811124744
"gene_553",2.85156184672119,0.196003976960452
"gene_554",9.80818001669163,-0.0255708790060117
"gene_555",5.12734457793099,-0.27771750566281
"gene_556",5.60740483218905,-0.103405169680998
"gene_557",8.87279499589805,0.355940654011726
"gene_558",1.84451239070309,-0.0365256786031878
"gene_559",5.58974239894645,0.0270667020562479
"gene_560",9.98173649302571,-0.00752372449318895
"gene_561",2.3035587881436,0.458806499397954
"gene_562",4.10331905694579,0.0241993220119611
"gene_563",6.79869498111088,0.296724285421789
"gene_564",9.50176824572307,0.393386531903461
"gene_565",6.51479198634428,0.00174085588940698
"gene_566",7.03582119503973,0.0692758022827898
"gene_567",9.75205507300953,0.255379398982783
"gene_568",8.86598421312031,0.0243831526875762
"gene_569",4.22454438850662,0.372220157795832
"gene_570",5.21078860958985,0.136139322985401
"gene_571",2.41418486906972,-0.126383283167023
"gene_572",6.56699746619211,0.00517517213720506
"gene_573",2.17186529019157,0.0777979328841686
"gene_574",6.40004530923548,-0.351558228643386
"gene_575",8.4567591876858,-0.487324789885884
"gene_576",7.76925373508826,0.204410732814948
"gene_577",2.37223481478225,-0.346317633669974
"gene_578",6.12008659803769,-0.160810334501158
"gene_579",11.2985916698017,-0.118653282507932
"gene_580",10.7447917280856,-0.703660840228135
"gene_581",8.22417133018467,-0.0723010779863091
"gene_582",11.8160650619339,-0.243375849369317
"gene_583",12.0360478460731,0.0246731929639001
"gene_584",9.40548880471787,0.748208876964474
"gene_585",5.68807809833118,-0.232326057912926
"gene_586",7.15300562128088,0.167564457770466
"gene_587",9.62433862646235,-1.46497624068609
"gene_588",12.0771655596146,0.277377670970725
"gene_589",4.33133311541579,-0.0440586513741844
"gene_590",2.18712942742118,-0.217954768561655
"gene_591",7.09345668144325,-0.097120859000327
"gene_592",11.3686466520729,0.0178269741329761
"gene_593",2.82014842225328,-0.247995469099708
"gene_594",4.72578326292882,-0.350922180956791
"gene_595",2.16140927976778,-0.444974944165337
"gene_596",7.0061006163988,0.102620064362462
"gene_597",1.81512552768504,0.0213379797397216
"gene_598",7.08450051565147,0.129413503242866
"gene_599",6.87761956777162,-0.24340801788098
"gene_600",12.1926131669316,-0.0433653554285606
"gene_601",12.1770498747587,-0.00158312586405809
"gene_602",7.64866433019098,-0.0083855236034812
"gene_603",8.64179737406096,-0.115120748360556
"gene_604",9.18307713793235,-0.71146979548895
"gene_605",11.2351641655627,0.126149610542912
"gene_606",5.82405381380806,0.219762395816671
"gene_607",9.15475922054513,-0.0360628027129047
"gene_608",12.2057950102698,-0.00665690972190872
"gene_609",6.20335751783438,-0.0380388292972074
"gene_610",8.33567015972156,0.0463247212635534
"gene_611",11.2515401513261,0.125860764074413
"gene_612",7.69537661740876,-0.170860795578087
"gene_613",9.12032917678393,-0.00555738411488284
"gene_614",2.18304041315288,0.384176259551798
"gene_615",5.22998677868647,0.0775540535431862
"gene_616",11.6407897943747,-0.161313063947777
"gene_617",5.8481891052144,0.193778678591356
"gene_618",12.2828548025729,0.0365384898461836
"gene_619",6.7992909694617,-0.0665029784433117
"gene_620",5.90556507777671,-0.0290531224492787
"gene_621",5.83995383001257,0.027673653081228
"gene_622",4.06801369160087,0.338191243528915
"gene_623",3.55277098133318,0.170573639094104
"gene_624",9.10683908270352,-0.232732973350765
"gene_625",8.29580961757042,0.0671206194521409
"gene_626",5.11036654928575,-0.270792481378895
"gene_627",10.9817382599873,0.146426343806276
"gene_628",6.35763811582527,-0.493027693155772
"gene_629",5.34555713795537,-0.156250703581752
"gene_630",5.99038106456248,0.115192008045228
"gene_631",7.00923102291765,-0.0583195097222383
"gene_632",8.82536589959137,0.0343629229187958
"gene_633",6.31763580998727,0.00888829787807223
"gene_634",8.20148928011623,0.0340392318196811
"gene_635",4.01861144541979,0.470523870928605
"gene_636",9.93736775071881,-1.50868012997295
"gene_637",8.53953798931019,-0.00427344626457179
"gene_638",7.90897836569848,0.106891156400682
"gene_639",4.77185438338096,0.120184597233712
"gene_640",9.24885438610082,0.180432717369889
"gene_641",3.22146635132457,-0.422501968948465
"gene_642",6.8887885229942,0.139064588874298
"gene_643",9.58820848028073,-0.30401638823383
"gene_644",12.3168343120269,0.177111315459093
"gene_645",6.29178847723709,-0.0801816132066758
"gene_646",8.04487082904379,-0.227981159943368
"gene_647",11.6165961248545,0.133427666202121
"gene_648",6.5144431600352,-0.166161893480044
"gene_649",3.74446335839995,-0.106802289295175
"gene_650",6.46072518719111,-0.695328982669712
"gene_651",10.0276408761452,0.766074801320954
"gene_652",3.14703954831365,-0.277651579179338
"gene_653",3.59148823336422,-0.0549593135219042
"gene_654",6.30234161815831,0.0437980747137849
"gene_655",2.39986864501887,-0.1009592118413
"gene_656",6.69235211220181,-0.0557792738668252
"gene_657",9.21114751156013,-0.368172125682159
"gene_658",4.18893003990995,0.184017718641654
"gene_659",7.83929773602086,-0.17774940768912
"gene_660",8.82335508346304,0.154120571475815
"gene_661",4.79832404448433,-0.234667559904979
"gene_662",6.70590735464551,-0.177280908876791
"gene_663",6.79530929378516,-0.0309924892614337
"gene_664",3.87015404448653,0.28174177875456
"gene_665",6.60749743635417,-0.716394097059115
"gene_666",10.9052939700035,0.194816302152015
"gene_667",4.80714221714954,0.012187123961854
"gene_668",5.90220143989006,0.113263542581751
"gene_669",6.98537240424184,-0.222473463557388
"gene_670",12.2199977779522,0.0869429041981089
"gene_671",8.0422163618045,-0.126045196986289
"gene_672",3.54936987958345,1.32042390366497
"gene_673",3.82689834022539,-0.131620226541909
"gene_674",4.33103830218722,-0.00201672990754197
"gene_675",10.7927413455207,-0.175509161237617
"gene_676",12.2497920065025,-0.156872920008605
"gene_677",12.2391586268352,-0.233474358676937
"gene_678",2.70802648870384,0.00189082561350586
"gene_679",6.21670170711597,0.73535956726152
"gene_680",2.54197906993068,-0.372511879575482
"gene_681",6.48136857275602,-0.147828117490551
"gene_682",5.59708979651728,-0.201817941038947
"gene_683",6.18374011045902,0.276475835438206
"gene_684",7.79171268487762,0.182604525949403
"gene_685",4.78761077205451,-0.178538331779157
"gene_686",7.75625385861612,0.142147490702341
"gene_687",5.14438937651126,0.153810921427817
"gene_688",7.80357081372953,-0.034061173757188
"gene_689",3.94515967431847,-0.0158996203903783
"gene_690",8.07250011424338,0.0534170378733091
"gene_691",9.67274462916798,-0.225593276971125
"gene_692",4.69457139134675,-0.108747663917445
"gene_693",4.63439630207883,0.168060236177996
"gene_694",4.56186977353391,-0.344507854362274
"gene_695",3.74919660244837,-0.227585207915983
"gene_696",6.18610544262186,0.0655223069084371
"gene_697",4.00433437979045,-0.0774982595317481
"gene_698",8.76917173057205,0.105256066937048
"gene_699",8.16156315255818,0.176917864309983
"gene_700",5.062936438118,0.136573538108484
"gene_701",6.97056951460671,0.0711261272317829
"gene_702",3.67079284609508,0.0139681504033321
"gene_703",2.68834353833411,0.252631650729141
"gene_704",4.22843871801141,-0.235302524767484
"gene_705",9.01365877790093,-0.0148123794459637
"gene_706",6.3771193560384,0.0608926032019148
"gene_707",6.74259558996218,-0.115948402004566
"gene_708",8.16278200463514,0.120894190727074
"gene_709",6.63502856072473,0.125550035464947
"gene_710",5.12449612391048,0.205349090869746
"gene_711",12.1740233034819,-0.01909373051571
"gene_712",8.01865151564866,-0.0824308934570076
"gene_713",6.81272620974693,0.0148599648042199
"gene_714",9.89461254550198,0.0941565224086387
"gene_715",4.5275541513437,-0.134925130122582
"gene_716",6.29365280120022,-0.130710352904463
"gene_717",4.17805430828978,0.645190713034034
"gene_718",7.16929691722405,0.00320280260670262
"gene_719",10.1866872038849,0.0978925070976203
"gene_720",3.90041905476784,0.0336444871042466
"gene_721",12.2125370184721,-0.00980579025918344
"gene_722",10.2682928584153,-0.140371933088927
"gene_723",7.28577269730286,-0.0100746667961255
"gene_724",6.3519080869785,0.0307904643788585
"gene_725",9.14229322956528,-0.0160014353483567
"gene_726",12.2136994531494,0.256630586842053
"gene_727",8.81336007964239,0.165993570392638
"gene_728",6.100626930589,0.0826147795353632
"gene_729",5.6238389850247,-0.129454495767967
"gene_730",10.1313000003342,0.113388498281165
"gene_731",4.38142053004269,-0.780530241835101
"gene_732",3.17995263649963,-0.216916361169213
"gene_733",6.9754976007172,-0.187336304568594
"gene_734",11.9592166515912,0.168650283917367
"gene_735",7.37044653365404,0.0417364937485104
"gene_736",2.22754625917989,0.176477087666379
"gene_737",5.5615090110818,0.0107148722975223
"gene_738",8.55849103230989,0.266212429410752
"gene_739",7.93833128975233,0.079195522125812
"gene_740",3.24074295953146,1.32956174830032
"gene_741",9.39150574119459,-0.0141066860999092
"gene_742",6.97534539955916,-0.0538707811923924
"gene_743",9.15047342127495,0.277564536987233
"gene_744",7.05512491623794,0.0773768137003272
"gene_745",4.16678594513564,0.236527613892545
"gene_746",9.77557681018026,0.0344126339222437
"gene_747",2.55574868017041,0.332295820888028
"gene_748",3.91721485485361,0.0271523902603115
"gene_749",6.42217180045051,-0.0695721252440846
"gene_750",7.32730899704353,0.15882914466472
"gene_751",5.96067010401284,-0.16205209530551
"gene_752",6.84657974561116,-0.176225357353639
"gene_753",2.44229442824967,-0.250740553147853
"gene_754",6.63777817085923,0.25018205891956
"gene_755",4.2133683756522,-0.88792848750525
"gene_756",7.90767701619997,-0.0648991140518737
"gene_757",11.0793230040548,-1.50252618916364
"gene_758",12.2249211330998,-0.0876827783911539
"gene_759",4.58753066699112,-0.284401545316157
"gene_760",9.72956713150009,-0.135663983827969
"gene_761",4.08773923291855,0.154780159877534
"gene_762",10.7370118523291,-0.101714183406509
"gene_763",7.99967706857519,0.412864719583455
"gene_764",5.80130013912911,0.182196573621512
"gene_765",6.58636009269422,0.0618630455546669
"gene_766",3.13793048559404,-0.695414217556853
"gene_767",9.18595127772142,-0.178742881981928
"gene_768",4.47331760696223,0.0632107357054965
"gene_769",4.52576319228643,0.240258337596021
"gene_770",9.40333893399705,0.0667339689164016
"gene_771",10.7970740114924,-0.0935802923250749
"gene_772",4.01010729870125,0.0246526020231268
"gene_773",8.35979511915973,-0.650661070867856
"gene_774",9.84748091823227,0.172314648886758
"gene_775",12.2525597061878,-0.214426696562096
"gene_776",9.50366107855162,-0.348580352750492
"gene_777",5.48263712604272,-0.114320850701063
"gene_778",6.57284857606205,0.152936861715807
"gene_779",10.1083978202918,0.134769057013983
"gene_780",9.45603273752542,0.19501877209999
"gene_781",6.31472190380288,-0.142381243934411
"gene_782",6.45506178486148,-0.204042436822656
"gene_783",4.17402749460072,-0.16751505563898
"gene_784",8.16213927121605,-0.132382797505687
"gene_785",10.5893355591048,-0.0318634839318702
"gene_786",10.1013730169694,0.288120110863327
"gene_787",10.4815317599687,-0.0532408101511297
"gene_788",10.5584540108558,-0.0384057236616061
"gene_789",2.06066433811179,0.027242980111687
"gene_790",5.78539319449622,-1.58905435375384
"gene_791",10.81147799209,-0.0299258176325916
"gene_792",3.84710732865979,0.208135449918509
"gene_793",6.94733409231268,0.109654360047404
"gene_794",4.23067714544724,0.334307662094256
"gene_795",9.37616957836329,0.148539044622836
"gene_796",11.8445065874384,-0.00121795699955425
"gene_797",6.27298381864284,0.0150344948724174
"gene_798",11.2387629990846,-0.0166942894348619
"gene_799",7.88543688673912,-0.147935506384418
"gene_800",6.60293443811368,0.0679739396805957
"gene_801",7.79587004467405,0.19096087076797
"gene_802",5.87692955354323,0.105212121313975
"gene_803",7.62217903069679,0.121156097491338
"gene_804",4.32948859533961,-0.180223694324038
"gene_805",8.3100947601011,0.0437162317099428
"gene_806",6.60006117877901,-0.147270828789722
"gene_807",7.34940881221686,-0.685996136818665
"gene_808",2.33648451312949,0.0698671578670249
"gene_809",12.2613473290598,0.00389100731988612
"gene_810",11.7986459718875,-0.0997825353058034
"gene_811",5.06693584758519,-0.172877681149336
"gene_812",4.8871590354445,1.56696718814932
"gene_813",6.27506790255493,-0.122864701945369
"gene_814",6.99542073977381,-0.237676221663795
"gene_815",7.00899151927201,0.0170194044611427
"gene_816",6.74854205040549,-0.00465969370112317
"gene_817",3.81961067751572,0.126508667689574
"gene_818",5.21549697210089,-0.220648318785995
"gene_819",6.52408394127968,0.746042994539892
"gene_820",10.5636635789854,0.160404563187794
"gene_821",6.15771484052778,0.55122828987141
"gene_822",2.63896228017235,-1.26575464266677
"gene_823",11.0695385133813,-0.777806302552745
"gene_824",7.7161698387217,0.244390985063566
"gene_825",9.62301122403439,-0.145326567360446
"gene_826",3.57987127144359,0.422575424009138
"gene_827",6.89196457142901,-0.234051309473668
"gene_828",6.39819742726209,0.0824692212111557
"gene_829",9.70096416154667,0.210042339975232
"gene_830",7.09934866185146,0.225703449854133
"gene_831",6.79819823009079,-1.47587007530585
"gene_832",5.33479461567436,-0.0114734842796968
"gene_833",6.76231397416743,-0.0651744278985571
"gene_834",3.93875351893769,0.261833559736003
"gene_835",2.47297463158413,0.295119209588891
"gene_836",10.228047760498,0.0528326178041701
"gene_837",6.58215814422692,-0.153403450413435
"gene_838",2.76115734221208,0.0840980723723115
"gene_839",12.2479406024042,-0.715687449836404
"gene_840",5.79925592349009,1.57518859115496
"gene_841",9.62499028696082,0.0596426735388621
"gene_842",12.2146388907591,-0.163588790034124
"gene_843",8.7539877994821,-0.0208385566554457
"gene_844",1.87807105414437,-0.255237192318874
"gene_845",7.03906128849627,-0.18670616049989
"gene_846",3.71187167567466,-0.238745930022993
"gene_847",3.70921737303722,-0.147926672523842
"gene_848",6.51965492518539,0.429233603447453
"gene_849",3.91065210893384,0.0512079323929395
"gene_850",6.67778818459357,-0.647911243174422
"gene_851",6.89105894176928,-0.182150981628913
"gene_852",11.4633425738686,0.179643415847508
"gene_853",6.22435036601417,-0.0203072249564056
"gene_854",6.35876913605036,-0.0383937044411573
"gene_855",11.0362289498602,0.205011300486829
"gene_856",11.1608054183559,0.00541893601668502
"gene_857",9.42461312230832,-0.208847527250644
"gene_858",5.41019169867653,0.13010229752141
"gene_859",12.2240687559704,-0.175765601934234
"gene_860",4.06156745518598,-0.223457343426151
"gene_861",8.40004721009035,-0.237965914612708
"gene_862",7.41067387337887,0.215904776915141
"gene_863",6.29588960956105,0.0140341918060822
"gene_864",10.3454484054772,-0.24542239829896
"gene_865",4.93366248045765,0.174599518059857
"gene_866",8.68502424188903,-0.114503131709817
"gene_867",5.3777469926164,0.160828542724228
"gene_868",4.43273213048643,-0.0694250927660878
"gene_869",5.6531065081516,-1.3854923059836
"gene_870",5.62248245169575,0.0442594136694573
"gene_871",9.99541337103134,-0.00207510734310757
"gene_872",5.22927238004108,-0.0806709309514689
"gene_873",6.84386477558431,0.174543795946092
"gene_874",5.68347747404675,-0.0509518781217654
"gene_875",9.61471453072073,0.0359198622777524
"gene_876",2.98979350890403,-0.177474591900619
"gene_877",8.93947154860907,0.0170204904630231
"gene_878",8.50243229610333,0.310568633122717
"gene_879",9.87534912307199,0.184331493770008
"gene_880",6.73944574796572,0.0830561903212316
"gene_881",8.27969438557492,-0.0547476150139396
"gene_882",6.80118010433786,-0.0792175480632389
"gene_883",4.83974137223364,-0.183784175608103
"gene_884",6.56141498254929,0.662006110350824
"gene_885",8.24564565402692,-0.138724461652854
"gene_886",8.64867297093821,0.133912517641766
"gene_887",9.55754556739404,-0.0206966023230633
"gene_888",7.70479584477581,-0.064960669380704
"gene_889",8.70126428542436,0.214002437427556
"gene_890",4.27002978297721,-0.338751603955129
"gene_891",4.17630927550911,0.00833065622844726
"gene_892",7.06297089242923,0.310076709342527
"gene_893",3.94956954739012,-0.0167329180140216
"gene_894",4.06269442606229,-0.00594327480308191
"gene_895",6.6629572741848,0.000522370675922933
"gene_896",6.15816275503446,0.374014022131041
"gene_897",4.3698071345953,-0.0523622616761384
"gene_898",2.24607303355262,-0.0935741984155421
"gene_899",3.04700738202881,0.0850941143293392
"gene_900",10.676255846446,-1.49787143486703
"gene_901",8.46901843599413,1.59738605653002
"gene_902",4.27693109421396,0.102298200228351
"gene_903",5.4072343368478,-0.237641319446402
"gene_904",11.5333609396618,-0.29544079222193
"gene_905",8.22267850684044,-0.116107998780609
"gene_906",5.92720428625641,0.104746770409349
"gene_907",9.59632203287499,-0.215366085748398
"gene_908",9.84949584235632,-0.0943903047343988
"gene_909",7.01030698185049,0.0718906382262302
"gene_910",6.40420678236222,0.0186556438544704
"gene_911",8.82316117127195,-0.138744983181345
"gene_912",8.3825724112518,0.204547053720371
"gene_913",8.96595557611036,-0.238079556375038
"gene_914",8.9990528203511,-0.12558245416249
"gene_915",8.29165819829398,-0.164418084039116
"gene_916",9.98595154594943,0.148354130302924
"gene_917",3.27444802981863,-0.29738439204692
"gene_918",5.55299676773852,-0.139035929652133
"gene_919",6.83574662955552,0.040162642330271
"gene_920",10.1441342715027,0.0976695192886216
"gene_921",12.1571348988937,0.0933639859391752
"gene_922",6.75112462961341,-0.00593042411835962
"gene_923",5.10130311603147,0.131500974378681
"gene_924",4.29274284797442,0.0706360158695374
"gene_925",7.33783518189503,-0.0623266021342296
"gene_926",12.2788245084256,-0.117407435504836
"gene_927",6.80422655740031,-0.136466435438299
"gene_928",4.20477370719798,0.110001444309717
"gene_929",6.48822264086736,-0.0839912581526471
"gene_930",7.79818461340937,0.108170789616619
"gene_931",7.82431135252424,0.076013761469933
"gene_932",8.35255852752952,0.0298053200798248
"gene_933",11.3652514749879,0.0132609207291328
"gene_934",11.6901896900997,-0.304464545653763
"gene_935",4.29763552499057,-0.135744369381194
"gene_936",6.26615667161754,0.018964592677916
"gene_937",6.31989415352613,-0.15485248867502
"gene_938",2.70397431017878,-0.393025370201165
"gene_939",7.64503888370257,-0.170862924108791
"gene_940",11.0466099250037,1.3914308698098
"gene_941",3.33915336304567,-0.127380825191333
"gene_942",6.97420307533072,0.000750257295546774
"gene_943",12.1828409392985,0.105243770830368
"gene_944",6.30687140010237,-0.0555204676784574
"gene_945",10.5318831341505,0.117834911869256
"gene_946",3.31563377101525,-0.27740917567524
"gene_947",3.60645653674042,0.153822550500944
"gene_948",3.53584025126551,-0.165531628413224
"gene_949",5.47797106400856,1.33372698172659
"gene_950",5.76987112989569,0.207079382490935
"gene_951",8.58703300291745,-0.0667787283202025
"gene_952",5.86055039100087,0.266083527393614
"gene_953",11.0934361545464,0.264436694802738
"gene_954",8.37733065518226,-0.188813169037289
"gene_955",12.2617552972411,-0.125218029126176
"gene_956",11.9151268818255,-0.0118891265120394
"gene_957",7.07446311582405,0.0497233611161833
"gene_958",9.11622198302296,-0.0320134382558923
"gene_959",7.60065716277599,0.335412261076627
"gene_960",7.40804623194679,-0.065604790764912
"gene_961",10.4169728247344,0.0457930735001025
"gene_962",8.68355685918686,-0.670912282461612
"gene_963",7.76099411670792,-0.0162721568822956
"gene_964",9.94107835988935,-0.0350393616525324
"gene_965",4.59191921353963,0.228639713977425
"gene_966",4.41977482600449,0.36433788190316
"gene_967",3.3594865618212,0.176136047394936
"gene_968",7.11844490550526,-0.0942495051233142
"gene_969",11.0639690126257,0.189758956395711
"gene_970",5.4299390864892,0.228134764442002
"gene_971",5.44247345176109,0.157810795296847
"gene_972",6.24997613362674,0.0403948991432689
"gene_973",11.0979909249887,0.237985989001382
"gene_974",9.30200544208101,0.114933095875813
"gene_975",2.32702095339002,-0.446058256376886
"gene_976",4.34467474101227,0.853704022627315
"gene_977",4.04973088257992,0.0826797576672739
"gene_978",10.0720667865947,-0.0119306272769824
"gene_979",8.99249380633976,-0.168370191342016
"gene_980",6.93242633976087,-0.0617328105588247
"gene_981",3.56935667614835,0.0809994982004299
"gene_982",6.17252838512096,0.514836488910829
"gene_983",3.0576412522825,0.188650652715549
"gene_984",6.43852056482365,0.286589948861215
"gene_985",2.21003427290894,0.312654174998466
"gene_986",5.36938508815089,-0.671568628622569
"gene_987",10.5621152351799,0.0565908755955277
"gene_988",4.91305777075857,0.00179856577477139
"gene_989",5.52188664348686,-0.154984781313383
"gene_990",12.1089923185991,0.020473913800002
"gene_991",7.50168293494855,-0.0987028537637151
"gene_992",1.92067469451896,0.188092258800288
"gene_993",8.47593508929204,-0.74533106619014
"gene_994",3.17166893079448,-0.127734936559667
"gene_995",7.17433302279653,0.0111426907270011
"gene_996",9.65285102212375,0.0856870405741555
"gene_997",4.39720822983562,-0.00735131103027392
"gene_998",6.31961994665157,0.000478155744946098
"gene_999",9.09684273039754,-0.694156266887456
