"gene","SE_Intercept","SE_x"
"gene_0",0.0471352313972664,0.0517215816471109
"gene_1",0.08365745374888,0.0917549849203403
"gene_2",0.178238215734989,0.196883482181312
"gene_3",0.0771466189712411,0.0846692343490135
"gene_4",0.0702485130103622,0.077256958615246
"gene_5",0.0410645746354969,0.045089594049873
"gene_6",0.0469833498107637,0.0515551894860861
"gene_7",0.120303529729812,0.132247882324562
"gene_8",0.0591144049847075,0.0649054675332345
"gene_9",0.23042648905568,0.252521824071713
"gene_10",0.0456587737720647,0.0500905672237764
"gene_11",0.0419256448010171,0.045998107992319
"gene_12",0.0436466518992023,0.0479122592855162
"gene_13",0.0489198706729041,0.0537141530183666
"gene_14",0.043092852669076,0.0474385763315097
"gene_15",0.0640047066672608,0.0704255728295759
"gene_16",0.252218028243496,0.27789815282351
"gene_17",0.095670744053734,0.105302376043427
"gene_18",0.0436998066431808,0.0480275562067336
"gene_19",0.111000912347405,0.12219896730754
"gene_20",0.0461140757181661,0.0506706141892442
"gene_21",0.0474980393530481,0.0520988941527924
"gene_22",0.0588682128733602,0.0646627888271221
"gene_23",0.0461576283235867,0.0506372222903031
"gene_24",0.0465976518204266,0.0511281663153674
"gene_25",0.0441993705105434,0.0484951993239923
"gene_26",0.0436531385356567,0.0479015127574347
"gene_27",0.076937814822695,0.0846197589193713
"gene_28",0.0496912250926296,0.0545449963107311
"gene_29",0.0936679557640835,0.103099694209901
"gene_30",0.147079248258673,0.161758796677757
"gene_31",0.115231952944422,0.126479569375771
"gene_32",0.045024062798476,0.0493948875751172
"gene_33",0.216682202366571,0.239511311175826
"gene_34",0.0484799975653092,0.0532014468212583
"gene_35",0.079291944475132,0.0869885717597113
"gene_36",0.0497491810779371,0.0545828425451001
"gene_37",0.0556751425382208,0.0611344161141381
"gene_38",0.0469631404426054,0.0515304067484326
"gene_39",0.0885745776132866,0.097858869841656
"gene_40",0.146399513664364,0.161475592875175
"gene_41",0.0601276054574048,0.0659918713781871
"gene_42",0.181426708493013,0.202217807879359
"gene_43",0.0579516645819076,0.0635993256190242
"gene_44",0.0519520837123411,0.0570337001770839
"gene_45",0.0442642826649682,0.0486465641959976
"gene_46",0.154067646536649,0.168993629578084
"gene_47",0.0591422066390654,0.0649111556479485
"gene_48",0.0474044734294543,0.0520076486628636
"gene_49",0.089255939427942,0.0980050898183522
"gene_50",0.126118616905126,0.138427670794404
"gene_51",0.0394595086035997,0.043308184573103
"gene_52",0.0477072024607934,0.0523364846494276
"gene_53",0.0493052606428509,0.0541785769398559
"gene_54",0.0385234609379148,0.0422985298840475
"gene_55",0.0578258140179684,0.0634650391614585
"gene_56",0.0460034625947935,0.050492023458537
"gene_57",0.0649392521186928,0.0713242637665978
"gene_58",0.229699883794498,0.257059682327949
"gene_59",0.14757923187211,0.161932131850428
"gene_60",0.0485043605806344,0.0532227983831904
"gene_61",0.127378674780166,0.139881114760957
"gene_62",0.0576802779439091,0.0632934369064237
"gene_63",0.0682061323298224,0.0754193872306875
"gene_64",0.0630087887338312,0.0693164107657193
"gene_65",0.0502157229176957,0.0559245751738338
"gene_66",0.0953099082006075,0.105063788461094
"gene_67",0.249711861887199,0.276041622960729
"gene_68",0.0873258174098483,0.0964611108192554
"gene_69",0.0488201686768817,0.0535672663785312
"gene_70",0.0450717535995798,0.0494483825921497
"gene_71",0.0621811705199442,0.0683441809303364
"gene_72",0.080257162961165,0.0880655306604309
"gene_73",0.0807306020453093,0.0886534382862117
"gene_74",0.0465897967880518,0.051144351830551
"gene_75",0.146165511022907,0.161174314075055
"gene_76",0.0590248377848871,0.0647998903995827
"gene_77",0.0437584098006414,0.0480627430235595
"gene_78",0.0418856937747941,0.0459511486956823
"gene_79",0.0441863434217005,0.0485267491695371
"gene_80",0.0523970226725574,0.0575585995757151
"gene_81",0.0381727482691299,0.041886446000966
"gene_82",0.0417584409159767,0.0458222830465653
"gene_83",0.0401043362269513,0.0440028469887446
"gene_84",0.0750198768101733,0.082336626553265
"gene_85",0.0376941586525867,0.0413677025559859
"gene_86",0.0624849589314177,0.0685950867880741
"gene_87",0.0567500624377621,0.062302779442051
"gene_88",0.0967038745418554,0.106289479411903
"gene_89",0.145443337875164,0.159701943661836
"gene_90",0.0473659680222345,0.0519987909613833
"gene_91",0.232595920302748,0.257163563416949
"gene_92",0.0497754281224597,0.0547429429276832
"gene_93",0.042647373620364,0.046801813688631
"gene_94",0.10612185024671,0.117170766730321
"gene_95",0.0742637359215991,0.0816017315602001
"gene_96",0.054408490140136,0.0597684534508322
"gene_97",0.0883135160661877,0.0973255371893126
"gene_98",0.0496600291729853,0.0545064164820498
"gene_99",0.163265001751306,0.18000490659115
"gene_100",0.0576908449629363,0.0632800245502576
"gene_101",0.0527242104995248,0.0578674249795583
"gene_102",0.0495729839750206,0.0543979089187581
"gene_103",0.0496093917738734,0.0545852656919292
"gene_104",0.191162238499483,0.211260166788746
"gene_105",0.24288971870334,0.26666468565689
"gene_106",0.0746899705608927,0.0820391265835253
"gene_107",0.049852345572524,0.0547604099703183
"gene_108",0.0638994845993558,0.0701248293444318
"gene_109",0.0701259961081699,0.0772800903557648
"gene_110",0.0515200939867943,0.0565442475594947
"gene_111",0.0472966964885956,0.0519247098457327
"gene_112",0.0507652820694382,0.0557464827900485
"gene_113",0.0440829281826887,0.0483627190297527
"gene_114",0.0639020253164539,0.0702031005001819
"gene_115",0.0390822969383848,0.0428763627590914
"gene_116",0.0451610082091984,0.0495506178478159
"gene_117",0.0953876028807956,0.104670634901858
"gene_118",0.0555397632764642,0.0609352969194252
"gene_119",0.0749675743164354,0.0824854839614794
"gene_120",0.0474659586973099,0.0520772262011385
"gene_121",0.0490267636745291,0.0537960267976668
"gene_122",0.0856469650899902,0.0944053616343477
"gene_123",0.139465467479252,0.153878905998461
"gene_124",0.0677904041099595,0.0744265705720741
"gene_125",0.113255376712734,0.124060771280333
"gene_126",0.062868329926272,0.0691539922899225
"gene_127",0.133455915048435,0.146319889240298
"gene_128",0.0405947481484117,0.0445359468118659
"gene_129",0.049154768311011,0.053951036940942
"gene_130",0.0461929358309275,0.0509074070347067
"gene_131",0.055277247579659,0.0607561973225774
"gene_132",0.0553297919450613,0.0607792330649657
"gene_133",0.0805414292809477,0.0884557593803228
"gene_134",0.0982566651359753,0.10813131878438
"gene_135",0.0478482717377873,0.0525410017905354
"gene_136",0.0408028301508281,0.0447663923551108
"gene_137",0.0631475980344212,0.069656043602403
"gene_138",0.133426653216056,0.146359123205206
"gene_139",0.0461125082135733,0.0506330959622643
"gene_140",0.089673158557297,0.098407730760302
"gene_141",0.0682100660698599,0.0749026245914078
"gene_142",0.0553890590829325,0.0608049177225832
"gene_143",0.123874286659509,0.135909479245279
"gene_144",0.141050492328464,0.154847414890146
"gene_145",0.074531952530608,0.0820579381256626
"gene_146",0.068136129480226,0.0747975458707664
"gene_147",0.0421929613541372,0.0463246027779139
"gene_148",0.0853684707141948,0.0936311270631924
"gene_149",0.0386509050996196,0.042413248104162
"gene_150",0.0424085140791787,0.0465239246111502
"gene_151",0.139149445161579,0.153289273864436
"gene_152",0.0478388077182487,0.05248995727981
"gene_153",0.110857337444531,0.121612452950868
"gene_154",0.0558914320321698,0.0613548697649279
"gene_155",0.040475640612991,0.0444316192775564
"gene_156",0.0505791112928837,0.0555350969436511
"gene_157",0.0528337960786147,0.0580741324025549
"gene_158",0.0595575804653255,0.0654062073253194
"gene_159",0.0500224555730268,0.0548809044973666
"gene_160",0.0525723078792844,0.0578065119286958
"gene_161",0.0446749545941288,0.0490548855074996
"gene_162",0.130842819069451,0.143665514311207
"gene_163",0.0595526793800043,0.0653399690926878
"gene_164",0.0732562346785215,0.0806330309904429
"gene_165",0.0427504905031773,0.0469064385022086
"gene_166",0.0469723540069308,0.0516197273314145
"gene_167",0.223155658745479,0.244793979827019
"gene_168",0.0374408468095253,0.0410775935041921
"gene_169",0.0755921408398811,0.0829684427351276
"gene_170",0.134806330831432,0.156205084883288
"gene_171",0.199835686791595,0.21937070688868
"gene_172",0.0564158202490348,0.0619076489848905
"gene_173",0.179639806185474,0.197169285839781
"gene_174",0.0824051377489116,0.0905897532260022
"gene_175",0.110773363153905,0.121994609761457
"gene_176",0.0505413029263084,0.0554682878584483
"gene_177",0.0542788908475616,0.0595798530509516
"gene_178",0.0600872584767457,0.0661461410210575
"gene_179",0.0444702716485694,0.0487892653983984
"gene_180",0.105786306592599,0.116169116020793
"gene_181",0.0588158410060336,0.0646108758169984
"gene_182",0.0488783647177797,0.0536581946323439
"gene_183",0.0796020298708365,0.0873284296082474
"gene_184",0.0473763494935609,0.0519747627728772
"gene_185",0.045236512390096,0.0496351586909617
"gene_186",0.072540372442347,0.0797617171920464
"gene_187",0.0829862338863533,0.0912328256192367
"gene_188",0.0667290430737164,0.0732369870604922
"gene_189",0.0431556939324024,0.0475375973435889
"gene_190",0.0616676339381202,0.0677550926934298
"gene_191",0.164912456713367,0.18218577848972
"gene_192",0.0744218082416601,0.0817427066440426
"gene_193",0.0652314643724148,0.0716633336496009
"gene_194",0.0995080494728981,0.10916326522835
"gene_195",0.0769150610778627,0.0844292804892867
"gene_196",0.0755123452818566,0.0830553507262085
"gene_197",0.0406058849573393,0.0445642725813155
"gene_198",0.0602263266051383,0.0662597047771413
"gene_199",0.042252134776952,0.0463646101595751
"gene_200",0.0625474767154329,0.0686244768060204
"gene_201",0.0535452053163158,0.0588299019343829
"gene_202",0.0455713612520574,0.0500019704653254
"gene_203",0.0676163762483531,0.0741785134197075
"gene_204",0.0500724855442832,0.0549752932211902
"gene_205",0.0640420924888678,0.0707696310997797
"gene_206",0.0896751230928353,0.0984416057600928
"gene_207",0.0904512437833971,0.0996684924798237
"gene_208",0.0562017095193304,0.0619390219957506
"gene_209",0.0403920128146627,0.0443178040693795
"gene_210",0.0397833248074567,0.0436840015996891
"gene_211",0.0559272089633435,0.0613816063740108
"gene_212",0.0856928285061198,0.0942535123178103
"gene_213",0.102606401503157,0.11300526048179
"gene_214",0.0496918024442117,0.0545154526579769
"gene_215",0.191785091726892,0.213536545685466
"gene_216",0.0413498248699311,0.0453683791879999
"gene_217",0.223122012753408,0.244817594110694
"gene_218",0.0987068212546776,0.108395123106659
"gene_219",0.183051661284354,0.201150982418568
"gene_220",0.0995805028436726,0.109565044249488
"gene_221",0.193836792847577,0.213886569149964
"gene_222",0.06525757951651,0.071595421492408
"gene_223",0.0739747699787563,0.0811647495549892
"gene_224",0.144400886303599,0.158880232991071
"gene_225",0.0442780111683334,0.0486628689433525
"gene_226",0.055766788310182,0.0612005370891834
"gene_227",0.0461016808500392,0.0505811956669793
"gene_228",0.109063036174335,0.120024366237887
"gene_229",0.0577696480701215,0.063797054991165
"gene_230",0.0446862482505213,0.0490376627224453
"gene_231",0.0959972144153514,0.105509180238625
"gene_232",0.0456351217336148,0.0500712000841982
"gene_233",0.0999882265655045,0.109716471285452
"gene_234",0.123369254545697,0.135638760355135
"gene_235",0.0424576474889862,0.0466225590083901
"gene_236",0.0773266171818296,0.084915630676354
"gene_237",0.120018127978696,0.132166821204813
"gene_238",0.127056398913253,0.139558172715818
"gene_239",0.241862141248627,0.266647302570581
"gene_240",0.046481965922244,0.050992052502469
"gene_241",0.0482597493588771,0.0529883680642986
"gene_242",0.106820880132441,0.117408586448817
"gene_243",0.0555366212399466,0.0609884331676939
"gene_244",0.180590935533528,0.199256961301988
"gene_245",0.06809840558191,0.074680608525874
"gene_246",0.219501093255302,0.242027337781113
"gene_247",0.0374362798351175,0.0410710561545364
"gene_248",0.0374741508004461,0.0411120050404884
"gene_249",0.0491239317831057,0.0539931348131625
"gene_250",0.0918464935424038,0.100845587748091
"gene_251",0.0636637597739385,0.0699883472551078
"gene_252",0.04573005899933,0.050172419783777
"gene_253",0.0686759081219917,0.0753985712322488
"gene_254",0.0740522740969327,0.0812563629525389
"gene_255",0.0895348072132037,0.0982965279767151
"gene_256",0.0458426437727436,0.050297484977796
"gene_257",0.108461386648603,0.119039861079333
"gene_258",0.0556486602312311,0.0611141035077547
"gene_259",0.0413417653785218,0.0453580016964577
"gene_260",0.0857774575195582,0.0948384743799208
"gene_261",0.0541593460160615,0.0594438371305488
"gene_262",0.069112093681677,0.0758303137289723
"gene_263",0.0479210872162161,0.0525708865631022
"gene_264",0.178754807483392,0.19596809384602
"gene_265",0.040509688561404,0.0444412215431664
"gene_266",0.0557954269727285,0.0612685489207821
"gene_267",0.0444936011754657,0.0488390587125659
"gene_268",0.0803100016619694,0.0883552793378459
"gene_269",0.0441392385413212,0.0484255265681491
"gene_270",0.0470960782661568,0.0516953343709911
"gene_271",0.179727482251924,0.197143703582717
"gene_272",0.100928222595757,0.111213993026835
"gene_273",0.0396168154466003,0.0434972859788227
"gene_274",0.0904368629932395,0.0993885853565852
"gene_275",0.131666339069122,0.144990036519277
"gene_276",0.0770614582814974,0.0846065949297401
"gene_277",0.0887808557435985,0.0988741494052772
"gene_278",0.0799980331804201,0.0878380925357264
"gene_279",0.0711688981260783,0.0782371765732874
"gene_280",0.0602698750658379,0.066117943808997
"gene_281",0.0585457740105502,0.0642901000379596
"gene_282",0.0543018533090929,0.0596005674324078
"gene_283",0.0534448207892277,0.0586870802812199
"gene_284",0.0423572347923785,0.0465713049208961
"gene_285",0.0828202141825843,0.0909587987713898
"gene_286",0.0485564927820535,0.053481719196087
"gene_287",0.0439555265049386,0.0482206871607127
"gene_288",0.0423944768528178,0.0465140039939593
"gene_289",0.0787004873996978,0.0866277023806818
"gene_290",0.0464544057385464,0.0509640742520277
"gene_291",0.0410225603573874,0.045007048339074
"gene_292",0.175890572086846,0.193763005126006
"gene_293",0.0570596744982906,0.0626180777857842
"gene_294",0.243964085498875,0.268754327808444
"gene_295",0.0937642812740918,0.103449892143358
"gene_296",0.220056395691652,0.243561742024288
"gene_297",0.0460598635253233,0.0505440062868572
"gene_298",0.0397708367574759,0.0436452463137424
"gene_299",0.0725619127707314,0.0796852460215096
"gene_300",0.144230822814228,0.158288589928097
"gene_301",0.183874672458664,0.201935658921114
"gene_302",0.112434179269598,0.123645799255474
"gene_303",0.0603680749413463,0.0663262718316352
"gene_304",0.0435130215721261,0.0477531186550349
"gene_305",0.161962603519656,0.178549193622898
"gene_306",0.0794550869541529,0.0872691396675372
"gene_307",0.0477860405211354,0.0524250795038705
"gene_308",0.0543234759917381,0.0596142466763639
"gene_309",0.0679429119033327,0.0746327324984628
"gene_310",0.0449778662874417,0.0493635772271137
"gene_311",0.0500674147527515,0.0549300313825254
"gene_312",0.0658767045866821,0.0753030255736711
"gene_313",0.0463645743817166,0.0508789966533865
"gene_314",0.0538146008865462,0.0591146020966778
"gene_315",0.0584039438727827,0.0641668073104787
"gene_316",0.039282641738181,0.0431067723150216
"gene_317",0.0754131450497883,0.0827604741531427
"gene_318",0.0383827608839638,0.0421112062916259
"gene_319",0.182005285955549,0.202491036338071
"gene_320",0.0437668139365796,0.0480431457869992
"gene_321",0.0622620302911233,0.0683807133835834
"gene_322",0.115603856489357,0.129139276176378
"gene_323",0.0379404351782144,0.0416233563864437
"gene_324",0.0438007483998401,0.0480860993909917
"gene_325",0.0448892706465253,0.0492576460649162
"gene_326",0.0639724109112375,0.0701963192039851
"gene_327",0.044611059685086,0.048950377526007
"gene_328",0.071125570175684,0.0780754257588228
"gene_329",0.0423705330693134,0.046535320310788
"gene_330",0.130600791291671,0.143230542781976
"gene_331",0.182472086990539,0.200171325635231
"gene_332",0.0509319989883059,0.0558810543148531
"gene_333",0.200922872840659,0.221315295621042
"gene_334",0.118687918944286,0.130814935158121
"gene_335",0.157190274915417,0.172379750369035
"gene_336",0.109842181540855,0.121398494906438
"gene_337",0.0478831105162688,0.0525339211371214
"gene_338",0.0554529260633008,0.0608356060467307
"gene_339",0.149327650473623,0.163997663446701
"gene_340",0.0548225223547042,0.060289860772015
"gene_341",0.0454075574088032,0.0498168250844677
"gene_342",0.0448716659356145,0.0492255932567215
"gene_343",0.0629723159892809,0.0691521073407459
"gene_344",0.0431666129780813,0.0473594311745007
"gene_345",0.153778080732005,0.168612881957153
"gene_346",0.0828144669531569,0.0909381189095999
"gene_347",0.069198580449797,0.0774556161271393
"gene_348",0.0483794484869559,0.0531183148830587
"gene_349",0.0432312205171571,0.0474269051121192
"gene_350",0.142137120482119,0.16279097034559
"gene_351",0.053705540530258,0.0589604694113651
"gene_352",0.0390163873272128,0.0428078441370333
"gene_353",0.0887493104181746,0.0977605537623269
"gene_354",0.0538353215831302,0.0590833266540167
"gene_355",0.0557015938303671,0.0611098985953097
"gene_356",0.0510613850530452,0.0560419110161004
"gene_357",0.0563389258363149,0.0618183552747551
"gene_358",0.0440123391601191,0.0482902631281345
"gene_359",0.099853709273278,0.109972702426075
"gene_360",0.149984044621298,0.164879629485158
"gene_361",0.0468998786536146,0.0514588626082165
"gene_362",0.0774954010035742,0.0853017945167604
"gene_363",0.0684823614851538,0.0751063523627709
"gene_364",0.0560120930238552,0.0641672496559489
"gene_365",0.0592449502865558,0.0650362999946158
"gene_366",0.124545836472703,0.136638093342631
"gene_367",0.19655328325095,0.21552951190797
"gene_368",0.0395672168096407,0.043409792333302
"gene_369",0.127380186071316,0.140520713574274
"gene_370",0.0387903854324758,0.042555317506703
"gene_371",0.158302675953277,0.17466316046756
"gene_372",0.0785909661901136,0.0862910543266353
"gene_373",0.0441504482926584,0.0484515790443952
"gene_374",0.0443325456511095,0.0486357336180637
"gene_375",0.040511194931875,0.0444437143068723
"gene_376",0.0887529439288816,0.0972948636059931
"gene_377",0.0649698692555399,0.0713713611356114
"gene_378",0.117814171164819,0.129522522705466
"gene_379",0.0549732830804013,0.0603301268374701
"gene_380",0.045241160602716,0.0496978845273611
"gene_381",0.0773518927797817,0.0850045162985742
"gene_382",0.0437826302478499,0.0480369762966093
"gene_383",0.0646589868635079,0.0709866458761676
"gene_384",0.0400771768917166,0.0439945184281239
"gene_385",0.0423570255524531,0.0467008608023626
"gene_386",0.0593614376093143,0.0651857157665724
"gene_387",0.0537893297117258,0.0590309548752393
"gene_388",0.0446734665961925,0.0490293940812068
"gene_389",0.050682023073502,0.0556287837421791
"gene_390",0.182349255704554,0.2009874212749
"gene_391",0.0462276924125873,0.0509254483964892
"gene_392",0.12857276130404,0.141142866390249
"gene_393",0.0467955855830133,0.0514102469117386
"gene_394",0.0644601343417669,0.0708380075327984
"gene_395",0.0529703281631006,0.0581117530029579
"gene_396",0.0444055516641289,0.0487785108141027
"gene_397",0.204493541565373,0.224255339051919
"gene_398",0.0736137951394232,0.0809415915060077
"gene_399",0.0628346199941747,0.0713843678984867
"gene_400",0.0514973220292579,0.0565398969229944
"gene_401",0.084848968234989,0.0931564133446045
"gene_402",0.0955962009091151,0.105349006019874
"gene_403",0.0435331590197592,0.0478103510460777
"gene_404",0.0401720603705081,0.0440738042751213
"gene_405",0.0473165163646333,0.0519381241623958
"gene_406",0.0606516989770286,0.0666128183445563
"gene_407",0.102007705764304,0.111870814092323
"gene_408",0.0491663754556526,0.0539915712791998
"gene_409",0.0388233724038584,0.0426137036005802
"gene_410",0.0581455082288338,0.0638245510320686
"gene_411",0.186551337201524,0.205431666091343
"gene_412",0.0510025046076262,0.0559881855462151
"gene_413",0.0433142849485698,0.047534340672682
"gene_414",0.0629347538126286,0.0690813722784771
"gene_415",0.139695188062225,0.153598084125181
"gene_416",0.0400832297886895,0.0439774997976511
"gene_417",0.0553181547149002,0.060705549824325
"gene_418",0.0535095500917287,0.0588101937750018
"gene_419",0.0507837277040486,0.055765566223094
"gene_420",0.0449680440597645,0.0493584517445194
"gene_421",0.13505710114143,0.148159652302602
"gene_422",0.106500788644871,0.117908838740405
"gene_423",0.0811645855300936,0.0890346242470984
"gene_424",0.0431176407929745,0.0480874339643945
"gene_425",0.062208022463993,0.0683430628222855
"gene_426",0.174468592115128,0.191312768300829
"gene_427",0.0523645137242195,0.0574671791822451
"gene_428",0.170044190290621,0.187118104864078
"gene_429",0.0412024323466559,0.0452564709491168
"gene_430",0.0639753175746551,0.0703197562682674
"gene_431",0.164971411624151,0.181106328743195
"gene_432",0.0639012947229358,0.0702025026092814
"gene_433",0.0719553055956648,0.0791593968506062
"gene_434",0.0525137333494472,0.0577744833439031
"gene_435",0.116888494996157,0.128420372760702
"gene_436",0.050327429172715,0.0552119985065044
"gene_437",0.0453207935044875,0.0497823264887564
"gene_438",0.0420031812449556,0.0460798425762895
"gene_439",0.0492176535867725,0.0539958945787126
"gene_440",0.0418859608839954,0.0459718339328441
"gene_441",0.187258773771653,0.207609633879739
"gene_442",0.0440019459957526,0.0495659483180107
"gene_443",0.0584150883263302,0.0641673813278825
"gene_444",0.0466878234638518,0.0512360502938285
"gene_445",0.0569451136343479,0.0624710148244947
"gene_446",0.0994082201020238,0.109146158716037
"gene_447",0.0468472058077468,0.0514258377664186
"gene_448",0.0794541135387446,0.0871990645639562
"gene_449",0.0406722020662794,0.0446337596506357
"gene_450",0.0394753541714105,0.0433284017867162
"gene_451",0.0491561115263438,0.0539834774140773
"gene_452",0.110076748955956,0.121237870953676
"gene_453",0.0479653806077365,0.0526325851740818
"gene_454",0.0601757862759876,0.066469769212054
"gene_455",0.0421809292902751,0.0462795620599406
"gene_456",0.0966774788036034,0.106207997703211
"gene_457",0.0498273346212713,0.0547067137902177
"gene_458",0.231890428423239,0.254435679775367
"gene_459",0.0683089661326244,0.0751882378022774
"gene_460",0.10088376691265,0.110660288277635
"gene_461",0.141242896470693,0.156712805434993
"gene_462",0.0408864769020752,0.0448557953924496
"gene_463",0.0492485073985836,0.0540275191717957
"gene_464",0.0712821333677757,0.0782493718352256
"gene_465",0.0492089707292955,0.0540312737100525
"gene_466",0.0459740347245198,0.0504385228543384
"gene_467",0.0432429109806959,0.0474434229100574
"gene_468",0.0678921135409652,0.0744814136411908
"gene_469",0.0522314647827483,0.0573204518751004
"gene_470",0.136388868088596,0.149908539423442
"gene_471",0.0436655527066164,0.0479378737851665
"gene_472",0.129193965156955,0.142407660538603
"gene_473",0.0492086809372852,0.0539866568185256
"gene_474",0.146743695190631,0.161048350401595
"gene_475",0.0562780305808609,0.061890036230268
"gene_476",0.094797254559153,0.104076081426717
"gene_477",0.0423550360636574,0.0464645749432467
"gene_478",0.0901590674283309,0.0989048470442057
"gene_479",0.0943832122050356,0.104034051802502
"gene_480",0.084420822409655,0.0928067107722136
"gene_481",0.0613364562920887,0.0674082962230001
"gene_482",0.210330103008077,0.230378932722295
"gene_483",0.0502398676786296,0.055169433770933
"gene_484",0.122647405785286,0.135062761355655
"gene_485",0.0669528737152139,0.0734648206808749
"gene_486",0.0491024689440108,0.0553130849736419
"gene_487",0.0630343557130892,0.069539535909897
"gene_488",0.0390669585377421,0.0428620587345657
"gene_489",0.0756538380643512,0.0829885725062729
"gene_490",0.0587108438336985,0.0644178970299187
"gene_491",0.159527033414175,0.175085389126716
"gene_492",0.0501694349179174,0.0551393334712811
"gene_493",0.0532883110489523,0.0585641878255895
"gene_494",0.099702994921728,0.109790579248999
"gene_495",0.198529289093355,0.218854633244669
"gene_496",0.041291934156113,0.0452999818099046
"gene_497",0.0378724189621984,0.0415486688649392
"gene_498",0.0975753711911849,0.106984368062123
"gene_499",0.0426178367003842,0.0467560575890089
"gene_500",0.0518070194415471,0.0568583823929904
"gene_501",0.0469872159595186,0.0515475227422021
"gene_502",0.045636203562283,0.0500696315841521
"gene_503",0.0431523661650621,0.0473398501790662
"gene_504",0.0535005823048311,0.0599659373996728
"gene_505",0.0781034040927718,0.085652301517301
"gene_506",0.137183046268883,0.151438252284223
"gene_507",0.0445660103568283,0.0489635002886961
"gene_508",0.0475662877525718,0.0521888839961912
"gene_509",0.0706395684890423,0.0775412894560904
"gene_510",0.0468673810506968,0.0529008975686133
"gene_511",0.173324865718518,0.19080314833206
"gene_512",0.152791904489503,0.168113043340003
"gene_513",0.0956281511656487,0.105290502090275
"gene_514",0.0493715771201214,0.054238583513756
"gene_515",0.046638211578888,0.0511685834074561
"gene_516",0.0631787995559607,0.0697261414636302
"gene_517",0.0676530751522206,0.0741923967148338
"gene_518",0.0759752924323985,0.083483534872021
"gene_519",0.0425546955312988,0.0466942876398541
"gene_520",0.151556290973591,0.166375021110877
"gene_521",0.0648999617873962,0.0712863122095333
"gene_522",0.0416628447151865,0.045757736513403
"gene_523",0.0530622027890172,0.058290497536989
"gene_524",0.195747274544226,0.215918191138791
"gene_525",0.0548595736651767,0.0602398352911454
"gene_526",0.154859254237681,0.170152316158956
"gene_527",0.0609101813213889,0.0670008906561461
"gene_528",0.0560418314981609,0.0614719460609977
"gene_529",0.0414971579656319,0.0455314776910912
"gene_530",0.0594450988230786,0.0652522050211964
"gene_531",0.130873573055038,0.143746812141819
"gene_532",0.0447166879998201,0.0490711257899348
"gene_533",0.136282011023531,0.14959092084254
"gene_534",0.0535178786135184,0.0587357634508389
"gene_535",0.0440414723911609,0.0483279276732879
"gene_536",0.0458393519674611,0.0503073817478582
"gene_537",0.138218435702333,0.151497122222153
"gene_538",0.0460699203413544,0.0506904936568456
"gene_539",0.0721125894199227,0.079259060075728
"gene_540",0.0509784025384161,0.0559264171278169
"gene_541",0.0594434306551034,0.0652545736996514
"gene_542",0.03865714452008,0.042411422921898
"gene_543",0.0511118024174875,0.0561642060067246
"gene_544",0.0750960644849366,0.0825488768236234
"gene_545",0.0431523733430213,0.0473523787278243
"gene_546",0.12471819882024,0.13708821860649
"gene_547",0.0475060588638392,0.0521217444150679
"gene_548",0.0430302929489255,0.0472075078294396
"gene_549",0.12390075858344,0.136027163248692
"gene_550",0.0399688648412201,0.0438650546469719
"gene_551",0.0424597581103187,0.046580238708368
"gene_552",0.0681916799352757,0.0749226631646139
"gene_553",0.1641638526006,0.18111162390099
"gene_554",0.0437028641832036,0.0479541549675334
"gene_555",0.0818415967958003,0.0897580604473681
"gene_556",0.0757882052555409,0.0832059929829296
"gene_557",0.0397059707263872,0.043674716349619
"gene_558",0.209973231800264,0.230876507774266
"gene_559",0.0817211384127421,0.0897998189961884
"gene_560",0.04692142616145,0.0514840951888706
"gene_561",0.202375851188236,0.224576340333853
"gene_562",0.120111484286675,0.132046090721725
"gene_563",0.0612217918246395,0.06742014996947
"gene_564",0.0419112702315683,0.0460585335421773
"gene_565",0.06037070856076,0.0663208362555864
"gene_566",0.0607407774913444,0.0667258518054421
"gene_567",0.0499566423691846,0.0548403818936888
"gene_568",0.0402536781604905,0.0441902006840762
"gene_569",0.123426486227561,0.136331927122322
"gene_570",0.0894788172978689,0.0984559448047639
"gene_571",0.169999736450523,0.186682221491952
"gene_572",0.0680370082637894,0.0747192105671752
"gene_573",0.200663150382841,0.220966857161906
"gene_574",0.0596487262154154,0.0654153904930346
"gene_575",0.0482317046015489,0.0529135984041013
"gene_576",0.0588156062660609,0.0646235846025977
"gene_577",0.185687757704217,0.203504821139894
"gene_578",0.0662814202507602,0.0727393115238415
"gene_579",0.0405484726793367,0.0444847881819698
"gene_580",0.035655267766465,0.0391230533591558
"gene_581",0.0497681132182328,0.0546181501401023
"gene_582",0.0415797671001815,0.0456143703495233
"gene_583",0.0458225388037397,0.0502713405558888
"gene_584",0.045096366474105,0.0496669402549957
"gene_585",0.0696374423280744,0.0763932977987908
"gene_586",0.0584254305602742,0.0642290145228206
"gene_587",0.0454838683230537,0.0500285720482047
"gene_588",0.0449172872674161,0.0492841135945044
"gene_589",0.117252717913631,0.128791278404907
"gene_590",0.193634340217211,0.212408182239579
"gene_591",0.0626389934505209,0.068746920790465
"gene_592",0.0453136275626344,0.0497147187238699
"gene_593",0.178889102511892,0.196219142859238
"gene_594",0.100680967950467,0.110404144957371
"gene_595",0.211167783300667,0.231400425712863
"gene_596",0.0560401633803343,0.0615957858220021
"gene_597",0.23913167958287,0.263011202161584
"gene_598",0.0572818532020819,0.0629629117566161
"gene_599",0.0578337870480422,0.0634470731214922
"gene_600",0.0460420911701562,0.0505109758628692
"gene_601",0.0391757971717555,0.0429794699322601
"gene_602",0.0564266612636411,0.061944040142141
"gene_603",0.0453438943968684,0.0497558675476901
"gene_604",0.0387854421046414,0.0425669706102548
"gene_605",0.0490716804156259,0.0538407786975837
"gene_606",0.0637867220412481,0.0703421901920808
"gene_607",0.048877713017288,0.0536346139017587
"gene_608",0.042708264506777,0.0468543083234542
"gene_609",0.0675785007825587,0.0742155297290957
"gene_610",0.0483452968667055,0.0530777382712807
"gene_611",0.039124317757002,0.0429302378975967
"gene_612",0.0565864226661359,0.0620875572840918
"gene_613",0.0472771361205883,0.0518827812960635
"gene_614",0.196722581984889,0.218145277243406
"gene_615",0.0889402378068518,0.097796792612824
"gene_616",0.0402349664980416,0.0441398660220252
"gene_617",0.0774917255516605,0.0852857694230194
"gene_618",0.0407654061222441,0.0447235862917514
"gene_619",0.055078866478808,0.0604761432404443
"gene_620",0.0770267246716204,0.0845920496628958
"gene_621",0.0662116503322502,0.0727915674529835
"gene_622",0.123348707698642,0.136249510537642
"gene_623",0.153758439551536,0.169297102420605
"gene_624",0.0471538884804603,0.0517313336756953
"gene_625",0.0463410685436468,0.0508870001082695
"gene_626",0.088161691265263,0.0967002558188015
"gene_627",0.0478744487587325,0.0525300891009862
"gene_628",0.0647772134650888,0.0710441867698394
"gene_629",0.0830565678390976,0.0911535214107048
"gene_630",0.0645479696381542,0.0710288769680429
"gene_631",0.0492310408872104,0.0540623150487589
"gene_632",0.0488831155046646,0.0536535816767179
"gene_633",0.0567149029560753,0.062335403450164
"gene_634",0.0463546285656314,0.0508970078388346
"gene_635",0.121242050690715,0.13438215326687
"gene_636",0.0426936208258374,0.0469596756974561
"gene_637",0.0510502671989854,0.0560293916109061
"gene_638",0.0572891503157177,0.0629109680866234
"gene_639",0.0971858966688103,0.106959512696676
"gene_640",0.0464044161152294,0.0509490007108816
"gene_641",0.16019295310458,0.175614151751682
"gene_642",0.0534770768457279,0.0588224682743977
"gene_643",0.0439701015530093,0.0482368375967461
"gene_644",0.0369742750302596,0.0405678606334591
"gene_645",0.059433114463759,0.0652622440220959
"gene_646",0.0570950111182262,0.062638576735494
"gene_647",0.0449725957407579,0.049342899797915
"gene_648",0.0642649303681463,0.0705209194520188
"gene_649",0.14724726510527,0.161651085425816
"gene_650",0.0641905651412912,0.0704394130529338
"gene_651",0.0419635271826007,0.0461782576229848
"gene_652",0.152769687306685,0.167530051066365
"gene_653",0.143638909335517,0.157779621423053
"gene_654",0.0725080655073164,0.0796556151085382
"gene_655",0.202912615852038,0.222823326807352
"gene_656",0.0623337049286552,0.0684365960471118
"gene_657",0.0413865455907472,0.0454019677804121
"gene_658",0.118479806202756,0.130518286429676
"gene_659",0.0448357108723911,0.0491964456993348
"gene_660",0.0466663805478376,0.0512447892767337
"gene_661",0.0880607733496807,0.0965973971807543
"gene_662",0.0628972157522941,0.0690159459596872
"gene_663",0.0635337445426625,0.0697575061108682
"gene_664",0.121543769283249,0.13424214094339
"gene_665",0.061481996700319,0.067473734341254
"gene_666",0.0429805425933127,0.0471659996292344
"gene_667",0.099850117654782,0.109732231795969
"gene_668",0.0612314544960349,0.0674140613301684
"gene_669",0.0615599580422792,0.0675389130861487
"gene_670",0.0431059004994522,0.0472919875297078
"gene_671",0.04392748617977,0.0482068577917946
"gene_672",0.12922867995653,0.148212493098327
"gene_673",0.110713614524817,0.121559377470069
"gene_674",0.105502672603148,0.115974446188298
"gene_675",0.0497806100815625,0.0546119823366168
"gene_676",0.0408212764066067,0.0447826541029152
"gene_677",0.0454052910347884,0.0498109400175221
"gene_678",0.169946467057531,0.186895755709894
"gene_679",0.0623627614951852,0.0694716913291995
"gene_680",0.184225052784171,0.201917696242944
"gene_681",0.0659670620148422,0.0723937550690682
"gene_682",0.0659638346469286,0.0723744315316614
"gene_683",0.0646587559847768,0.0712775869127591
"gene_684",0.0477959460790254,0.052545692982242
"gene_685",0.0815842761602441,0.0895299189856762
"gene_686",0.0507967206154872,0.0558175674544017
"gene_687",0.0917687945432355,0.100996508214745
"gene_688",0.0532288207389689,0.0584279407722974
"gene_689",0.100723371155656,0.11079159924678
"gene_690",0.0531154096493548,0.0583162039835618
"gene_691",0.0404399759514196,0.0443657478980578
"gene_692",0.0963825045286902,0.105823462436865
"gene_693",0.101850939584045,0.112170149604527
"gene_694",0.1010533710338,0.110802305269199
"gene_695",0.138604854337465,0.152056618890732
"gene_696",0.0714656087410074,0.07853734830995
"gene_697",0.114903505607653,0.126211910200697
"gene_698",0.0470417661209169,0.0516481853172738
"gene_699",0.0496072748243021,0.0545027590463199
"gene_700",0.0822007799676761,0.090530776375437
"gene_701",0.0553361316798036,0.0608112775011921
"gene_702",0.136750688868165,0.150333545399492
"gene_703",0.171177166259458,0.189103388389759
"gene_704",0.100883131939998,0.110654995294498
"gene_705",0.0507438217888653,0.0556848714902474
"gene_706",0.0602829874075572,0.0662716957852273
"gene_707",0.0567788500777556,0.0623231191948524
"gene_708",0.0484738740922128,0.0532438073924179
"gene_709",0.0640899649222611,0.0704561586651561
"gene_710",0.0773126231694975,0.0852785975775465
"gene_711",0.0379636570656136,0.041649540300409
"gene_712",0.0585902590425613,0.0642943461777342
"gene_713",0.052731972481734,0.0579412500811337
"gene_714",0.0435491725262708,0.047794345125324
"gene_715",0.109896285528923,0.120626425839388
"gene_716",0.0691100782225885,0.0758498406113268
"gene_717",0.0981647640294031,0.109747755859779
"gene_718",0.0582888673117312,0.0640058555790699
"gene_719",0.0408960935726848,0.0448815640605607
"gene_720",0.115323645122221,0.126866527806744
"gene_721",0.0407500400976525,0.0447061534186087
"gene_722",0.0466940071682664,0.0512276383829294
"gene_723",0.0538392360904491,0.0591198038889541
"gene_724",0.0656246463703271,0.0721040103874532
"gene_725",0.0524056412180896,0.0575057790587846
"gene_726",0.0405409490571589,0.0444826156208672
"gene_727",0.0444212366657129,0.0487873607568919
"gene_728",0.0695842556392624,0.076498379114323
"gene_729",0.0816010387006321,0.0895646042245741
"gene_730",0.0454919844849076,0.0499234014695629
"gene_731",0.113143188749157,0.12415424668066
"gene_732",0.156306299962456,0.17148018503866
"gene_733",0.0547699104612541,0.0600965912482872
"gene_734",0.0423887923631534,0.0465082049050063
"gene_735",0.0571116685008029,0.0627203160955258
"gene_736",0.218801517704193,0.24113821755072
"gene_737",0.081163784559231,0.0891791627033949
"gene_738",0.0509918980172149,0.0560242297865658
"gene_739",0.0534872792346335,0.0587353486462406
"gene_740",0.131993929285442,0.15189324888332
"gene_741",0.0447027731048906,0.0490555258825273
"gene_742",0.0619303743277669,0.0679853484804028
"gene_743",0.0433123277770852,0.0475836857413945
"gene_744",0.0563848497901237,0.0619568577645662
"gene_745",0.106778399911452,0.11786331653386
"gene_746",0.0421281335243078,0.0462321440031794
"gene_747",0.178461024707052,0.197525692955503
"gene_748",0.10860146391642,0.119496991171254
"gene_749",0.0599284252213879,0.065804933861791
"gene_750",0.0600117584747271,0.0659470528862272
"gene_751",0.0674258303366553,0.0739962140132688
"gene_752",0.0737839298740676,0.0809567022918783
"gene_753",0.204864551735029,0.224708589945129
"gene_754",0.0626794893182719,0.0690024555838522
"gene_755",0.105930255172145,0.116215111191535
"gene_756",0.0509088202528871,0.0558755464365633
"gene_757",0.0421980110225904,0.0463520224938878
"gene_758",0.0384337019970614,0.0421641705980783
"gene_759",0.0956613617006127,0.10490600512393
"gene_760",0.0467749876287193,0.0513181267075369
"gene_761",0.119988989759591,0.132145107365469
"gene_762",0.0413351420946013,0.045349235772548
"gene_763",0.055322536344158,0.0608711449546733
"gene_764",0.0701973092922045,0.0773067422261198
"gene_765",0.0732487683557485,0.0804558911679502
"gene_766",0.167164831128412,0.183327742946391
"gene_767",0.0460026035884538,0.0504706064660844
"gene_768",0.108133781712321,0.118919993998484
"gene_769",0.122661252960311,0.135075631300195
"gene_770",0.0493201206705186,0.0541269697377026
"gene_771",0.0455152344791214,0.0499346159949351
"gene_772",0.115797987477815,0.127344583844214
"gene_773",0.0438773503255293,0.0481496152612812
"gene_774",0.0458012069825371,0.0502724078262541
"gene_775",0.0471611993421916,0.0517372661143828
"gene_776",0.0430304389797413,0.0472057053678066
"gene_777",0.078878917673363,0.0865928192550101
"gene_778",0.0581206668627703,0.0639495051885895
"gene_779",0.0380400742328861,0.0417544007099511
"gene_780",0.0390696621566601,0.0429063090725152
"gene_781",0.0653601234803479,0.0717327401525725
"gene_782",0.0609052784728911,0.0668249627144149
"gene_783",0.116641193599247,0.128007431874166
"gene_784",0.0515744568558473,0.0565915389316528
"gene_785",0.0409365246305624,0.0449149264490207
"gene_786",0.0418705658515035,0.045971547476997
"gene_787",0.0512635351400545,0.0562422128507008
"gene_788",0.0408115399577856,0.0447777055268518
"gene_789",0.234222758050025,0.257551079939278
"gene_790",0.074866696362438,0.082859875836868
"gene_791",0.0433728552878593,0.0475864238575744
"gene_792",0.123347926888647,0.136030672240575
"gene_793",0.0573424549268069,0.0630303660202133
"gene_794",0.0961753563626077,0.106519060258631
"gene_795",0.0408778970886152,0.0448825690114954
"gene_796",0.0369471325493749,0.040535519449301
"gene_797",0.0582041515111276,0.0639739065706855
"gene_798",0.0405244963981091,0.044460960445145
"gene_799",0.0473571636765743,0.0519663507264581
"gene_800",0.0627313675386096,0.0689368811309803
"gene_801",0.0456189871458858,0.0501661084571663
"gene_802",0.0777707465681721,0.0855048611697768
"gene_803",0.0552611542580635,0.0607080811282644
"gene_804",0.11941776092827,0.131040738223441
"gene_805",0.0451858080287115,0.0496148201686007
"gene_806",0.0687729362233642,0.0754695021901993
"gene_807",0.0568560183021651,0.0623978704882627
"gene_808",0.23689640283832,0.260492123329943
"gene_809",0.0459678696416253,0.0504300420338944
"gene_810",0.0412085311817215,0.0452084493002164
"gene_811",0.0849690989422467,0.0932458349236778
"gene_812",0.0978668751248619,0.112612512886
"gene_813",0.0671542761750961,0.0737084883025972
"gene_814",0.0568026876862415,0.0623170654689256
"gene_815",0.0606108160192091,0.0665630487516466
"gene_816",0.0556191365635976,0.0610979642670664
"gene_817",0.147040761745806,0.161760829543454
"gene_818",0.0832574988245516,0.0913409925859255
"gene_819",0.0666230123998473,0.0739560310579938
"gene_820",0.0382865182881707,0.0420202202737948
"gene_821",0.0705447900717969,0.0780748641278685
"gene_822",0.261208372740887,0.287824928316583
"gene_823",0.0397846588162041,0.0436536811720042
"gene_824",0.0553985359890556,0.0609023518791894
"gene_825",0.0396896197638719,0.0435460595623054
"gene_826",0.132785935109269,0.147157704243749
"gene_827",0.0547371958635873,0.0600509713493807
"gene_828",0.0612231559796337,0.0673136316162459
"gene_829",0.0456222739513424,0.0500839974015397
"gene_830",0.0558814482074217,0.0614846363324898
"gene_831",0.0698919855385312,0.0771409428866954
"gene_832",0.0766714636187291,0.0842631497844026
"gene_833",0.0548404060880674,0.0602166726061884
"gene_834",0.117560857427878,0.129805373360185
"gene_835",0.254867258986286,0.280824555864429
"gene_836",0.0419493178559326,0.0460327669357568
"gene_837",0.0612098585736893,0.0671730418795467
"gene_838",0.172651878970652,0.19006779858225
"gene_839",0.0417839545584094,0.0458409069724685
"gene_840",0.0698952330559684,0.0805309087595232
"gene_841",0.0420384801141129,0.0461382287634545
"gene_842",0.0512019337488125,0.0561702631733177
"gene_843",0.0478343684175046,0.0524971254352636
"gene_844",0.214291212963448,0.234985355166237
"gene_845",0.0594487317977383,0.0652288878341659
"gene_846",0.124364218485504,0.136411994194043
"gene_847",0.127460932321443,0.139909221347506
"gene_848",0.0692982484982723,0.0764307472041193
"gene_849",0.140862210636924,0.154844446040586
"gene_850",0.0608068063038162,0.0667170116202991
"gene_851",0.0639423480949153,0.0701599283869072
"gene_852",0.040772802860425,0.0447390446509415
"gene_853",0.0606228797295902,0.0666035380051559
"gene_854",0.0657132253867876,0.0721629866953983
"gene_855",0.0440931308801218,0.0483853967552628
"gene_856",0.0459815280141445,0.0504477125932579
"gene_857",0.0526919788726095,0.0578068641986654
"gene_858",0.0880781280966271,0.0968794141162846
"gene_859",0.0401864190592524,0.0440860940289865
"gene_860",0.117225741989132,0.128601652310946
"gene_861",0.0472205951640168,0.0518050410489791
"gene_862",0.0527145572799461,0.0579791525655632
"gene_863",0.0653841636605278,0.0718348517238181
"gene_864",0.0391747823828564,0.0429767872353393
"gene_865",0.0776687237386657,0.0856748849747031
"gene_866",0.0431655624624616,0.0473664699462228
"gene_867",0.0908108393640879,0.0999089471024353
"gene_868",0.121954298401894,0.133908072709392
"gene_869",0.0804897686400831,0.0888379500241462
"gene_870",0.0714058696039865,0.0785170785354896
"gene_871",0.0396899869556944,0.043553195402824
"gene_872",0.0970371268650079,0.106532664516999
"gene_873",0.0684679832865884,0.0752578751371094
"gene_874",0.0716960468368033,0.0787512243600665
"gene_875",0.0439524114027362,0.048234751600602
"gene_876",0.178149704379232,0.195495796383568
"gene_877",0.0463391220640381,0.0508596483186791
"gene_878",0.0492479406951404,0.0541318914731604
"gene_879",0.038462376722988,0.042227684120996
"gene_880",0.0604581255439244,0.0664447404737974
"gene_881",0.0518434065757241,0.0568957807603583
"gene_882",0.0544108004707402,0.0597387604227475
"gene_883",0.0861841051409498,0.0945729318746244
"gene_884",0.060060468500282,0.0666587160119424
"gene_885",0.0465671431841121,0.0510980683049089
"gene_886",0.051699700675261,0.0567632273646914
"gene_887",0.0449609636050949,0.0493364527347932
"gene_888",0.0567113872427077,0.0622420196027388
"gene_889",0.0449256586537735,0.0493567860191134
"gene_890",0.111795595190275,0.122583049883055
"gene_891",0.107930066473803,0.118673893270553
"gene_892",0.0602680738233005,0.0663450412933399
"gene_893",0.115859281747249,0.127355751417527
"gene_894",0.129657647514403,0.142463227673577
"gene_895",0.0575338502101498,0.0632031926497471
"gene_896",0.0727399629444952,0.0802224540393862
"gene_897",0.110004331576688,0.120835905051086
"gene_898",0.192998986111875,0.212000388962012
"gene_899",0.166260428043113,0.182961360680959
"gene_900",0.0428224050861431,0.0470532789702563
"gene_901",0.0460471988195901,0.051898421465568
"gene_902",0.124852084562279,0.137316377411869
"gene_903",0.0859967224962926,0.0943423371476827
"gene_904",0.0449435658645448,0.0493043829814339
"gene_905",0.0484102471335669,0.0531226759330125
"gene_906",0.0793701000262168,0.0872490522709532
"gene_907",0.0430097289454895,0.0471851483482532
"gene_908",0.0378370256647013,0.0415158659306281
"gene_909",0.0650752311531145,0.0714774091358234
"gene_910",0.0614049105834214,0.0674709346436983
"gene_911",0.0474166682126051,0.0520258366192362
"gene_912",0.0476727021478929,0.0523799663136813
"gene_913",0.0488205462200855,0.0535596323596677
"gene_914",0.0422012840355844,0.0463054425312249
"gene_915",0.0559145726258186,0.0613477912039478
"gene_916",0.0476367949492556,0.0522803663534342
"gene_917",0.186224545830321,0.204263913648362
"gene_918",0.0749502797804018,0.0822681213675997
"gene_919",0.0637040860194898,0.0699717764332133
"gene_920",0.0452515757559101,0.0496583854636121
"gene_921",0.0411023129544087,0.045094512366985
"gene_922",0.0635214765128233,0.069756147594647
"gene_923",0.0778586363188508,0.0857690564852878
"gene_924",0.101314985580751,0.111513197353921
"gene_925",0.0509880552747109,0.0559761845557255
"gene_926",0.0355694485964553,0.0390217587837434
"gene_927",0.0584615916554215,0.0641606900567611
"gene_928",0.114459116341073,0.125978614704739
"gene_929",0.0608715871625857,0.0668297513312548
"gene_930",0.0491914986645196,0.0540442794053672
"gene_931",0.0501182553626415,0.0550474673449008
"gene_932",0.0548095860799518,0.0601608207618905
"gene_933",0.0446103522180704,0.0489431770440181
"gene_934",0.0489230954571052,0.0536699462471958
"gene_935",0.104180244831012,0.114367022575579
"gene_936",0.0695236601616679,0.076374570710173
"gene_937",0.0643221563921261,0.0705897750609262
"gene_938",0.178979445931614,0.196174781537975
"gene_939",0.05022476636195,0.0551099126760765
"gene_940",0.0381363007406646,0.0420881312067868
"gene_941",0.136355457633312,0.14971230827279
"gene_942",0.0618062361081123,0.0678684616233294
"gene_943",0.0412789497606075,0.0452884334930913
"gene_944",0.072105106871108,0.079163307103624
"gene_945",0.0421649603771908,0.0462706410695256
"gene_946",0.136648354389922,0.149834874321353
"gene_947",0.114094325974297,0.125902918819416
"gene_948",0.13944355572024,0.153036977690748
"gene_949",0.0731451070352255,0.0836100466261652
"gene_950",0.0776756724968791,0.0855161270821772
"gene_951",0.0534507454091382,0.0586528551240734
"gene_952",0.0774838529995528,0.0853529447083857
"gene_953",0.0461892405527069,0.0506869005309183
"gene_954",0.0524951095682271,0.0575945497765424
"gene_955",0.0369558386623375,0.040542547268111
"gene_956",0.0354678073658746,0.0389124157750416
"gene_957",0.0573071026218683,0.0629532061489879
"gene_958",0.0501149847858357,0.0549923344470781
"gene_959",0.0516427875161712,0.0568535130161551
"gene_960",0.0511373395422123,0.0561370045345817
"gene_961",0.0451942029972889,0.0495895872453386
"gene_962",0.0431996364720315,0.047407823361876
"gene_963",0.0602133469025979,0.066090739298135
"gene_964",0.0381860390417148,0.0419018969440497
"gene_965",0.0969871334858074,0.106980307613114
"gene_966",0.111412818619654,0.123097221019742
"gene_967",0.154977443099187,0.17072951160694
"gene_968",0.0595396527246325,0.0653485653720351
"gene_969",0.0417447923787968,0.0458088805711956
"gene_970",0.0833675597547529,0.0918408152206689
"gene_971",0.074072986429083,0.0815891424477576
"gene_972",0.0719045431840585,0.0789966136487648
"gene_973",0.046301029266251,0.0508079763353151
"gene_974",0.0438691443777129,0.0481582097677572
"gene_975",0.197659673868705,0.216587756811145
"gene_976",0.103885263413238,0.116624948079996
"gene_977",0.120514967090256,0.132596023196114
"gene_978",0.0464714877437791,0.0509897232344014
"gene_979",0.0416542730522246,0.0457021420233989
"gene_980",0.0560114132799463,0.0614955068333521
"gene_981",0.147831128784174,0.162612834744003
"gene_982",0.0643246923052268,0.0712343665732374
"gene_983",0.169613446875261,0.186912789349128
"gene_984",0.0639927954419459,0.0705063718459755
"gene_985",0.170248753670119,0.188873464825192
"gene_986",0.0814412054029045,0.0893292410795948
"gene_987",0.0397538820117014,0.0436223496077684
"gene_988",0.0840953995653383,0.0924564497030329
"gene_989",0.0761919876389169,0.0836217269424359
"gene_990",0.0417611400266194,0.0458159595946405
"gene_991",0.0502185126850067,0.0551189849109637
"gene_992",0.221714406983501,0.244622708610844
"gene_993",0.0430938329503937,0.0473030577862299
"gene_994",0.138725958867011,0.152323175895882
"gene_995",0.0638399487944335,0.070092565264765
"gene_996",0.0448705388336321,0.0492459648168153
"gene_997",0.109972756329693,0.120851904804819
"gene_998",0.0647841033010675,0.0711679146552696
"gene_999",0.0459115242275114,0.0503827488675643
