"","sample_0","sample_1","sample_2","sample_3","sample_4","sample_5","sample_6","sample_7","sample_8","sample_9","sample_10","sample_11","sample_12","sample_13","sample_14","sample_15","sample_16","sample_17","sample_18","sample_19","sample_20","sample_21","sample_22","sample_23","sample_24","sample_25","sample_26","sample_27","sample_28","sample_29"
"gene_0",1507,618,1637,1714,2526,1346,1089,872,1443,2223,1863,1457,745,1883,2215,3437,888,1082,1229,1899,1153,1675,1842,1044,957,2351,1807,1091,831,1360
"gene_1",34,12,42,40,57,29,20,26,9,19,58,44,58,51,95,89,5,14,23,32,66,59,45,19,29,37,25,14,36,32
"gene_2",1175,1260,1583,3919,1636,1297,1591,1301,2237,2220,1576,1721,978,1615,1523,2453,975,819,1309,759,1015,1228,1399,1469,1299,1417,1306,416,1418,1508
"gene_3",41,18,35,39,18,13,37,71,18,10,31,67,16,16,41,16,7,0,0,4,18,7,13,7,3,7,12,3,4,6
"gene_4",344,255,391,670,632,261,320,200,475,390,210,218,131,237,433,711,218,416,267,213,445,400,455,310,154,353,339,185,113,185
"gene_5",837,670,997,984,937,1388,954,1139,689,977,1354,765,854,822,1136,863,258,361,703,503,413,490,359,435,352,592,476,206,392,351
"gene_6",7,9,13,11,11,8,2,8,13,5,22,2,2,18,13,63,73,29,22,62,83,43,107,6,6,26,121,25,5,57
"gene_7",411,255,457,606,684,282,430,292,519,393,286,374,231,456,359,449,290,293,442,350,384,412,416,332,223,816,401,274,323,310
"gene_8",161,60,118,63,351,151,74,77,118,146,97,136,156,178,141,206,55,92,80,86,199,50,293,96,84,202,118,85,112,97
"gene_9",424,546,1049,412,519,689,438,394,596,1116,882,799,510,563,705,1399,922,487,460,399,581,479,880,538,926,826,651,615,539,545
"gene_10",11,20,43,23,25,40,22,52,25,47,27,9,24,24,27,68,20,19,26,7,25,3,47,5,18,16,15,29,11,17
"gene_11",168,168,82,104,280,96,121,136,115,120,138,139,122,94,201,528,320,294,248,190,167,194,280,281,253,284,248,239,180,199
"gene_12",1777,2058,2416,3914,3093,2001,1941,3389,4079,2166,2594,3234,3233,2369,3052,4042,2359,2117,2434,1929,3693,2306,3513,1334,1641,2909,2272,1777,1139,2515
"gene_13",218,141,229,208,206,245,211,231,283,288,193,364,189,230,398,2346,704,777,761,558,1344,958,1078,1141,474,1095,914,680,836,648
"gene_14",732,402,948,816,885,635,679,1096,1030,1158,812,848,796,967,1027,1527,796,974,593,455,746,873,1094,547,683,1106,553,787,400,556
"gene_15",115,69,88,121,90,97,71,54,80,166,131,45,67,136,116,100,60,55,66,97,70,101,78,67,68,57,100,51,77,78
"gene_16",7,42,16,25,17,22,20,7,26,16,19,17,15,45,22,30,10,12,18,14,14,24,6,31,5,30,25,20,21,12
"gene_17",204,102,109,207,227,179,142,178,280,217,156,154,100,135,161,250,178,129,241,215,192,175,250,175,80,232,179,111,150,90
"gene_18",7,10,9,8,18,20,23,9,17,35,12,41,16,26,4,28,16,7,7,12,8,23,12,9,7,7,22,13,10,4
"gene_19",2,3,6,21,20,0,1,5,28,8,1,7,0,10,3,7,4,11,41,3,6,13,2,0,4,7,7,11,1,2
"gene_20",1527,1300,1699,2055,2621,1514,1186,2416,2886,2265,1019,1438,1589,1789,1800,3537,1886,1377,2417,1561,2483,1705,1921,1376,1032,1362,1484,798,1023,1154
"gene_21",16,26,18,25,37,30,17,26,25,9,18,9,24,26,32,11,5,30,23,2,12,23,16,17,11,51,53,12,21,12
"gene_22",14,0,4,37,1,24,0,1,5,19,3,12,9,1,4,4,0,11,0,0,1,6,16,0,2,14,5,3,0,2
"gene_23",1242,754,803,1244,1190,1958,1253,1095,1358,1676,912,991,874,1353,975,2035,449,700,1129,938,1178,1094,1644,1114,505,1375,920,950,817,1154
"gene_24",154,81,155,128,393,228,147,203,267,270,130,140,94,197,155,297,180,177,104,143,150,228,247,78,75,223,173,201,182,114
"gene_25",35,31,55,75,86,55,47,27,77,36,50,45,36,77,30,59,23,36,45,55,105,61,72,27,25,25,19,11,42,18
"gene_26",130,36,107,124,129,163,123,132,110,104,71,177,150,147,193,160,93,71,96,75,118,97,112,74,73,45,105,51,85,48
"gene_27",78,48,35,87,178,61,94,115,107,77,75,88,65,87,65,181,88,33,64,83,78,110,85,41,98,157,51,29,60,52
"gene_28",1112,1101,1463,1879,1109,1151,1276,1155,1234,2010,1524,1369,547,1148,876,3174,714,1116,1737,1003,1105,1354,1838,608,1291,2230,960,1399,840,1121
"gene_29",538,535,729,915,829,1008,387,614,828,719,509,1030,812,908,627,3978,2508,2743,2847,1912,3192,2899,2736,1465,2036,3613,2155,1854,2192,1882
"gene_30",5,1,3,14,1,0,19,3,1,7,3,1,0,4,20,31,0,2,12,2,1,2,1,0,2,1,4,1,0,3
"gene_31",387,128,357,435,205,303,312,274,449,539,296,481,302,324,102,1006,221,303,264,484,556,448,516,339,533,394,328,487,230,493
"gene_32",690,373,752,985,833,479,496,680,606,780,736,829,534,721,646,1730,1014,742,775,842,923,846,775,873,671,1035,936,501,524,485
"gene_33",446,330,773,876,1128,483,468,495,344,1280,855,708,366,471,689,2102,1419,993,879,1172,1407,1502,1711,689,981,1394,1358,879,664,781
"gene_34",2,4,1,0,3,3,7,6,0,3,2,5,0,6,6,21,6,1,3,0,1,20,39,0,6,3,0,0,0,0
"gene_35",107,32,141,149,118,110,93,50,126,142,74,76,80,131,224,142,79,71,27,32,69,83,72,66,77,124,118,57,122,43
"gene_36",5012,4479,7963,4723,9547,5221,6175,4421,9847,6108,7569,6409,3504,6051,6114,8149,3598,2851,1948,5310,4031,4685,6897,3253,3576,5671,5414,5111,4058,5180
"gene_37",552,440,1007,1230,957,559,737,776,1118,1188,588,1130,734,1015,863,1427,753,606,793,883,618,867,1345,503,614,813,572,686,572,698
"gene_38",6,0,2,7,1,5,1,4,5,3,8,6,1,14,5,6,1,13,0,0,4,22,18,0,1,6,5,2,4,3
"gene_39",0,0,9,28,14,0,16,28,0,14,0,1,1,2,14,7,1,0,0,6,0,0,2,5,2,0,1,4,0,1
"gene_40",497,276,547,481,955,417,296,524,592,561,419,458,308,360,584,375,210,177,291,168,281,271,217,116,160,286,212,143,162,247
"gene_41",128,74,116,173,128,124,59,89,92,182,163,163,104,97,142,199,118,181,97,140,92,183,139,118,49,119,154,73,59,119
"gene_42",1110,660,960,1427,1883,1448,931,931,1403,1436,1060,1151,1344,889,1151,2220,759,1049,895,764,1145,1346,1273,697,763,1281,487,403,1023,1891
"gene_43",201,123,379,758,458,300,316,219,315,278,235,269,361,346,272,671,270,338,504,150,267,325,476,182,221,413,239,352,136,267
"gene_44",200,114,280,292,321,115,242,217,245,228,175,181,156,240,239,652,352,291,353,471,491,601,299,228,190,311,487,281,343,395
"gene_45",369,205,240,183,321,308,161,318,245,161,213,173,226,225,225,1295,620,423,470,468,517,787,945,330,273,525,397,272,299,295
"gene_46",162,111,281,259,221,326,264,181,193,266,277,141,142,303,326,129,46,57,41,33,75,67,64,46,61,62,54,33,40,18
"gene_47",8,25,15,37,13,12,19,3,22,17,4,10,16,8,50,11,3,9,16,15,7,9,25,4,16,6,17,2,18,14
"gene_48",3218,5211,5811,5188,10380,5825,4412,4333,6625,5349,4316,5180,4601,6314,6369,8385,3035,3088,4677,2536,4856,5393,3942,3880,2223,3867,4059,2363,4042,3482
"gene_49",5,1,11,18,4,3,7,14,16,1,2,12,11,0,21,39,0,10,9,4,6,14,6,11,7,3,12,2,8,5
"gene_50",149,125,231,267,175,177,123,243,149,248,122,185,91,213,180,213,103,54,78,81,71,99,107,41,69,87,92,68,122,76
"gene_51",26,45,53,110,46,77,45,47,44,96,65,45,76,11,99,132,62,71,56,53,66,63,107,35,26,46,51,16,24,91
"gene_52",5387,3202,5088,7748,8093,3832,5743,6357,6123,7636,6449,6245,5346,4637,9217,13928,3649,4352,4079,6003,6874,4690,7847,6587,5603,7301,5746,2796,4842,4407
"gene_53",1251,658,1448,1958,1684,902,1181,1066,991,2079,1101,1249,974,1329,1163,2069,892,829,1591,711,1177,1130,1576,801,917,1492,871,656,849,804
"gene_54",58,47,24,65,69,69,49,33,57,83,46,40,57,60,23,136,48,38,43,21,68,143,37,29,101,85,49,21,30,53
"gene_55",253,188,359,346,285,250,229,259,296,328,194,265,156,247,274,384,183,183,185,306,333,285,393,160,139,283,206,206,121,175
"gene_56",1187,1111,1875,2280,2543,1053,974,1291,2176,1825,1812,1378,2103,1169,1141,3079,2074,1344,2920,1857,1487,1751,2545,901,975,1645,1553,1226,1080,1117
"gene_57",3980,3908,5495,6758,7846,3521,3506,5471,3956,6548,4906,8491,5283,4951,4658,1862,1345,1027,1782,1183,1227,1723,1948,1157,775,1611,837,537,892,907
"gene_58",295,312,324,287,250,213,372,297,377,480,243,218,200,250,442,868,491,240,478,272,401,282,515,218,232,560,184,193,298,175
"gene_59",19,14,20,32,18,22,37,21,11,56,38,15,29,10,14,7,23,19,26,20,27,23,54,7,6,16,12,14,19,7
"gene_60",7,14,21,14,45,13,32,14,14,23,31,46,28,9,2,33,8,9,36,14,21,38,45,23,15,40,39,22,22,33
"gene_61",4641,2627,6976,5917,5706,4681,6595,6141,5782,7755,4112,6990,5234,5977,5046,7842,5535,3306,7149,2910,5011,6275,4746,4040,2352,6259,4513,2260,3112,3138
"gene_62",5,2,1,0,27,1,13,1,9,10,4,3,7,7,5,3,1,0,3,1,0,0,0,1,3,3,3,0,0,0
"gene_63",4844,4092,6028,5493,6685,4320,4636,6187,5035,5445,6072,6398,4207,4267,5815,6414,8354,3403,3254,3311,4264,3638,5844,4487,3330,6696,4705,4235,6067,4049
"gene_64",92,84,100,125,49,111,95,48,97,139,144,85,128,111,147,204,80,62,88,61,82,107,91,61,47,84,131,60,52,51
"gene_65",43,24,92,77,61,71,59,74,73,44,76,89,38,51,44,477,321,179,144,186,276,232,240,80,377,115,457,260,268,205
"gene_66",171,91,273,243,272,279,324,141,319,316,152,248,234,219,287,354,130,173,161,171,229,186,376,129,166,229,144,169,130,136
"gene_67",825,1214,1185,1194,1411,900,1118,1594,1161,931,1271,1115,1057,784,1276,925,495,499,596,541,599,789,762,690,672,776,826,593,493,830
"gene_68",220,247,296,415,629,270,207,362,344,479,371,462,200,291,248,658,208,263,310,208,215,226,354,430,264,366,274,298,183,342
"gene_69",6,1,12,0,1,0,0,8,0,3,0,0,0,8,7,35,18,13,34,11,30,2,41,5,60,2,14,15,19,5
"gene_70",323,232,348,588,427,352,498,282,474,670,242,222,238,291,506,601,166,422,263,287,458,364,362,214,326,292,359,200,214,276
"gene_71",433,336,481,455,402,440,257,403,442,383,435,389,317,456,591,398,230,255,291,587,355,279,585,225,230,622,273,171,259,374
"gene_72",506,497,685,1017,809,648,486,594,800,901,746,443,459,513,468,1073,607,441,577,438,518,347,612,284,292,459,429,390,390,541
"gene_73",8,2,63,33,33,24,10,15,17,26,9,15,12,34,18,99,168,27,89,84,55,111,87,39,56,92,38,137,19,80
"gene_74",1,1,1,3,11,5,8,0,9,0,5,12,4,5,2,40,0,1,1,9,8,0,0,1,7,5,1,0,1,2
"gene_75",63,39,102,125,89,43,48,97,43,127,86,130,57,69,45,64,77,38,105,54,80,39,113,70,77,92,81,37,43,66
"gene_76",8,16,56,24,29,34,19,17,20,32,17,31,23,21,10,41,17,16,29,13,41,32,28,26,26,39,12,18,17,37
"gene_77",20,29,33,35,55,33,27,31,43,4,34,35,17,14,68,74,20,37,20,20,28,47,44,34,24,59,29,23,23,17
"gene_78",47,23,42,33,3,11,9,40,16,30,27,54,20,12,27,75,17,42,49,30,4,3,13,14,18,12,43,25,8,32
"gene_79",72,39,97,118,125,56,58,66,121,133,78,96,102,87,105,68,74,32,77,34,99,31,37,41,78,113,54,91,59,75
"gene_80",127,65,79,133,125,127,54,109,143,112,91,51,72,65,115,311,83,88,109,61,120,136,72,52,99,82,125,78,127,93
"gene_81",652,577,700,1238,760,974,518,921,1341,705,792,947,620,1041,1202,1856,586,654,445,670,1152,642,905,506,385,1054,651,445,669,561
"gene_82",879,903,1408,2272,1479,1081,761,1159,1328,1450,1455,1564,1532,1159,1102,2724,1051,1019,1505,1049,1176,1262,1675,1429,602,1176,843,696,1272,945
"gene_83",35,61,49,39,29,29,10,36,35,54,19,38,11,42,42,103,34,13,44,38,16,44,20,26,15,42,22,66,19,25
"gene_84",83,90,63,112,102,132,55,66,88,84,147,181,89,76,88,200,158,90,119,95,160,141,109,87,62,97,73,128,124,70
"gene_85",160,262,433,569,488,210,204,400,438,287,324,249,256,392,340,313,169,133,172,172,179,136,286,181,137,105,119,103,213,177
"gene_86",3660,1320,2905,3418,2673,1681,2021,3594,4213,3064,1973,3320,2224,2385,2987,4929,2485,2105,2837,2191,2283,3247,3179,1415,1919,2804,2834,1871,2343,2652
"gene_87",137,164,133,255,154,99,118,113,100,154,128,186,83,80,90,396,142,129,157,142,137,181,190,104,57,215,239,57,91,139
"gene_88",2,0,0,8,6,2,2,0,2,3,0,3,6,12,2,3,0,2,4,0,1,2,10,1,1,3,0,4,5,1
"gene_89",194,144,194,354,452,213,260,159,263,203,263,233,158,406,432,557,283,264,276,184,315,425,283,176,153,397,209,273,250,223
"gene_90",135,50,272,287,84,83,153,93,163,123,127,196,120,177,242,193,70,60,81,148,141,132,66,68,106,120,68,46,72,65
"gene_91",2716,4571,6052,7667,4478,5478,5015,5275,6867,8920,5746,6677,5868,5551,6241,9480,5781,5971,3269,3898,5103,3678,7560,4025,3315,8069,7329,5109,2595,3482
"gene_92",244,177,417,423,323,228,386,264,253,440,226,466,256,374,564,494,261,88,395,217,216,243,289,224,142,329,255,224,140,178
"gene_93",30,21,40,53,43,42,27,19,44,71,37,6,36,47,34,10,13,7,13,6,8,7,18,7,9,15,12,11,1,1
"gene_94",56,40,37,161,67,111,148,35,50,90,63,32,56,32,63,265,232,143,394,120,244,271,359,175,105,265,141,172,130,131
"gene_95",68,47,72,121,88,31,34,71,87,59,53,61,50,90,75,133,39,52,58,34,85,35,48,43,71,73,78,41,24,20
"gene_96",225,189,342,251,163,260,138,238,449,184,288,222,232,190,170,278,255,255,207,178,307,199,271,223,188,410,217,171,160,208
"gene_97",208,122,284,346,461,176,139,349,519,93,98,220,195,162,333,676,272,192,321,161,243,325,306,257,135,366,169,238,220,221
"gene_98",990,838,1410,1467,1355,864,812,1026,1404,1553,960,1238,580,1021,964,1355,783,633,1127,691,771,557,1091,471,740,1241,570,435,623,833
"gene_99",361,242,176,613,687,183,329,374,305,474,403,449,337,249,344,795,554,276,423,220,301,385,392,233,394,298,315,164,206,368
"gene_100",56,81,118,172,105,59,33,46,100,152,72,93,46,134,100,83,53,34,53,71,68,129,78,51,50,74,31,70,65,53
"gene_101",28,16,18,42,12,14,24,11,11,33,11,20,22,12,10,61,31,53,35,10,43,42,50,16,31,26,43,3,23,16
"gene_102",427,252,447,735,854,607,631,555,610,772,424,638,548,525,719,887,423,501,563,713,437,525,823,416,391,846,542,627,629,495
"gene_103",133,55,143,161,160,165,227,143,131,117,105,132,169,112,96,284,113,127,80,140,112,235,166,89,127,242,134,100,115,94
"gene_104",190,188,229,389,344,159,300,226,304,212,236,233,130,150,341,398,248,131,300,161,285,290,266,121,273,355,257,179,236,298
"gene_105",1081,1294,1396,2173,1352,1333,1224,1432,1822,1190,1532,1549,1425,1303,1589,2473,923,1009,1912,799,1649,1700,2156,1611,1005,2601,1398,1066,1372,1784
"gene_106",5503,4780,6938,7137,9274,5054,4019,4927,4858,6969,4413,3070,4988,5166,4865,12719,3442,3355,3709,3592,4738,4055,6474,4192,2208,6243,5078,3922,3036,3476
"gene_107",19,13,8,36,46,24,18,39,13,16,15,21,40,15,26,33,14,26,22,36,46,13,12,11,21,17,34,18,17,23
"gene_108",4754,3716,4188,5222,3895,3633,3666,3977,6921,3466,3528,5490,4821,4616,5712,6956,4878,6346,6414,5046,3558,3735,4146,3833,2488,5261,3696,3728,2409,2813
"gene_109",30,23,36,10,29,24,49,47,38,13,55,30,22,24,30,382,139,96,167,56,294,129,33,42,111,49,133,100,106,98
"gene_110",310,88,238,580,443,352,349,230,277,163,324,236,254,299,399,678,218,273,202,401,339,309,336,320,382,217,295,123,198,158
"gene_111",290,138,405,216,245,186,241,226,220,375,281,349,180,289,371,694,461,430,503,453,754,361,618,335,324,601,421,389,248,498
"gene_112",92,69,69,114,125,78,57,60,159,114,81,129,77,59,100,128,75,62,74,78,123,61,120,60,49,98,49,60,83,62
"gene_113",2618,1581,2401,2348,2625,2958,2645,2244,3452,2776,1822,3055,3178,2492,3618,841,490,573,556,679,770,646,648,522,519,1066,730,584,367,449
"gene_114",12,35,56,81,49,40,24,24,64,61,32,34,48,32,42,92,31,31,29,44,40,41,36,70,8,31,53,31,25,29
"gene_115",690,313,433,906,748,823,523,310,915,763,745,934,350,687,645,654,293,476,604,347,447,549,434,354,365,576,655,586,420,519
"gene_116",168,135,192,293,201,116,67,137,177,265,135,164,188,143,169,360,164,92,226,137,127,125,270,128,116,243,213,127,127,193
"gene_117",36,8,56,13,55,39,18,54,35,20,13,33,7,36,31,124,55,87,132,64,125,47,64,119,59,108,168,57,136,134
"gene_118",1320,1483,2403,3335,2951,1806,1935,2142,2148,3553,3018,2327,1322,1540,1837,1060,264,444,614,292,485,272,473,337,330,562,498,249,224,448
"gene_119",15,0,2,2,13,2,9,1,11,5,0,6,2,0,8,4,4,2,0,13,9,4,12,4,2,10,6,2,15,5
"gene_120",71,29,19,113,50,35,38,67,53,66,65,29,48,98,38,328,106,37,57,25,39,66,40,51,23,123,100,33,12,41
"gene_121",5,4,4,25,8,8,13,7,10,7,6,4,1,1,2,19,9,9,10,3,0,14,5,0,5,4,8,7,1,2
"gene_122",245,205,250,340,412,250,239,175,199,282,207,264,258,229,269,703,221,156,303,414,361,273,483,136,129,397,135,315,198,222
"gene_123",455,139,373,346,574,240,186,273,346,304,250,199,131,326,377,536,132,160,280,189,281,237,335,166,198,390,216,220,152,269
"gene_124",6,0,20,29,43,12,11,16,13,47,28,20,21,4,10,138,145,22,23,38,5,24,63,36,68,59,35,2,47,38
"gene_125",581,328,632,1470,868,414,305,409,706,710,501,958,677,542,746,1260,459,433,487,566,449,572,504,293,433,743,367,425,307,482
"gene_126",28,21,43,22,34,12,29,2,29,12,3,35,9,30,16,6,18,24,23,36,13,22,29,26,6,12,52,15,16,17
"gene_127",417,345,426,855,976,373,289,350,794,533,440,1022,642,684,809,720,313,488,404,663,418,287,487,595,260,720,602,418,427,506
"gene_128",263,96,321,267,386,240,238,354,222,469,115,256,371,322,293,88,45,48,57,37,52,83,54,100,47,65,55,36,76,73
"gene_129",637,481,639,1205,1414,671,761,772,758,598,694,955,519,648,870,3559,2532,1820,2641,3033,2389,1936,2883,2508,2084,3145,3718,2361,3156,1974
"gene_130",24,5,39,13,48,10,46,20,13,49,48,31,34,23,14,77,148,71,72,102,114,167,172,44,40,136,62,68,83,75
"gene_131",141,100,189,220,184,241,360,108,232,260,192,160,152,243,191,375,71,168,87,102,204,163,135,75,111,286,118,113,89,119
"gene_132",53,45,39,118,178,21,34,48,83,78,59,54,58,34,87,99,114,42,74,63,60,103,27,32,34,31,48,40,65,38
"gene_133",19,2,9,35,25,7,18,4,15,40,11,6,26,13,2,32,3,4,2,17,10,9,10,5,5,3,6,5,3,3
"gene_134",195,209,185,397,341,179,130,216,331,182,281,221,200,156,247,498,227,215,169,112,158,167,192,182,155,174,239,124,83,199
"gene_135",3432,3562,5274,7595,9228,4487,4738,4759,6991,6252,3654,8331,6090,6615,5563,13641,3810,6337,6640,6021,5362,5629,7531,2765,4511,7690,4876,3718,2376,5323
"gene_136",28,16,32,53,46,30,53,26,32,73,50,13,39,65,18,466,211,113,326,207,174,169,207,58,56,410,243,86,183,51
"gene_137",71,81,252,147,108,83,79,125,66,76,103,84,91,110,83,109,75,47,57,101,157,112,106,101,76,117,103,49,62,84
"gene_138",544,557,324,1412,691,554,419,538,536,1202,712,881,529,596,595,1060,318,734,553,322,584,466,514,275,386,1075,604,561,530,584
"gene_139",256,95,247,272,261,107,151,114,258,295,156,206,126,237,164,389,252,181,107,128,183,169,159,114,168,186,113,123,153,205
"gene_140",5118,5579,6244,4345,7408,5736,4483,3680,4856,5452,7243,6664,6463,5989,5437,9444,4490,6015,5885,5151,6543,3367,4510,4085,3716,8424,4308,5557,3820,4485
"gene_141",618,401,832,892,590,740,444,508,679,707,541,580,606,624,822,1312,759,676,1178,584,767,802,937,516,362,505,810,433,534,459
"gene_142",3019,3864,5822,6519,8390,4164,6465,6680,6259,8627,4745,7426,3915,3521,3488,9914,4489,4393,3462,3188,4770,3507,3837,2987,2534,5143,5817,3327,3194,3749
"gene_143",268,195,446,496,501,448,301,328,383,633,224,225,340,229,550,650,318,361,311,247,263,353,453,205,279,490,280,308,212,223
"gene_144",22,13,6,20,6,3,0,15,8,22,6,11,5,3,35,43,2,28,8,16,9,22,7,14,3,8,14,4,15,6
"gene_145",347,343,593,725,369,347,554,314,306,511,373,391,427,305,402,1008,508,527,474,907,1058,1162,1051,431,816,997,546,577,683,706
"gene_146",42,8,19,39,39,17,23,14,64,37,26,71,14,18,51,41,20,20,24,12,31,31,40,30,10,19,8,7,44,12
"gene_147",53,38,5,8,49,34,12,12,19,18,14,22,27,25,14,33,57,12,24,30,33,23,49,42,41,55,28,32,37,36
"gene_148",56,53,82,177,120,123,121,71,94,102,58,136,118,82,115,316,123,90,133,45,80,160,193,80,66,225,104,112,130,201
"gene_149",1009,675,1243,1687,1157,915,1092,952,1472,907,1119,590,1094,754,980,1978,978,1813,1854,1332,2681,1062,1726,910,1085,2482,1534,1465,1263,1101
"gene_150",263,315,440,373,306,477,363,247,247,326,386,354,305,285,502,494,272,249,428,398,190,437,485,260,243,427,327,128,303,281
"gene_151",796,550,906,708,1144,745,544,643,1787,918,821,1103,761,717,636,1277,851,582,600,679,794,912,768,695,637,1313,703,619,526,722
"gene_152",938,889,1569,1065,1697,1121,610,979,1363,1278,785,1217,882,1116,1387,1738,916,524,616,786,838,1173,876,581,470,937,934,714,649,1113
"gene_153",69,91,134,121,119,104,138,103,71,138,251,135,63,134,187,178,98,92,142,77,187,198,104,66,84,152,99,112,82,209
"gene_154",17,3,0,8,1,5,6,3,3,0,0,4,7,4,9,4,11,5,3,12,3,11,0,1,1,2,5,3,0,2
"gene_155",141,148,79,178,201,111,84,79,124,287,68,78,151,238,151,204,68,63,115,36,84,193,150,76,66,94,105,117,125,104
"gene_156",5641,3350,7129,7372,6975,4989,4135,5631,7106,6382,3871,7071,6038,8505,7670,7566,4548,4382,3886,4114,4513,6172,6721,3752,2116,5843,4949,3661,4909,4957
"gene_157",217,86,269,195,152,84,204,152,143,307,206,206,99,95,153,103,39,34,54,41,28,29,38,30,33,77,34,58,31,36
"gene_158",40,9,6,12,17,23,18,11,12,9,12,26,18,17,9,18,5,6,7,21,8,6,15,5,26,3,1,5,6,0
"gene_159",59,27,112,74,62,51,47,54,162,97,112,64,96,34,74,72,61,63,72,33,36,68,98,39,54,100,53,31,26,25
"gene_160",9,18,33,28,45,26,17,25,17,44,53,19,26,29,36,47,35,8,22,12,54,28,14,33,12,73,11,24,13,20
"gene_161",114,130,114,283,214,152,131,183,150,146,136,252,125,159,132,76,44,23,21,25,51,43,48,20,14,32,41,30,34,31
"gene_162",863,482,509,1365,1160,524,636,810,653,944,621,894,754,630,1136,396,198,144,121,185,126,219,214,117,141,176,152,108,165,119
"gene_163",756,724,1034,789,794,595,768,1093,1432,673,779,1039,519,819,1154,1249,659,649,850,907,1155,1239,1047,935,981,1192,919,1245,668,1145
"gene_164",264,411,200,166,291,226,287,201,299,343,252,328,227,247,297,576,345,372,286,300,352,152,300,250,370,359,181,159,146,172
"gene_165",25,4,26,18,60,19,10,49,20,29,36,16,43,37,28,54,33,11,9,20,31,25,34,25,12,48,22,6,12,16
"gene_166",638,847,729,964,1370,572,963,749,808,969,893,932,735,889,1176,2200,1124,880,745,786,1628,1124,1874,1079,492,1228,1023,683,487,690
"gene_167",1794,1737,2213,2565,3013,3264,1914,1966,2441,2931,1933,2984,2173,2136,2685,1008,515,569,584,590,543,470,816,479,734,714,298,437,414,656
"gene_168",4481,2538,6353,6602,7916,4512,5305,6321,5641,8581,5092,6717,5511,6955,5849,12541,2340,3589,6860,5505,6151,7768,5836,4204,2660,6584,8666,3665,3181,3531
"gene_169",78,28,93,32,60,72,45,60,61,101,68,42,54,71,46,320,135,89,164,60,95,151,163,54,93,107,120,84,72,60
"gene_170",425,334,363,746,671,411,510,343,437,482,445,656,196,325,531,2362,1200,1027,1500,2027,1167,1308,1627,1159,1038,2311,2878,1465,962,1374
"gene_171",1587,1036,1764,2039,1419,1649,1013,1845,1437,2666,2066,2663,1878,1767,1114,4993,1783,2046,2433,1185,2582,2080,2044,1783,1240,3013,2700,1870,1273,1631
"gene_172",155,83,84,244,168,106,80,121,113,121,140,126,103,241,110,200,52,124,151,112,90,93,120,136,117,114,123,86,33,136
"gene_173",402,367,272,853,852,324,280,386,519,437,494,665,499,631,520,740,567,266,908,422,500,393,708,347,306,675,282,437,207,589
"gene_174",202,224,243,456,315,211,145,361,297,409,193,375,299,223,292,785,314,192,487,473,463,478,413,432,340,514,675,362,581,489
"gene_175",140,53,158,176,167,69,139,100,126,151,131,153,145,122,229,122,183,54,134,106,177,74,151,201,69,249,102,91,126,125
"gene_176",165,117,169,430,228,188,216,222,306,311,249,215,162,132,217,360,251,170,182,150,187,124,203,171,227,156,162,209,141,164
"gene_177",1127,821,1441,1356,1243,945,900,1066,1203,1666,1276,772,1243,1297,1427,557,189,216,293,249,311,290,402,222,186,348,271,184,117,139
"gene_178",289,278,530,530,378,375,376,413,253,416,352,517,226,438,326,585,263,294,369,305,461,295,429,271,310,392,499,145,213,374
"gene_179",43,19,41,89,96,46,79,36,53,40,25,38,52,40,71,58,70,51,32,48,78,107,106,78,23,100,94,53,40,59
"gene_180",25,3,0,0,0,1,0,4,1,2,1,8,0,3,9,9,2,18,3,13,4,6,17,1,4,2,4,7,0,0
"gene_181",35,21,27,60,45,40,13,45,7,57,75,58,22,35,52,50,26,20,69,17,17,31,31,21,14,9,44,26,18,37
"gene_182",107,82,233,362,275,107,85,153,108,165,188,191,99,168,148,141,147,207,120,202,140,153,151,131,154,286,155,68,153,183
"gene_183",5,0,1,11,17,3,4,1,2,2,4,4,2,5,4,18,2,15,4,0,5,4,3,0,9,17,1,7,10,2
"gene_184",6022,2744,5152,9521,7589,6571,4784,4760,4730,6304,5004,5880,4811,6841,8102,10073,3760,3131,4180,3961,5974,5805,5838,2607,2557,5164,5076,2356,3583,3598
"gene_185",3,3,15,3,6,6,2,2,12,8,1,3,2,14,3,20,19,0,5,8,9,15,5,0,3,2,9,5,13,3
"gene_186",7,0,11,19,10,11,5,14,62,11,23,29,24,6,12,40,4,8,10,32,20,5,54,22,11,35,30,27,7,9
"gene_187",2744,1622,3410,3315,3293,3723,2782,2999,4068,3962,2660,3101,2253,3050,3144,27261,11362,8804,7691,7989,5761,12743,13017,10786,7690,18619,10933,5356,9059,9328
"gene_188",6,5,6,4,17,2,1,0,13,20,5,0,0,1,2,13,2,35,9,7,0,4,6,1,7,8,11,1,11,8
"gene_189",628,442,405,565,791,339,639,622,820,1168,694,1125,799,782,867,817,645,474,657,610,548,888,695,400,327,751,412,580,496,762
"gene_190",71,58,173,139,119,40,53,40,80,104,82,130,70,83,84,320,155,179,244,182,179,81,68,170,112,218,144,84,82,138
"gene_191",437,318,347,668,283,446,244,307,428,612,398,643,271,232,434,375,261,415,231,239,566,458,508,267,365,505,305,258,380,190
"gene_192",759,611,1315,1242,1362,874,676,915,1314,1031,701,1201,1168,1488,1107,2018,1080,790,553,849,1146,1020,1329,544,706,1110,944,775,651,877
"gene_193",18,16,14,36,49,23,9,19,33,47,49,16,20,69,13,20,13,3,64,5,12,19,25,16,21,37,14,15,43,34
"gene_194",43,19,48,39,40,62,41,25,57,36,63,46,29,63,56,62,53,27,29,64,18,25,28,40,39,73,73,61,22,43
"gene_195",5,0,13,4,0,6,35,9,4,0,5,2,7,7,12,9,11,4,0,0,8,6,4,10,5,5,0,0,1,7
"gene_196",25,17,23,20,22,10,25,11,9,14,27,48,20,20,63,26,34,22,8,24,41,2,26,36,24,25,9,20,20,19
"gene_197",314,255,324,466,543,252,330,209,301,447,263,455,394,357,457,1485,663,519,813,626,1079,1249,710,444,375,1013,655,392,386,534
"gene_198",376,308,664,523,816,380,553,441,437,531,360,486,255,376,486,802,358,277,468,463,816,340,517,539,349,330,314,446,458,277
"gene_199",5187,5293,3660,7422,7813,4249,4467,4661,4350,7086,8076,7858,5051,6332,5084,6845,3747,5081,3514,3690,4789,4609,5964,3734,2486,6319,3036,3118,3191,2512
"gene_200",172,122,222,245,149,180,124,169,239,153,163,169,186,90,208,314,82,75,255,112,143,213,180,69,107,175,156,175,94,152
"gene_201",417,181,258,405,665,282,420,415,381,483,344,290,340,374,263,203,187,178,208,160,139,211,217,145,164,305,155,149,112,165
"gene_202",212,163,194,170,273,177,212,146,267,279,236,310,177,238,165,342,108,117,355,321,236,160,137,160,87,369,232,209,141,216
"gene_203",76,33,51,80,53,111,81,63,45,68,42,101,52,40,51,146,109,37,64,81,147,55,44,59,60,62,85,76,62,33
"gene_204",619,359,997,586,926,556,645,679,710,604,635,961,918,699,943,1138,698,665,877,824,919,796,979,766,832,848,1139,556,790,797
"gene_205",306,371,463,565,436,457,285,462,449,457,295,350,512,605,384,973,571,383,433,402,359,394,668,475,334,484,523,283,225,473
"gene_206",214,130,211,384,272,306,235,141,308,216,275,138,225,188,208,241,171,158,289,187,208,192,254,139,187,275,121,107,152,193
"gene_207",31,12,32,78,38,20,19,8,27,26,86,43,28,32,32,71,44,14,34,32,25,42,43,18,10,46,31,16,15,66
"gene_208",162,55,163,379,160,87,137,146,153,281,193,157,215,232,117,634,340,310,151,264,384,279,678,191,194,407,256,352,231,193
"gene_209",591,511,965,594,1237,645,787,407,918,843,1077,939,675,944,885,1887,671,682,850,692,708,642,737,675,717,995,711,518,568,735
"gene_210",380,389,547,535,1178,480,283,427,356,796,540,767,786,598,856,2116,517,542,939,612,641,1338,1005,580,491,674,704,588,370,680
"gene_211",45,41,70,70,78,45,28,64,68,61,65,61,66,36,149,107,39,39,74,47,77,44,138,31,25,86,47,70,110,58
"gene_212",26,48,83,52,123,32,13,57,97,11,52,35,61,36,42,89,29,34,54,18,41,82,32,25,14,32,47,18,59,44
"gene_213",4278,3763,5544,6878,7378,4784,5173,6352,5686,3848,3688,6103,2968,5091,6040,7532,3421,3379,3877,3682,7189,5029,6491,3581,3269,7038,4530,3860,5336,3321
"gene_214",1049,644,1485,2043,1369,1309,901,1977,1603,2079,1496,1727,1065,665,1602,4543,645,1839,1676,1235,2452,1271,2088,1388,1083,1371,2218,1244,1117,1748
"gene_215",172,167,147,192,361,121,181,176,99,220,140,178,189,168,283,474,256,130,292,259,221,288,221,196,299,449,353,198,304,261
"gene_216",69,71,143,85,55,79,44,79,184,59,88,98,102,80,93,267,51,90,96,78,89,75,163,57,42,157,119,30,67,29
"gene_217",14,7,25,35,43,46,26,8,67,16,43,32,18,29,2,114,7,4,40,16,36,20,8,21,9,52,30,30,19,33
"gene_218",71,32,76,102,78,72,53,114,56,96,94,130,85,57,54,109,71,52,70,40,77,118,53,50,59,74,71,45,57,45
"gene_219",4,0,8,3,8,0,2,6,13,7,1,15,1,13,7,17,1,2,4,15,3,3,6,6,11,3,0,8,1,9
"gene_220",57,22,16,49,64,36,48,15,60,42,48,49,62,28,18,211,157,51,460,99,268,74,156,161,177,108,170,85,69,187
"gene_221",2234,1051,1266,1660,2063,1830,1589,1796,1331,2256,1445,2542,832,1406,1357,2672,1612,1311,1865,751,1204,1712,1362,1300,1106,2265,1272,1195,1051,1838
"gene_222",890,1229,1070,1652,2208,1580,1247,1670,2278,1509,1678,1832,1144,1140,1845,3150,1470,964,2007,886,1403,1620,1617,1255,854,2819,1675,1007,1064,1999
"gene_223",19,10,28,44,56,38,33,26,47,34,36,24,3,10,26,90,17,84,180,52,34,85,156,36,138,151,36,201,91,62
"gene_224",182,178,321,301,250,196,331,306,326,359,248,199,157,171,251,523,189,244,231,254,228,305,332,140,200,420,238,329,93,179
"gene_225",146,134,159,209,128,134,185,123,368,195,188,332,119,193,258,315,99,311,153,105,212,126,231,170,113,184,135,153,86,148
"gene_226",1,0,0,8,5,2,9,20,7,15,11,16,11,11,0,38,2,0,6,4,4,6,23,1,9,0,47,9,4,7
"gene_227",874,756,1136,653,1483,704,790,871,667,1604,670,566,711,712,1207,8116,3339,3159,2961,1710,5723,3563,3823,2209,2723,4340,3449,3593,3231,1927
"gene_228",2,4,6,2,0,0,7,2,2,4,1,1,0,3,8,10,13,2,9,6,10,1,0,1,4,1,0,9,5,2
"gene_229",22,3,10,14,17,13,20,15,24,20,13,16,36,7,8,30,1,10,2,14,6,3,19,6,6,16,18,5,2,14
"gene_230",1293,756,596,1643,1610,1241,1272,1278,1283,1034,1257,908,1086,1305,1113,1671,1216,764,1444,821,1023,870,1505,613,809,1477,1098,558,828,557
"gene_231",52,27,47,46,88,33,37,42,85,108,39,42,39,65,44,146,33,47,93,36,70,45,48,53,70,58,38,38,39,37
"gene_232",48,68,103,262,171,78,126,75,63,207,131,109,67,71,169,146,93,114,168,126,154,98,110,76,72,124,62,73,59,58
"gene_233",8,2,1,0,3,12,1,2,0,13,4,0,6,12,11,31,12,4,16,2,11,5,14,0,3,11,6,12,3,5
"gene_234",10,2,9,4,5,9,25,6,12,10,5,0,10,6,12,13,8,0,27,1,14,4,4,19,2,14,16,2,2,18
"gene_235",288,169,328,498,543,347,237,257,329,289,316,413,400,371,426,691,333,245,319,272,346,453,459,270,226,471,420,295,147,209
"gene_236",54,61,170,205,116,93,107,110,115,122,161,120,134,162,239,143,101,124,105,51,194,61,162,110,70,127,98,44,79,69
"gene_237",32,14,71,62,45,49,60,31,81,39,51,47,46,28,33,54,27,8,27,12,15,23,41,29,32,20,28,33,15,29
"gene_238",12,1,22,3,10,15,8,20,10,14,7,24,11,4,3,16,4,5,7,35,16,5,17,12,0,3,7,8,4,1
"gene_239",12,33,20,43,14,12,29,23,23,13,11,8,43,47,9,51,12,23,16,16,6,10,10,13,24,49,5,22,9,14
"gene_240",4390,3556,5576,4922,4964,6282,3710,4541,5193,7794,5708,4638,6110,3316,6494,7793,1704,2019,4059,1881,2455,2775,3421,1501,2054,3092,2920,2027,3001,3294
"gene_241",64,64,60,201,113,64,52,33,126,92,76,126,34,118,142,75,134,44,47,65,57,66,56,60,55,91,87,51,66,44
"gene_242",686,264,839,1201,712,708,443,927,591,1067,757,910,696,766,933,1647,1391,1014,1428,1051,2085,1487,1937,943,1484,1587,1424,1806,765,1411
"gene_243",622,439,861,1018,1243,821,770,814,879,894,863,1217,979,871,1062,2126,537,1065,741,610,592,703,1350,553,377,939,455,318,698,530
"gene_244",821,320,1244,1058,1183,676,589,869,1028,866,584,934,469,514,973,2213,675,472,750,410,566,483,510,350,530,632,571,390,590,530
"gene_245",215,184,233,481,454,264,130,243,281,264,190,317,257,200,267,176,138,104,210,118,182,76,119,141,112,132,171,95,119,71
"gene_246",6,15,14,7,13,9,18,24,8,19,1,13,20,6,15,11,30,5,19,10,3,0,15,7,35,11,12,18,11,4
"gene_247",30,15,14,5,9,18,22,17,25,27,22,10,4,18,15,41,21,10,21,30,7,31,40,28,29,30,17,8,18,5
"gene_248",499,667,561,670,1218,887,698,824,1103,957,928,889,749,594,926,1367,692,548,478,292,1047,475,828,512,426,813,541,538,559,286
"gene_249",1,9,15,12,20,10,3,8,28,7,14,7,6,20,14,13,10,6,16,4,6,15,4,1,9,10,28,6,4,3
"gene_250",545,364,681,771,611,470,442,412,580,556,417,459,405,436,493,887,455,521,532,419,665,557,697,452,480,740,666,527,363,551
"gene_251",55,43,65,109,84,25,98,42,75,54,34,77,14,50,65,70,39,29,60,55,34,35,76,15,39,46,61,42,36,33
"gene_252",59,52,61,34,142,46,67,45,71,82,147,68,62,77,27,172,62,61,59,63,93,43,63,67,53,70,52,54,49,23
"gene_253",53,6,16,30,26,38,38,8,50,43,22,40,32,78,33,116,21,16,36,35,32,25,64,27,18,47,48,21,32,26
"gene_254",88,122,124,136,142,143,110,93,149,81,111,129,64,93,176,284,72,158,154,50,81,118,157,70,52,198,49,50,65,93
"gene_255",823,548,644,1327,1271,781,530,1056,824,1415,1075,1196,943,901,1159,3231,1552,2015,1988,1856,1667,1771,2467,1044,1472,2176,1775,1245,1509,1204
"gene_256",420,331,512,529,351,382,515,234,486,416,679,338,405,483,669,609,264,248,240,250,218,260,418,299,211,365,237,281,180,290
"gene_257",94,66,168,155,155,50,101,124,72,63,159,158,96,70,102,264,114,69,68,88,98,61,191,93,119,275,147,108,128,64
"gene_258",1080,889,1052,1578,1752,804,1054,775,825,1212,972,584,1146,697,1034,1981,571,812,1201,765,884,1064,1114,758,651,1483,1278,508,587,838
"gene_259",5120,3100,4487,4944,4469,3936,3747,3680,4871,4449,4668,6199,1891,3670,5243,7588,3339,2531,6344,3261,5561,3422,5672,2940,3108,4267,3927,2061,3801,3041
"gene_260",94,136,155,258,155,160,135,157,118,317,146,170,112,164,121,249,69,75,166,171,170,100,167,131,119,142,173,141,145,139
"gene_261",371,326,316,411,564,341,353,299,372,459,388,400,374,335,411,850,455,266,600,442,387,513,446,438,279,689,496,343,414,450
"gene_262",330,178,198,472,404,290,191,384,301,400,351,611,386,343,285,294,185,108,157,113,140,174,199,83,96,99,147,69,118,70
"gene_263",5,9,30,55,22,33,3,9,24,30,17,18,27,16,41,58,32,26,36,14,23,50,32,17,8,33,9,29,6,7
"gene_264",21,10,27,12,60,38,61,20,24,25,41,49,13,30,32,35,23,8,32,14,18,29,8,12,13,58,23,13,13,21
"gene_265",3625,3157,8104,4118,8736,5304,4306,7462,11370,5917,3232,5786,3793,4377,6750,9992,4106,5164,4444,4938,3375,5976,9512,3312,4429,3260,5109,3300,3156,3827
"gene_266",773,622,872,937,1177,743,1022,876,1856,1253,1023,930,712,624,1083,2173,1160,660,1107,971,925,1119,1290,895,408,1057,1100,775,684,810
"gene_267",754,478,991,956,1254,644,804,373,836,681,574,667,398,1039,378,1441,805,499,476,389,913,637,817,581,544,918,577,534,656,640
"gene_268",195,64,141,323,386,214,163,211,250,258,233,207,168,207,168,439,219,265,77,304,237,189,217,182,177,258,193,142,149,256
"gene_269",382,316,533,618,471,444,344,328,436,856,521,293,340,517,569,1232,366,506,325,434,492,587,578,340,377,601,355,212,329,308
"gene_270",224,169,250,306,314,199,144,150,183,287,233,252,234,80,192,387,184,147,114,136,235,301,206,122,93,166,229,105,87,126
"gene_271",129,87,117,164,255,145,141,183,144,202,182,139,229,96,189,289,127,146,267,156,189,78,164,124,102,159,208,102,128,178
"gene_272",148,158,329,335,420,213,135,234,259,251,184,209,132,418,200,266,133,73,105,115,139,165,149,70,107,248,112,50,57,147
"gene_273",17,4,7,25,24,19,11,10,27,24,18,12,12,25,15,11,11,18,1,20,4,11,32,4,11,11,12,10,8,9
"gene_274",5328,6119,6113,7480,9008,5532,5957,4784,6471,5180,4069,9044,4326,7880,6126,11285,5744,4119,5631,4130,4830,7322,5002,4072,2872,5753,7150,5002,3379,3322
"gene_275",700,480,710,1298,1020,699,651,899,757,1710,553,963,982,798,1130,1437,799,773,889,715,555,561,1173,551,844,1596,797,572,702,403
"gene_276",72,62,113,113,160,87,43,83,173,84,136,47,52,94,73,762,495,280,347,486,375,264,344,249,150,324,442,217,320,323
"gene_277",1240,1373,2032,3524,2237,2481,1974,1355,2175,2404,1419,2210,1827,1654,2054,4112,2168,1333,1607,2095,2483,1898,3699,2230,1271,2333,2492,1694,1400,2105
"gene_278",23,37,36,43,67,36,40,27,55,115,41,31,84,22,99,41,29,31,38,21,27,45,37,40,29,82,23,39,22,21
"gene_279",4021,2854,4613,8206,6514,5017,5684,5796,4933,7584,4498,7750,3928,6091,4594,5634,3940,3244,5009,3774,3760,3709,4586,2996,3344,5112,4017,2512,5362,5276
"gene_280",90,51,60,272,54,38,47,90,125,69,67,41,49,83,46,98,33,44,39,23,51,17,46,31,34,21,17,39,23,28
"gene_281",7,1,35,5,0,0,2,7,16,6,1,3,0,13,6,9,0,1,2,1,0,1,0,0,1,2,3,1,1,0
"gene_282",2103,1505,2847,2659,4147,2487,3713,1942,3073,3836,2019,1914,2160,2720,3289,2574,1666,1512,3147,2865,2497,1939,4792,2587,1315,4371,2599,1306,1540,1736
"gene_283",1759,475,1853,2917,2063,1701,944,770,1825,1484,1832,1411,1320,1866,1204,3142,1097,1258,968,912,1606,1255,1396,1179,607,1187,940,1776,974,1459
"gene_284",20,11,29,63,66,15,46,50,60,39,61,26,20,41,31,54,37,14,33,14,13,22,39,18,29,60,25,38,17,20
"gene_285",0,2,4,5,2,25,10,2,15,11,20,5,9,15,2,8,3,9,45,25,9,7,7,1,12,16,8,10,21,10
"gene_286",19,4,1,4,4,10,5,9,9,2,8,3,16,0,2,5,4,7,5,2,3,22,13,1,4,6,6,2,1,20
"gene_287",40,46,88,134,125,77,58,132,148,160,87,154,34,89,89,218,172,33,86,101,97,109,83,52,59,68,99,56,69,76
"gene_288",1,18,1,1,1,2,1,0,6,1,0,14,6,5,8,8,0,0,14,1,6,4,4,11,3,3,7,2,1,10
"gene_289",14,31,25,61,94,36,25,39,27,23,19,67,27,35,56,20,44,16,6,57,7,31,18,18,21,18,15,38,18,27
"gene_290",216,141,219,367,330,413,189,173,272,241,189,190,254,318,467,129,100,77,75,172,113,95,253,40,100,134,85,127,80,68
"gene_291",829,396,724,1144,1345,980,949,702,1006,1278,599,1014,1063,1115,1311,1348,596,681,789,642,580,663,621,497,689,1216,777,408,663,951
"gene_292",59,14,17,56,42,36,12,32,25,15,41,42,31,34,49,98,14,32,43,42,26,42,33,26,30,22,30,10,16,56
"gene_293",82,92,159,107,183,169,123,161,111,69,160,172,114,175,112,196,178,70,158,107,97,132,184,64,114,216,139,67,156,76
"gene_294",212,153,340,418,605,224,298,328,328,289,189,291,247,285,255,781,377,207,468,190,415,473,294,382,284,511,282,246,263,249
"gene_295",6179,3950,5530,9183,6113,3587,4075,3868,6117,3999,5621,4132,4623,3581,4344,11403,3997,3552,5545,4395,4460,7239,6569,5127,4387,7285,5551,3964,4083,3487
"gene_296",32,29,40,28,19,20,4,15,10,9,3,60,23,18,16,19,16,18,17,9,30,35,10,15,16,4,24,22,12,20
"gene_297",10,1,2,27,3,6,7,13,20,8,15,15,10,8,8,13,7,21,5,8,5,1,1,1,17,18,2,2,4,4
"gene_298",16,4,4,9,14,1,5,4,12,14,5,2,0,4,12,7,3,0,9,7,5,6,0,1,0,0,0,7,2,3
"gene_299",396,441,491,750,465,475,396,340,464,596,487,590,647,623,493,820,607,404,422,411,486,558,706,442,578,620,648,513,441,314
"gene_300",177,116,115,144,193,120,65,170,257,194,178,88,39,115,113,359,189,160,168,110,130,224,194,166,192,319,114,142,128,115
"gene_301",445,292,823,1169,1186,603,571,775,727,810,732,756,506,702,741,263,138,182,145,181,179,167,263,177,129,201,156,135,149,167
"gene_302",137,75,101,147,166,62,145,90,119,84,66,143,113,139,197,196,176,227,145,133,157,129,157,142,76,241,208,130,164,134
"gene_303",400,270,211,583,357,344,222,290,216,513,294,403,447,309,284,729,239,220,199,216,238,345,383,329,171,446,302,302,166,293
"gene_304",164,179,285,375,374,151,273,233,231,299,245,228,205,248,247,197,95,205,119,174,157,142,173,84,113,105,230,104,105,81
"gene_305",242,110,147,220,313,120,155,135,378,168,183,224,147,187,191,539,303,305,297,420,445,479,361,549,261,482,328,336,297,233
"gene_306",27,24,41,81,59,91,44,44,43,24,47,48,49,48,40,148,35,67,84,48,92,47,121,37,74,165,83,25,57,62
"gene_307",1362,1030,2233,2911,2236,1639,1169,2182,2213,2357,1540,2192,1997,2075,3454,3790,1209,1635,2507,1298,2367,2179,3189,1377,1745,2648,2016,1298,988,2098
"gene_308",123,55,62,108,118,116,43,50,107,134,32,199,64,66,75,276,200,39,151,101,182,71,125,69,146,228,94,103,162,88
"gene_309",495,531,823,694,1084,577,695,419,718,717,831,767,517,522,497,929,539,509,992,755,616,542,713,401,418,537,696,544,456,496
"gene_310",316,155,221,330,249,228,207,220,235,318,326,274,263,362,89,405,324,202,206,91,155,136,398,135,172,235,252,182,185,161
"gene_311",4353,6547,4988,6134,5320,4199,4384,4816,6646,8225,7113,5621,4431,4582,5192,11015,3972,4350,5368,5896,5353,3949,6617,2296,3993,4800,4572,3602,4168,3569
"gene_312",430,587,1044,1055,784,517,708,720,757,625,556,775,572,824,827,1340,785,518,530,679,558,655,844,351,280,727,552,371,374,511
"gene_313",49,93,47,85,52,65,56,77,98,113,61,76,107,109,112,157,57,93,49,45,135,120,137,74,89,93,122,117,61,16
"gene_314",185,118,142,133,138,105,100,117,133,229,174,197,164,225,152,290,100,180,57,137,149,185,127,50,90,179,143,158,103,113
"gene_315",126,87,95,130,174,155,157,133,168,166,157,106,182,107,156,226,85,80,77,97,146,128,144,162,65,99,120,124,140,114
"gene_316",2,2,2,12,13,7,20,8,4,6,5,9,7,6,3,0,54,40,1,34,24,56,0,2,30,3,11,24,34,34
"gene_317",6058,2772,5242,8115,7741,5343,4800,3285,6321,5197,6023,5502,1813,5882,3713,9448,7801,4990,4470,5279,7065,4530,5452,5226,2332,7720,4567,2706,6687,4772
"gene_318",1169,950,979,2222,1911,953,987,1665,1262,1614,1278,1163,1567,841,1296,1789,1328,941,2395,913,1253,1039,1562,994,761,1782,1675,555,1171,805
"gene_319",28,24,73,66,85,18,25,51,10,30,40,52,84,51,71,98,30,21,39,29,97,19,42,10,46,91,46,53,69,39
"gene_320",197,263,556,376,543,399,529,227,239,416,389,584,241,593,409,727,416,209,249,233,218,243,491,256,286,381,218,244,325,372
"gene_321",147,167,301,340,477,293,302,250,229,336,362,277,252,137,260,294,159,160,246,161,266,177,369,116,143,404,235,154,240,145
"gene_322",18,12,23,28,14,22,3,14,6,32,25,23,9,17,9,10,13,34,30,16,7,15,6,27,3,10,16,15,3,14
"gene_323",3159,2600,3045,4419,3379,3849,2409,2949,5581,2486,3206,3826,3070,2868,2227,6210,3065,2150,1829,2580,2675,2274,4531,1646,2065,2885,1573,2214,3219,2357
"gene_324",87,87,178,119,63,73,83,68,112,147,122,115,104,98,83,162,49,69,107,121,150,164,183,51,99,259,31,45,66,36
"gene_325",234,100,365,444,268,217,282,182,238,309,290,252,216,109,197,642,247,215,180,135,226,331,307,270,192,321,255,318,137,247
"gene_326",346,207,378,660,374,320,489,431,518,517,179,564,226,295,382,604,460,367,394,191,282,275,420,405,242,290,427,325,282,378
"gene_327",13,16,13,15,19,11,40,29,13,50,40,66,32,42,28,61,5,23,12,22,7,22,17,13,35,8,23,2,11,38
"gene_328",11,9,7,17,21,25,13,18,42,44,18,10,35,51,8,13,5,26,7,2,10,3,15,12,7,26,50,6,8,6
"gene_329",153,77,130,132,105,96,127,122,79,185,199,124,79,63,145,443,217,101,247,234,103,240,233,156,137,134,123,189,200,186
"gene_330",466,447,635,910,538,415,421,580,460,562,373,1007,380,582,476,944,461,387,335,471,485,905,586,400,387,767,575,316,193,290
"gene_331",118,100,222,334,490,289,106,237,215,195,186,205,99,178,290,405,133,198,315,172,215,199,221,176,142,230,198,133,142,307
"gene_332",408,489,566,786,844,602,653,678,871,741,776,728,575,617,588,1519,516,593,534,775,1154,407,1065,552,760,856,911,606,311,522
"gene_333",242,246,357,503,227,221,380,447,478,485,402,270,309,369,324,564,308,178,251,325,197,315,258,356,272,317,175,311,159,291
"gene_334",597,286,438,574,614,324,417,491,574,401,350,516,376,357,598,945,434,334,507,441,372,445,780,488,364,328,614,393,242,360
"gene_335",17,3,4,14,4,19,2,9,5,1,11,21,2,8,10,16,13,1,11,5,37,24,9,3,5,10,3,4,1,12
"gene_336",385,389,715,807,749,710,560,394,773,534,386,851,536,772,1046,1397,434,371,550,392,733,375,1130,377,497,927,466,523,400,318
"gene_337",29,16,68,34,49,57,40,41,33,62,42,40,55,16,36,107,48,35,43,22,41,55,62,38,26,56,21,31,23,48
"gene_338",99,58,70,74,59,24,38,93,87,53,108,87,64,73,93,54,72,37,70,20,14,33,86,51,79,84,59,31,56,68
"gene_339",106,97,188,164,245,109,95,115,256,84,80,89,83,113,134,188,177,138,118,148,93,167,149,78,130,198,126,114,87,130
"gene_340",9,4,3,16,0,0,0,2,3,1,4,3,20,2,5,2,10,0,1,8,0,0,9,0,7,15,1,0,7,1
"gene_341",102,104,158,245,167,156,145,144,118,158,195,107,107,142,239,254,84,54,107,62,145,211,104,102,102,112,82,46,116,112
"gene_342",62,41,94,54,78,66,61,51,58,77,55,83,51,53,48,62,26,23,72,43,71,86,62,55,66,145,52,50,31,61
"gene_343",45,29,36,108,47,44,24,48,33,83,37,81,44,54,73,33,27,19,38,49,45,52,61,22,10,29,34,47,19,21
"gene_344",57,36,46,91,27,42,49,76,66,85,32,68,29,50,63,21,20,11,15,18,29,29,59,14,16,23,33,39,16,24
"gene_345",1469,1187,2558,2672,2533,1303,2175,1308,3428,2192,1179,2028,1168,1826,2757,3584,1828,2352,2021,2861,1790,3358,3358,1524,2028,2656,3958,1748,1489,2219
"gene_346",0,1,3,14,29,14,5,17,9,7,37,18,9,8,53,8,4,1,15,25,4,12,20,3,2,6,14,17,9,7
"gene_347",150,79,137,113,176,92,69,153,111,104,93,206,61,90,146,100,53,88,100,94,56,142,92,69,45,114,75,108,58,113
"gene_348",41,1,3,1,9,3,12,5,1,10,2,5,0,1,3,23,4,22,1,11,9,15,0,1,2,18,13,11,9,3
"gene_349",47,38,79,22,85,13,18,45,27,42,26,67,35,21,47,97,26,8,31,44,44,10,31,48,52,44,60,21,25,24
"gene_350",96,69,73,61,85,52,70,52,75,44,49,82,47,45,53,122,40,75,53,30,65,51,80,45,28,57,51,25,24,39
"gene_351",3121,2784,3488,5746,5050,2519,3005,3036,3803,4931,4449,3947,2944,2786,4998,23276,14886,10975,12564,17281,14557,11350,11330,12672,7467,26673,11278,11613,14939,10962
"gene_352",26,20,23,15,49,22,20,24,35,39,26,2,50,22,17,42,22,20,10,40,36,52,15,44,27,32,45,12,15,24
"gene_353",19,26,36,50,39,16,67,32,14,30,8,29,20,25,16,36,10,30,33,30,46,10,15,24,45,60,27,28,23,11
"gene_354",11,12,27,1,0,3,4,11,5,3,5,2,4,7,21,11,5,16,26,12,6,0,10,10,0,2,16,6,27,29
"gene_355",112,82,206,275,389,124,251,172,325,176,156,247,282,208,337,256,92,180,254,214,206,234,310,149,254,237,150,288,192,169
"gene_356",1352,1548,1431,2013,2640,1565,2329,1333,2617,1183,2026,1864,1390,1346,2251,2069,917,1264,1491,1064,1087,1091,1404,1445,912,1069,922,845,1035,871
"gene_357",13,26,5,20,9,10,13,14,6,20,18,21,7,23,2,39,19,19,20,14,45,7,18,18,24,86,18,3,12,2
"gene_358",49,61,108,130,157,97,30,74,85,66,98,78,75,72,70,140,77,26,75,87,44,126,89,26,53,33,45,52,95,66
"gene_359",2269,2188,1376,2758,4110,2631,2816,2070,2874,3651,3372,2863,2654,2992,2422,4873,2507,2219,3788,2462,3967,3034,4635,2371,1926,2677,4009,2443,2505,1978
"gene_360",51,50,54,71,40,25,19,89,69,77,20,83,53,28,23,37,22,24,41,12,32,4,13,17,12,38,12,13,4,20
"gene_361",358,580,687,1811,762,696,470,777,738,825,706,738,359,666,664,1373,613,338,540,473,515,357,618,268,388,701,421,277,380,627
"gene_362",311,271,302,613,319,209,430,343,343,462,271,405,297,302,385,1051,217,448,504,383,446,247,887,643,431,954,453,390,444,485
"gene_363",11,20,8,6,19,3,14,25,15,2,12,12,4,3,1,25,7,5,5,8,4,15,7,11,7,23,16,21,16,1
"gene_364",1533,1095,1045,3477,2349,2038,1508,1858,2757,2992,1251,2222,1754,1981,2054,3093,1713,1683,1271,970,1773,1338,1769,1389,1058,1998,1435,1274,1290,1818
"gene_365",431,526,630,1143,949,743,693,399,1059,713,1035,721,761,771,684,2312,821,667,880,605,867,847,954,465,652,734,1398,594,814,773
"gene_366",40,42,59,147,101,32,69,21,64,56,56,23,87,45,83,114,34,41,80,27,27,46,78,24,24,46,48,31,38,41
"gene_367",21,6,15,28,30,21,18,30,91,12,9,28,30,15,43,65,33,24,15,12,10,49,18,22,21,25,13,9,9,7
"gene_368",62,61,68,63,50,118,83,40,56,81,128,127,58,101,130,961,164,356,274,348,355,333,315,229,250,336,422,233,105,199
"gene_369",904,681,867,1257,1074,897,834,1033,802,1081,798,572,367,1020,1493,2445,915,824,759,817,771,638,863,1097,843,1480,691,323,700,708
"gene_370",48,39,70,23,99,45,51,17,11,85,51,64,40,40,53,85,53,20,41,27,29,35,47,17,39,94,18,38,28,65
"gene_371",0,6,3,10,3,10,5,8,0,3,5,3,11,6,4,39,22,1,0,2,15,10,20,70,19,1,1,44,21,2
"gene_372",61,94,106,307,162,97,73,160,119,123,117,75,99,136,77,56,26,34,30,27,24,16,24,30,30,30,29,10,17,26
"gene_373",664,415,970,742,1363,819,806,878,963,650,781,1263,663,983,960,322,168,155,148,184,159,127,261,121,201,188,161,126,172,134
"gene_374",6,9,23,2,19,1,15,14,39,32,11,13,24,21,5,26,1,11,25,13,8,15,15,1,17,22,18,24,12,11
"gene_375",69,53,102,105,127,80,115,60,162,144,66,113,237,116,133,303,76,73,116,51,110,84,94,104,60,131,56,63,95,81
"gene_376",32,10,18,35,0,2,13,15,11,6,11,13,14,9,5,12,8,19,9,13,37,29,9,13,20,16,7,13,9,4
"gene_377",168,65,199,252,233,122,181,121,220,329,255,165,244,138,305,188,91,71,75,127,115,109,118,99,54,97,116,66,48,89
"gene_378",123,105,96,100,210,95,108,90,194,197,92,120,116,134,149,270,183,55,103,150,178,121,131,91,95,93,125,125,106,57
"gene_379",105,89,137,132,291,97,136,87,103,182,183,169,201,121,178,307,201,86,161,70,164,142,131,123,179,178,131,54,84,103
"gene_380",17,32,82,40,66,24,26,22,38,94,109,22,28,44,43,87,40,34,15,61,32,25,98,12,39,105,15,24,31,77
"gene_381",40,36,34,42,28,49,23,55,20,71,50,36,40,23,8,83,23,26,58,23,15,81,60,41,11,47,50,10,41,17
"gene_382",682,707,770,1371,1711,455,580,1003,1294,1368,854,1081,869,1139,1065,1243,769,515,1101,761,852,798,791,369,516,824,537,449,532,692
"gene_383",89,156,357,266,264,222,173,172,204,226,184,383,217,245,190,200,102,80,114,99,115,109,256,68,81,107,105,78,102,120
"gene_384",65,116,193,202,163,140,111,99,60,134,95,144,129,114,148,182,101,40,119,60,104,159,69,82,111,166,145,127,86,86
"gene_385",14,3,6,2,2,1,3,6,0,4,0,0,19,5,12,6,14,8,1,3,11,1,18,0,31,5,1,11,30,0
"gene_386",9,6,7,14,61,6,8,0,7,10,31,10,4,35,20,19,3,0,9,10,15,5,35,17,19,50,20,15,2,7
"gene_387",739,468,688,1145,1310,580,913,465,563,523,695,1088,636,1029,533,1153,762,747,735,644,601,544,1238,706,589,1066,738,448,455,534
"gene_388",125,37,118,125,71,79,87,65,53,52,86,75,37,106,95,85,96,59,39,60,56,53,110,34,52,105,39,47,37,78
"gene_389",13,17,10,34,16,21,7,21,4,6,8,15,13,11,28,1,2,3,5,0,0,10,2,3,1,3,2,3,0,4
"gene_390",63,46,46,50,42,72,64,30,55,51,84,64,52,73,106,47,33,20,37,22,27,43,35,24,16,47,33,25,23,34
"gene_391",47,41,223,134,84,32,67,60,73,94,133,101,59,98,103,193,77,45,71,76,52,95,70,32,36,99,64,69,79,58
"gene_392",25,58,62,37,86,38,53,74,53,32,75,58,55,25,84,182,85,31,50,52,76,17,151,72,56,56,89,53,63,32
"gene_393",357,249,636,437,574,503,416,267,571,598,391,448,418,473,413,343,518,200,535,173,342,324,603,213,254,528,383,291,286,331
"gene_394",2437,2559,3595,4931,3555,3306,4263,2619,4208,3410,3930,4252,2302,2993,4024,6535,4007,3537,4282,2181,4400,5225,4545,2422,3232,4657,2870,2598,2364,3536
"gene_395",490,1120,1119,1764,1374,1037,1100,971,1318,1564,1033,1103,1166,1273,1595,1886,1908,2029,1501,1481,2192,2572,2734,1530,1631,2103,1540,1181,2424,2519
"gene_396",1511,1209,2253,1575,2078,1738,2125,2163,2084,2631,2055,2272,2283,2182,2415,2320,1871,1701,2002,1922,1783,1809,2302,1958,1524,3099,1606,1271,1607,1786
"gene_397",67,75,106,118,54,70,85,103,115,146,93,93,65,70,126,100,41,30,20,40,43,51,21,49,40,47,20,21,35,44
"gene_398",543,478,1022,1451,1785,677,609,890,993,990,1224,1114,732,760,1023,2126,810,574,597,775,754,675,820,379,445,1111,844,1020,470,505
"gene_399",32,6,15,14,24,16,41,19,47,57,22,1,5,31,54,18,8,5,2,5,5,6,2,2,5,5,1,2,1,9
"gene_400",84,131,121,200,267,93,153,161,106,305,206,197,107,74,62,163,154,60,102,93,134,65,103,60,68,130,203,136,89,39
"gene_401",5222,3628,5888,10446,6142,4493,5243,3927,8209,4781,6626,5970,4039,5462,6268,8597,4141,4010,4896,4635,3938,3872,6557,3902,4260,5824,2599,3472,4438,4143
"gene_402",198,109,120,279,91,189,149,265,232,151,187,208,90,118,228,417,148,110,100,225,111,90,190,97,119,128,174,153,117,156
"gene_403",132,26,68,167,112,137,89,107,114,75,66,95,32,65,112,227,86,81,101,66,38,52,60,20,51,80,81,98,68,41
"gene_404",24,17,63,79,35,97,18,45,43,59,40,40,48,48,58,61,25,44,73,27,91,76,77,73,41,92,94,61,32,26
"gene_405",500,450,1201,1421,1290,730,659,818,1232,1068,942,846,557,873,1302,2488,745,1102,941,1091,637,950,1966,663,639,1523,1014,650,905,686
"gene_406",5458,5346,5994,9558,6692,5451,6881,5598,5040,7066,4954,4226,6734,7394,5430,10639,5670,2073,5350,4114,4851,5892,5272,2115,2429,5623,5002,2598,4508,3976
"gene_407",439,142,536,517,415,282,387,328,316,336,230,462,194,245,449,915,401,428,455,317,490,367,573,438,428,607,465,438,290,371
"gene_408",115,125,92,54,199,92,75,80,152,99,69,72,115,88,133,174,200,135,204,280,351,161,292,207,165,174,138,79,107,227
"gene_409",3761,2842,4852,8157,7418,3584,5838,6020,8822,4797,5196,6715,4125,7011,7414,10319,6323,3339,3286,5074,5401,2898,9617,4457,3283,8439,4551,3752,2688,4954
"gene_410",58,25,45,89,81,52,22,29,57,62,16,20,10,48,72,45,13,27,27,55,37,42,20,41,40,15,16,29,16,27
"gene_411",436,358,587,680,472,341,444,600,632,1227,588,750,525,577,542,1218,610,329,862,386,507,696,676,278,452,484,808,455,453,461
"gene_412",79,51,115,77,79,40,47,89,94,94,72,39,62,111,103,175,64,32,82,37,70,110,76,73,44,118,67,56,76,43
"gene_413",2,8,5,25,87,5,16,12,10,26,16,35,16,14,29,177,93,10,45,61,57,49,152,40,33,158,140,17,73,91
"gene_414",1575,1383,1484,1489,2156,1862,1969,1127,1506,1895,2791,1614,1761,2128,3583,831,421,278,374,288,414,431,923,384,501,449,483,442,190,332
"gene_415",2,4,16,6,7,3,1,2,0,11,9,7,3,10,8,5,11,0,9,7,13,15,7,42,6,10,2,18,4,2
"gene_416",61,64,94,99,186,88,54,84,51,106,55,53,91,72,96,77,128,57,85,35,132,100,164,60,74,55,116,69,50,76
"gene_417",158,100,171,163,279,176,195,261,155,133,127,125,244,136,156,128,67,30,57,101,62,123,84,76,36,129,75,80,66,101
"gene_418",42,43,126,139,87,77,57,96,91,43,68,75,35,60,88,70,17,35,30,22,17,36,55,27,30,14,39,15,25,14
"gene_419",15,5,19,2,0,10,0,6,15,3,2,14,5,15,10,4,15,0,1,0,1,0,0,0,0,1,3,0,2,2
"gene_420",16,17,49,48,64,67,45,38,63,81,38,85,56,56,52,106,47,24,66,20,38,49,72,43,43,28,12,30,58,22
"gene_421",3,2,1,20,9,10,8,3,2,1,8,19,2,24,14,7,26,4,3,15,0,3,34,15,12,30,17,10,1,9
"gene_422",4402,2625,6034,5981,6709,5074,6894,5132,6220,4741,5745,10747,5943,5366,5407,9656,7832,6793,6534,6535,7730,6370,6604,4463,3414,6299,4529,3079,4439,5938
"gene_423",2,2,7,4,9,18,12,1,6,1,4,1,0,4,7,5,1,2,10,4,3,17,5,0,4,0,3,0,0,6
"gene_424",18,5,2,7,8,1,3,14,4,2,6,0,4,10,4,59,6,2,5,1,27,31,56,4,50,33,30,30,3,8
"gene_425",581,374,414,1313,687,489,671,657,757,681,807,645,533,748,961,1502,740,1110,666,775,437,556,515,339,451,730,443,838,597,428
"gene_426",1218,497,1014,780,1001,1015,1098,953,1212,990,874,714,959,1334,1252,1811,836,780,725,980,459,860,1200,779,581,1155,906,646,518,744
"gene_427",113,80,128,87,201,127,120,100,142,115,62,103,79,66,88,97,50,47,44,57,46,40,77,25,45,54,90,22,27,48
"gene_428",122,68,80,172,195,93,63,112,132,131,164,197,104,99,59,154,110,64,103,122,143,75,115,188,102,118,75,95,90,87
"gene_429",718,548,720,1225,987,609,415,591,490,602,607,976,651,592,752,252,140,131,180,190,117,245,185,145,120,173,117,137,189,200
"gene_430",1791,2027,3954,5407,5420,2701,1766,2865,3187,3487,2638,2358,1593,4038,2501,3899,2114,1990,2155,2235,2093,1559,3609,2418,1342,3162,2420,2258,1720,3081
"gene_431",4,3,6,21,14,2,13,17,11,15,9,1,13,5,9,21,5,3,9,12,3,11,9,0,4,20,1,12,7,1
"gene_432",2063,1586,1873,3961,1922,2378,1882,2881,2242,2115,2805,1686,1859,2588,2527,4926,1578,2364,3731,2788,3574,2823,5228,1754,2232,2898,3394,2168,2021,2551
"gene_433",126,155,383,309,280,374,250,195,204,279,171,200,149,201,248,322,417,220,259,120,185,244,229,182,151,329,211,269,258,193
"gene_434",83,45,44,125,117,69,133,97,102,69,93,212,71,123,77,219,109,68,35,47,109,57,92,65,99,118,74,71,60,52
"gene_435",2043,1222,2120,1998,2838,1968,1870,1745,2300,3000,1462,2516,1347,1916,1663,2186,987,1051,1183,960,1136,1176,1394,735,643,1235,844,618,969,729
"gene_436",1013,691,622,1961,1249,933,826,961,1470,1180,913,1149,857,1172,990,2449,862,862,1425,1037,983,1088,1278,762,946,1226,992,455,512,305
"gene_437",1976,973,2152,1624,2918,1893,1271,1148,2326,2017,1750,2174,2408,1452,1854,2641,1539,1444,2148,1395,1640,1291,2657,1621,1508,2117,1699,1624,1147,1694
"gene_438",143,117,54,216,96,66,111,47,91,179,109,66,101,127,111,166,60,74,212,180,215,137,113,102,30,122,53,126,52,90
"gene_439",1091,605,878,888,865,467,670,524,726,721,797,728,411,624,656,3172,687,677,759,710,700,612,970,940,564,931,823,647,803,786
"gene_440",740,586,1503,1564,1794,1733,626,821,1070,957,957,1118,727,1397,1343,1450,962,885,1164,899,1047,1136,1056,868,840,1633,911,790,827,1134
"gene_441",101,64,46,101,81,47,31,73,49,45,74,71,33,108,45,116,54,40,57,35,83,61,27,28,46,131,54,36,54,77
"gene_442",7277,4776,7882,9653,9980,6093,6192,4651,5829,7131,4431,7239,7370,5448,6531,46743,18334,20165,26800,17782,16105,14077,14769,18851,19000,19654,18948,16831,26616,20756
"gene_443",211,172,246,328,245,144,195,215,357,334,122,235,177,279,408,105,36,40,97,46,67,39,64,31,30,51,31,35,29,35
"gene_444",80,72,107,126,143,107,120,156,160,235,148,187,144,158,196,273,101,148,100,148,187,117,129,112,81,146,113,84,133,156
"gene_445",424,492,455,753,887,532,554,400,733,454,475,591,506,600,550,1286,443,343,496,540,472,380,451,595,256,505,300,445,369,407
"gene_446",244,187,272,286,427,394,386,213,616,470,221,351,360,421,384,1015,490,264,492,582,444,517,488,362,296,577,779,432,393,457
"gene_447",15,21,37,26,45,19,34,37,54,89,48,42,80,34,20,61,12,14,50,24,27,26,63,16,17,22,30,18,37,21
"gene_448",76,111,108,191,288,126,146,138,318,227,96,108,144,79,110,187,61,133,265,109,119,82,157,110,99,125,109,113,119,120
"gene_449",4545,2975,4915,7685,9972,4423,3091,4917,3418,5668,5468,6500,6072,5641,6961,10011,7994,4756,5633,4660,6797,4053,6168,3730,5438,6646,6502,4975,5672,3964
"gene_450",105,61,146,211,239,233,148,118,213,256,154,73,58,131,102,305,151,119,252,110,190,153,92,85,147,189,126,163,174,147
"gene_451",85,82,133,138,172,54,84,48,74,108,109,177,83,45,159,104,45,63,76,83,73,55,97,64,43,77,59,74,45,58
"gene_452",671,513,540,1684,801,632,547,525,613,780,698,1149,799,704,803,1663,597,711,495,806,698,722,957,401,461,1046,1022,480,582,330
"gene_453",277,134,432,503,452,441,308,231,528,385,306,609,354,305,390,841,462,261,453,317,570,416,369,295,244,483,318,287,202,295
"gene_454",37,20,47,64,54,65,51,32,35,95,48,48,54,40,73,582,185,129,187,63,246,286,205,129,160,273,148,105,78,270
"gene_455",12,16,24,15,13,16,44,36,4,35,13,10,3,11,22,13,7,24,33,25,25,11,26,16,4,15,11,5,6,11
"gene_456",1083,611,750,1911,1787,650,524,872,1410,1043,513,676,696,657,909,1821,585,669,731,800,1220,918,850,733,477,936,869,752,509,700
"gene_457",166,143,262,386,321,134,213,229,259,290,291,360,164,179,121,274,114,227,206,292,313,326,394,222,252,488,273,316,95,220
"gene_458",383,301,318,570,642,554,336,378,264,398,391,500,198,408,798,1090,403,435,471,521,748,574,535,438,280,426,570,624,226,319
"gene_459",77,35,74,182,92,68,55,110,100,102,100,58,59,114,121,94,72,85,59,111,142,54,135,88,64,103,80,157,52,189
"gene_460",3,3,1,21,9,4,12,8,4,10,22,8,1,9,5,6,6,8,1,10,2,1,30,26,0,7,1,2,1,0
"gene_461",191,249,196,165,227,130,199,144,203,171,87,267,153,196,167,163,116,121,172,95,161,150,251,117,76,179,199,155,151,151
"gene_462",4841,3617,4772,5189,5037,4227,5156,5803,7595,6126,4729,5442,5596,5356,7671,8616,3832,4181,6077,5309,5718,2179,7960,5219,3529,8253,7608,4893,2521,4311
"gene_463",9,3,18,19,24,10,21,4,0,6,2,2,13,10,7,54,4,9,13,7,3,19,17,0,10,3,20,2,1,9
"gene_464",31,18,26,30,11,9,12,35,15,46,22,10,39,17,11,199,75,83,95,160,70,48,100,42,93,110,112,80,12,85
"gene_465",3,8,47,8,44,16,1,7,1,21,2,15,21,53,6,3,6,4,7,4,13,1,6,6,2,6,7,23,3,23
"gene_466",24,79,94,65,86,68,65,59,72,75,69,85,98,60,102,77,77,31,92,29,42,49,54,63,58,81,111,43,19,94
"gene_467",248,291,601,760,515,339,245,360,546,460,314,530,242,325,492,544,402,258,420,340,546,391,415,218,300,460,231,209,164,407
"gene_468",72,95,90,137,197,203,160,126,299,209,62,155,101,62,137,115,45,61,96,62,64,111,44,27,30,81,46,18,68,66
"gene_469",110,61,90,132,108,148,112,105,60,134,75,132,141,86,108,139,90,97,172,120,150,61,164,57,48,151,68,129,76,73
"gene_470",22,10,25,22,30,5,7,9,46,12,24,10,4,5,2,6,15,5,18,2,11,5,13,7,15,17,20,10,4,21
"gene_471",159,148,214,354,343,121,177,163,209,343,121,233,130,191,96,270,155,75,168,149,196,128,139,143,129,175,135,93,122,114
"gene_472",843,1012,1162,2012,2648,1317,1046,1735,1363,2081,1071,1049,1392,675,1083,2185,1144,1081,734,1292,1072,1308,1505,744,770,1434,1354,820,697,1096
"gene_473",4939,3116,4414,8020,5949,3679,8434,5483,5260,5477,5142,5198,6147,5654,4819,12742,3837,3513,6229,5498,4378,6641,5382,4691,2467,9911,4467,3872,3887,4748
"gene_474",1554,1222,1553,2651,1710,2369,2013,2751,3148,2944,1808,4159,2521,1589,1973,4251,2001,1775,3942,3154,2947,2864,3629,1627,1647,3769,3551,2357,2924,1435
"gene_475",24,44,35,15,13,25,47,36,55,16,19,52,39,41,51,69,16,15,29,1,8,37,17,36,24,13,27,9,27,21
"gene_476",61,37,40,93,99,46,55,35,50,122,62,44,53,61,99,61,40,49,72,62,60,92,56,23,73,34,66,32,107,62
"gene_477",588,281,525,975,750,490,253,565,423,603,460,438,586,573,641,1332,377,245,587,439,737,410,670,585,399,1096,485,328,354,451
"gene_478",208,103,164,162,189,124,240,130,135,153,165,233,160,159,257,188,205,122,192,113,160,152,86,102,46,203,140,151,135,153
"gene_479",204,176,375,258,263,214,217,192,173,419,151,311,170,209,235,635,278,185,261,275,313,108,217,266,175,190,282,236,273,127
"gene_480",2,10,3,18,10,6,4,14,17,3,2,7,0,5,3,1,42,94,64,35,95,66,122,157,19,32,62,57,13,64
"gene_481",62,49,73,131,106,72,46,50,48,48,77,60,65,99,74,298,169,203,63,113,166,142,191,114,181,330,71,130,132,61
"gene_482",6,29,10,52,34,54,36,5,13,26,48,37,29,6,23,29,7,10,28,8,27,55,27,24,27,26,21,13,12,2
"gene_483",29,42,42,16,29,42,63,12,19,29,56,34,12,47,68,15,8,9,9,7,4,3,4,7,7,8,2,6,2,0
"gene_484",64,23,23,93,31,21,38,17,28,48,57,95,29,54,66,82,11,22,34,31,68,61,19,29,38,71,58,31,64,73
"gene_485",34,40,104,69,125,42,53,53,78,160,48,100,66,55,56,30,27,14,15,10,21,18,29,13,15,29,17,19,20,21
"gene_486",203,114,140,213,169,163,115,219,118,210,106,185,173,165,166,132,88,186,90,97,120,218,205,81,177,215,140,147,99,144
"gene_487",472,525,1038,556,722,597,357,674,574,614,677,621,451,608,581,771,324,374,310,435,455,855,869,249,263,644,309,569,436,329
"gene_488",35,37,47,64,105,77,43,41,47,51,41,137,40,94,28,27,26,1,8,11,6,16,11,14,4,22,9,9,13,24
"gene_489",35,14,42,23,74,23,31,34,20,14,40,40,2,35,54,88,40,18,14,35,17,69,42,10,13,57,74,18,15,20
"gene_490",3559,2505,4371,5986,9121,3393,3237,2500,3812,5278,4001,4494,2447,4519,5168,7100,2670,3701,3780,4083,2956,3185,3639,3474,2737,3110,6337,2625,2632,3959
"gene_491",922,733,1610,1971,2444,1124,940,1350,1105,1470,1282,1517,1470,1334,1581,2007,880,874,1106,1039,1084,980,1442,864,716,1222,873,998,1058,897
"gene_492",448,330,688,1044,1199,720,626,405,616,691,403,542,354,934,762,927,563,371,794,608,801,925,775,543,526,763,612,608,463,672
"gene_493",6244,3352,5208,6581,7396,3769,4293,4881,5015,4891,5775,4860,4273,6615,3755,12233,5423,4510,5581,5399,8810,5046,6199,5492,2514,9924,6716,3684,4133,6261
"gene_494",26,11,17,31,34,25,16,21,32,7,8,34,17,49,16,99,17,27,35,23,18,8,38,17,42,35,27,9,15,22
"gene_495",6168,2371,6676,9355,6799,3157,6395,4923,7346,6257,4689,7110,4540,3946,7935,5870,5178,4620,4710,5043,8148,3954,4827,2633,3080,6825,4941,4842,4689,3466
"gene_496",1401,1328,1676,2474,2556,1878,1078,1897,1094,2427,1938,1859,1683,2072,2377,4833,1811,2011,1375,1355,1593,1092,2208,1641,1279,2641,1701,1345,1399,1303
"gene_497",327,186,238,299,412,200,260,378,368,322,183,163,231,274,339,660,373,185,337,234,276,307,225,399,393,357,174,217,248,273
"gene_498",428,257,729,1265,639,345,447,608,520,584,506,788,416,855,598,5246,1562,1589,2358,1897,2413,2878,2712,1326,2170,2465,2022,2645,1274,1277
"gene_499",126,101,107,289,212,87,227,144,209,151,116,210,157,209,222,249,131,192,223,206,173,148,197,108,74,182,158,165,88,202
