"gene","dispGeneEst","dispFit","dispMAP","dispersion"
"gene_0",0.0600407219831174,0.0528523199380264,0.0619525434664897,0.0619525434664897
"gene_1",0.255815508248983,0.197028485508696,0.239435811348675,0.239435811348675
"gene_2",0.0804730419898003,0.0529042191994143,0.0718331122510431,0.0718331122510431
"gene_3",0.336876802738218,0.325595684589791,0.333312997859887,0.333312997859887
"gene_4",0.108313127761821,0.0660137809789187,0.0971544636367207,0.0971544636367207
"gene_5",0.0660394719680053,0.0559124462073723,0.0636442888840357,0.0636442888840357
"gene_6",0.490563980806689,0.230671532041127,0.410392211733372,0.490563980806689
"gene_7",0.0442087181708628,0.0627809055351513,0.0480764470650694,0.0480764470650694
"gene_8",0.155091790527166,0.0946149376603071,0.139992653588565,0.139992653588565
"gene_9",0.101074707989225,0.0563388955929093,0.0863104607660526,0.0863104607660526
"gene_10",0.238016212111783,0.265202454904727,0.245512216222809,0.245512216222809
"gene_11",0.084489554151497,0.076613758948145,0.0825223146826126,0.0825223146826126
"gene_12",0.0454317363760989,0.0512935049445643,0.0457558991113387,0.0457558991113387
"gene_13",0.0577323167245453,0.0573123320796858,0.0561257135081908,0.0561257135081908
"gene_14",0.0472976298627813,0.05504507413909,0.0499459912000408,0.0499459912000408
"gene_15",0.0818122300784871,0.115144602167669,0.0896971666714078,0.0896971666714078
"gene_16",0.224736160848644,0.307806811500938,0.246724606180853,0.246724606180853
"gene_17",0.0530698981778661,0.0821009793601146,0.0596320144558226,0.0596320144558226
"gene_18",0.220316698510973,0.406419262975685,0.267736740569706,0.267736740569706
"gene_19",0.951027343760751,0.755137973435521,0.893567921796949,0.893567921796949
"gene_20",0.0559224531567721,0.052366625644851,0.0563082964303886,0.0563082964303886
"gene_21",0.288996461095879,0.290989794101925,0.289549009975734,0.289549009975734
"gene_22",1.5303871621881,0.912344423379741,1.31956346151239,1.31956346151239
"gene_23",0.0721637566626738,0.0537015264820183,0.0669611253105769,0.0669611253105769
"gene_24",0.0996205487018253,0.0815919809294831,0.0950597465747617,0.0950597465747617
"gene_25",0.16392422191156,0.169025975212345,0.166348194385266,0.166348194385266
"gene_26",0.0874772826603565,0.103364520511559,0.0913896914872989,0.0913896914872989
"gene_27",0.106860453571471,0.120057051622146,0.110162587651146,0.110162587651146
"gene_28",0.071852639410425,0.0532576645763696,0.0673253754051091,0.0673253754051091
"gene_29",0.045165201686969,0.05245882224712,0.0455059791586453,0.0455059791586453
"gene_30",1.27645929945432,1.34847263360119,1.29667363234233,1.29667363234233
"gene_31",0.123513978387214,0.0629389776514557,0.106945568440165,0.123513978387214
"gene_32",0.0269059806342838,0.0554499874027433,0.0330921837407042,0.0330921837407042
"gene_33",0.0722899524170068,0.0544468139238523,0.0663560220570821,0.0663560220570821
"gene_34",1.76455719132882,1.2584977793399,1.58980099943618,1.58980099943618
"gene_35",0.142599249624642,0.110690397819254,0.135558819555742,0.135558819555742
"gene_36",0.0699241429387667,0.0507021903703459,0.0652851816974653,0.0652851816974653
"gene_37",0.0317068446668839,0.0550528982413655,0.0374632217475988,0.0374632217475988
"gene_38",0.821486756812215,1.13163349939284,0.91197214109149,0.91197214109149
"gene_39",2.22118867698295,1.16817376663341,1.80877408579593,2.22118867698295
"gene_40",0.0386802591959183,0.0647744886331114,0.0439391747763861,0.0439391747763861
"gene_41",0.077298448832825,0.0962578565909326,0.0818681249211722,0.0818681249211722
"gene_42",0.0836732833104233,0.0537165718015438,0.0741982225113558,0.0741982225113558
"gene_43",0.0859701252892275,0.0664682767114418,0.0793011121331598,0.0793011121331598
"gene_44",0.0565374205441756,0.0670791512163033,0.0589368083678058,0.0589368083678058
"gene_45",0.0908894285113533,0.0631600691400099,0.0838079467071375,0.0838079467071375
"gene_46",0.0832705258744793,0.0904827560939557,0.0851366882865869,0.0851366882865869
"gene_47",0.35917502769812,0.407618642517074,0.372295319081354,0.372295319081354
"gene_48",0.0503703234446681,0.0506831093717309,0.0496807924586114,0.0496807924586114
"gene_49",0.548536168865837,0.679725031074202,0.587487813640249,0.587487813640249
"gene_50",0.0597449495211482,0.092746526265147,0.0674808239400673,0.0674808239400673
"gene_51",0.17833504898051,0.144582587523688,0.169082096920586,0.169082096920586
"gene_52",0.0454516682758084,0.0507419494436067,0.0478816778701976,0.0478816778701976
"gene_53",0.031332282593411,0.0536021142969493,0.0345962303624116,0.0345962303624116
"gene_54",0.182950223931925,0.148537399163492,0.173820497724486,0.173820497724486
"gene_55",0.0366234448851022,0.0715517895309563,0.043742662974269,0.043742662974269
"gene_56",0.0644729484403053,0.0525512635958612,0.0582283877601714,0.0582283877601714
"gene_57",0.0486769965305247,0.0509424355501184,0.0504764448681216,0.0504764448681216
"gene_58",0.0839008196619409,0.0656111216551068,0.0807207196844919,0.0807207196844919
"gene_59",0.245621442727738,0.294293991765273,0.258203289853132,0.258203289853132
"gene_60",0.243601245640259,0.270964253641544,0.251267478811381,0.251267478811381
"gene_61",0.051731209046515,0.0506853069881586,0.0507952837756139,0.0507952837756139
"gene_62",0.751502671914543,1.65386142607762,1.03916519498362,1.03916519498362
"gene_63",0.0654732055285605,0.050688472596334,0.0565773306478662,0.0565773306478662
"gene_64",0.0745893988487153,0.110951527458901,0.083126810259346,0.083126810259346
"gene_65",0.152765595054828,0.0837238780629103,0.133660063019791,0.133660063019791
"gene_66",0.0552720492368088,0.0755741103450809,0.0598718939698453,0.0598718939698453
"gene_67",0.0505969295534461,0.0544526198682187,0.0514577217871987,0.0514577217871987
"gene_68",0.0616126855266814,0.0661384244211953,0.0626695688997224,0.0626695688997224
"gene_69",1.24310310697986,0.467192219713541,0.92512071577639,1.24310310697986
"gene_70",0.077180403065637,0.0645883534615074,0.072980199966776,0.072980199966776
"gene_71",0.0705349146559266,0.0631400335311624,0.0687782138624295,0.0687782138624295
"gene_72",0.039623847614568,0.0580781455476065,0.0434826496557562,0.0434826496557562
"gene_73",0.304484934030316,0.156258867616057,0.259289600780697,0.304484934030316
"gene_74",1.25964510448386,1.37594599511915,1.29450584345837,1.29450584345837
"gene_75",0.103497171205208,0.126741845921341,0.109182449828153,0.109182449828153
"gene_76",0.115218537159344,0.259364419090967,0.151881328213909,0.151881328213909
"gene_77",0.141642868489586,0.215188494976601,0.161548580559753,0.161548580559753
"gene_78",0.446302748544414,0.251320582052232,0.389798303757145,0.389798303757145
"gene_79",0.105474842630028,0.123020373411741,0.109918081388754,0.109918081388754
"gene_80",0.089130207455963,0.105367032519429,0.0930582408717955,0.0930582408717955
"gene_81",0.0582478801075736,0.0552064581112289,0.0574898341736433,0.0574898341736433
"gene_82",0.0452658314098813,0.0533645391693777,0.0473848318131522,0.0473848318131522
"gene_83",0.21066692306117,0.201635117615479,0.208264162349706,0.208264162349706
"gene_84",0.0893826159407398,0.10285142910192,0.0926486752201612,0.0926486752201612
"gene_85",0.0756429360786864,0.0712792693970457,0.0745720542987037,0.0745720542987037
"gene_86",0.0427055296633019,0.0512097323305499,0.0440881638845454,0.0440881638845454
"gene_87",0.0863207625892752,0.0895199763678388,0.0854776471662717,0.0854776471662717
"gene_88",0.716017398356535,2.21161901890993,1.15101756240854,1.15101756240854
"gene_89",0.0605882878024391,0.0694929510040479,0.0626439344444197,0.0626439344444197
"gene_90",0.123764526426665,0.0964808517502966,0.11642652012012,0.11642652012012
"gene_91",0.0541872693294834,0.050707548222082,0.0595042632715739,0.0595042632715739
"gene_92",0.0632404655854592,0.0683222331235933,0.0653430821044368,0.0653430821044368
"gene_93",0.151668109488756,0.285076191835652,0.193098097423488,0.193098097423488
"gene_94",0.169917630780422,0.0898721602331004,0.147073216633415,0.147073216633415
"gene_95",0.0874816640371076,0.142217065513478,0.101167571909934,0.101167571909934
"gene_96",0.0720079860351317,0.0723339105011984,0.0720764266418288,0.0720764266418288
"gene_97",0.121541033437752,0.0709174633293987,0.107993222778879,0.107993222778879
"gene_98",0.0361597790325566,0.0543738837298875,0.0416739560791037,0.0416739560791037
"gene_99",0.0839916724243478,0.0641701729142817,0.0790302374256924,0.0790302374256924
"gene_100",0.110565642551217,0.123285399295134,0.11481698481258,0.11481698481258
"gene_101",0.202353076188332,0.254863921393138,0.216881126512531,0.216881126512531
"gene_102",0.0393326211874597,0.0575551392037738,0.0428667322617564,0.0428667322617564
"gene_103",0.0742790208504594,0.0902538040604903,0.078080982574324,0.078080982574324
"gene_104",0.0571926957376514,0.0715223008099633,0.0604967736278723,0.0604967736278723
"gene_105",0.0403401473067925,0.0528044336558018,0.0451543022287728,0.0451543022287728
"gene_106",0.043712028759598,0.0506837736987953,0.0472375250743545,0.0472375250743545
"gene_107",0.167653824144529,0.273090696003036,0.194389401728395,0.194389401728395
"gene_108",0.0669857282326969,0.050689856667665,0.059721055339947,0.059721055339947
"gene_109",0.265905270600612,0.120166471191806,0.223115008651818,0.265905270600612
"gene_110",0.114583206603627,0.0674513948176263,0.102007740093105,0.102007740093105
"gene_111",0.0518485483882149,0.0633480741043083,0.0544263698971954,0.0544263698971954
"gene_112",0.0432864967922017,0.116689798247377,0.0589115515724397,0.0589115515724397
"gene_113",0.0396064958765635,0.0525721901430584,0.0436563557870677,0.0436563557870677
"gene_114",0.124677662088329,0.18353193716471,0.140292251890065,0.140292251890065
"gene_115",0.0712759521312434,0.0578877565016642,0.0680212819098035,0.0680212819098035
"gene_116",0.0491523097322139,0.082649819572765,0.056678540456887,0.056678540456887
"gene_117",0.23392735517735,0.132493101166673,0.203709102818172,0.203709102818172
"gene_118",0.0558540308760492,0.053325763423836,0.0559255067419305,0.0559255067419305
"gene_119",0.724451648706769,0.990781678341388,0.804686607285317,0.804686607285317
"gene_120",0.263138596127107,0.143904243994534,0.230017950603259,0.230017950603259
"gene_121",0.43309403021992,0.873901129947835,0.561210019445029,0.561210019445029
"gene_122",0.0688427128105402,0.0694586594321461,0.0689851530866434,0.0689851530866434
"gene_123",0.0688150280624415,0.0695586134194911,0.0690496669640996,0.0690496669640996
"gene_124",0.56554298941304,0.208200319839335,0.44812970336276,0.56554298941304
"gene_125",0.0578698175898858,0.0579016214810198,0.05610917830738,0.05610917830738
"gene_126",0.365715755563967,0.287279101919827,0.343524884029718,0.343524884029718
"gene_127",0.0881432177176729,0.0584867515447086,0.08162477069275,0.08162477069275
"gene_128",0.107880232124311,0.0833000096362025,0.101317340171857,0.101317340171857
"gene_129",0.0478708315208648,0.0522390399946492,0.0475449239635793,0.0475449239635793
"gene_130",0.213890257146242,0.137859337289892,0.191223996690874,0.191223996690874
"gene_131",0.0978389796203515,0.0828011928278754,0.0940838085750994,0.0940838085750994
"gene_132",0.175342340885082,0.140825041526572,0.166288598702919,0.166288598702919
"gene_133",0.392187356117598,0.527226365112956,0.427860852496868,0.427860852496868
"gene_134",0.0614068376346703,0.0760457321038412,0.0661689119969686,0.0661689119969686
"gene_135",0.0453796408751081,0.0507165235976744,0.0493972536208083,0.0493972536208083
"gene_136",0.208682407284088,0.0995928370626581,0.176438023769457,0.208682407284088
"gene_137",0.102572728161171,0.107913233706466,0.103876912655147,0.103876912655147
"gene_138",0.0910121004689942,0.0571014784371468,0.0824165751878498,0.0824165751878498
"gene_139",0.0680080588531143,0.0800115270085725,0.07226867055407,0.07226867055407
"gene_140",0.0501369590293351,0.0507114911563559,0.0533977938813885,0.0533977938813885
"gene_141",0.044357740833775,0.0563043802160915,0.047551760737197,0.047551760737197
"gene_142",0.0541061558433316,0.0506825653573427,0.0544507545937455,0.0544507545937455
"gene_143",0.0530985151587077,0.0646895231136093,0.0569081392295184,0.0569081392295184
"gene_144",0.511879676118872,0.470509371503634,0.500020670174982,0.500020670174982
"gene_145",0.0722514019785509,0.0572301326758416,0.0690990700271385,0.0690990700271385
"gene_146",0.223977471222237,0.244506876504841,0.229507584406435,0.229507584406435
"gene_147",0.272006366408744,0.220390890983896,0.258208709369875,0.258208709369875
"gene_148",0.0937504380518816,0.0985986435220204,0.0949473215367162,0.0949473215367162
"gene_149",0.0642282004776165,0.053214120075711,0.0630721878550884,0.0630721878550884
"gene_150",0.0692461242927741,0.0649550341814962,0.0682158067506142,0.0682158067506142
"gene_151",0.0463139487417657,0.0550429995647229,0.0481906544011472,0.0481906544011472
"gene_152",0.0438695177042365,0.0541681231687629,0.0466065050175835,0.0466065050175835
"gene_153",0.1119062930814,0.0950456616367167,0.107665116782558,0.107665116782558
"gene_154",0.868322689891546,1.22945860879834,0.976181636969401,0.976181636969401
"gene_155",0.146000739804979,0.0959630792710554,0.131848773815842,0.131848773815842
"gene_156",0.0358285843187218,0.0507036516104905,0.0400781136885225,0.0400781136885225
"gene_157",0.0926408732098054,0.104275876102717,0.0955174685819431,0.0955174685819431
"gene_158",0.420079005539643,0.458030002549074,0.431099619577218,0.431099619577218
"gene_159",0.128549923037661,0.136740617891904,0.13062448697463,0.13062448697463
"gene_160",0.190577835107604,0.243635222945498,0.203961957979786,0.203961957979786
"gene_161",0.046907612549036,0.109538670959039,0.0623134551804263,0.0623134551804263
"gene_162",0.0452820346195696,0.0602083533039301,0.0486263848458077,0.0486263848458077
"gene_163",0.0668689984086394,0.0543006165741594,0.0630370144488968,0.0630370144488968
"gene_164",0.111613921659696,0.0683428831030861,0.100201046310434,0.100201046310434
"gene_165",0.198176949584623,0.258849418262761,0.214605659961496,0.214605659961496
"gene_166",0.0588662206397545,0.0542374559120331,0.0566301425224299,0.0566301425224299
"gene_167",0.0473872391955795,0.0529032976889684,0.046117629867043,0.046117629867043
"gene_168",0.0560464256251437,0.0507133458966357,0.058029403849077,0.058029403849077
"gene_169",0.0954321394322908,0.114393058667987,0.100146442383806,0.100146442383806
"gene_170",0.0656687182884462,0.0539836736175944,0.0628571505636073,0.0628571505636073
"gene_171",0.0518259835263894,0.051982205473701,0.0548742496063075,0.0548742496063075
"gene_172",0.0970213086524547,0.0961990473551644,0.0984007053104956,0.0984007053104956
"gene_173",0.0819722874278603,0.0596456091482296,0.0770838111655715,0.0770838111655715
"gene_174",0.0663522489928687,0.0630853477711048,0.0661615490016944,0.0661615490016944
"gene_175",0.106510685372101,0.0919093903744242,0.103259402416511,0.103259402416511
"gene_176",0.0566536828785523,0.0764401989332279,0.0615844321611329,0.0615844321611329
"gene_177",0.0352313860705226,0.0559271341073063,0.0396463299129458,0.0396463299129458
"gene_178",0.0503080616143094,0.0638613047367784,0.0533287928394439,0.0533287928394439
"gene_179",0.121653304446973,0.143650368286221,0.127196372608587,0.127196372608587
"gene_180",1.55476387108897,1.10436013226076,1.40460009264681,1.40460009264681
"gene_181",0.211620800552687,0.207739471195678,0.210566942820607,0.210566942820607
"gene_182",0.10200040267971,0.0843659162797041,0.0975771094733047,0.0975771094733047
"gene_183",0.602257752557136,1.08022996114482,0.737844271772247,0.737844271772247
"gene_184",0.035904066772392,0.0506868398564906,0.0390292447021487,0.0390292447021487
"gene_185",0.522645646014638,0.855287851501011,0.616131576918826,0.616131576918826
"gene_186",0.464921564462202,0.338251284850877,0.427933356046306,0.427933356046306
"gene_187",0.043089300676682,0.050886580432144,0.0480229860358447,0.0480229860358447
"gene_188",1.01211853947281,0.805405226913792,0.947879058506072,0.947879058506072
"gene_189",0.0696838154626978,0.0564502761726134,0.0664806339515108,0.0664806339515108
"gene_190",0.11392906398287,0.0960798485773543,0.109327884046627,0.109327884046627
"gene_191",0.093825835519216,0.0630171802556351,0.0859620470968169,0.0859620470968169
"gene_192",0.0372575682788972,0.0541271010775863,0.040702685382584,0.040702685382584
"gene_193",0.343296938819795,0.253929587792239,0.318623407965151,0.318623407965151
"gene_194",0.132973407590153,0.170529473989058,0.142504683915342,0.142504683915342
"gene_195",1.20014226397172,0.912755672271757,1.1008886232983,1.1008886232983
"gene_196",0.282987589992492,0.270881477054594,0.279667007086711,0.279667007086711
"gene_197",0.0502698052861568,0.0585264507854152,0.052110677888764,0.052110677888764
"gene_198",0.0721219601407417,0.0603987161696666,0.0693056956973872,0.0693056956973872
"gene_199",0.0487145226671647,0.0506837148567451,0.0488198481725874,0.0488198481725874
"gene_200",0.068351364151573,0.0846094266109066,0.0721983651362319,0.0721983651362319
"gene_201",0.0484270726889039,0.0693975008173724,0.0529934476273563,0.0529934476273563
"gene_202",0.0870551709307226,0.0753646432567291,0.0841591866510538,0.0841591866510538
"gene_203",0.130725941525523,0.130043004369897,0.130393465086166,0.130393465086166
"gene_204",0.0424615789177174,0.0551515453957473,0.0455480286684671,0.0455480286684671
"gene_205",0.0489857222957462,0.0608025518266682,0.0509729836297405,0.0509729836297405
"gene_206",0.054437912717723,0.0757320507743256,0.059210746186505,0.059210746186505
"gene_207",0.192090497110543,0.21149163080892,0.197195886183185,0.197195886183185
"gene_208",0.105441195446643,0.0714900544956236,0.096830448410074,0.096830448410074
"gene_209",0.0391442426946622,0.0552264490898216,0.0424746021517985,0.0424746021517985
"gene_210",0.0884378977525323,0.0562923710081019,0.0774994252609466,0.0774994252609466
"gene_211",0.12911916833625,0.136569530204856,0.13100601611384,0.13100601611384
"gene_212",0.238295759265175,0.169165085771153,0.219344443610294,0.219344443610294
"gene_213",0.0410746869683054,0.0506838430417294,0.0435553799953423,0.0435553799953423
"gene_214",0.0870173880439784,0.0527435981481382,0.0782736694671257,0.0782736694671257
"gene_215",0.0702565818723834,0.0726537974340996,0.0708250862916412,0.0708250862916412
"gene_216",0.136356141661519,0.114128508523081,0.130577806538012,0.130577806538012
"gene_217",0.396354556544448,0.246674613792396,0.352988668739406,0.352988668739406
"gene_218",0.0639928690248072,0.127949172463763,0.0787414717855671,0.0787414717855671
"gene_219",0.639303809474174,0.969617490686496,0.737597507130788,0.737597507130788
"gene_220",0.234155223686053,0.104144514742734,0.196073450547665,0.234155223686053
"gene_221",0.0587712650537481,0.0526674622844422,0.0597083399789212,0.0597083399789212
"gene_222",0.0506764449568127,0.0527418909048451,0.0511715469387997,0.0511715469387997
"gene_223",0.348457067310481,0.136352493791796,0.283600651861416,0.348457067310481
"gene_224",0.0651178436716871,0.0708830652730136,0.0659606176550296,0.0659606176550296
"gene_225",0.101729405171204,0.0806975119194587,0.0964412736654038,0.0964412736654038
"gene_226",1.20682736644369,0.645197795637602,1.01890722378592,1.01890722378592
"gene_227",0.0761089943900309,0.0515587544597311,0.0728446404603992,0.0728446404603992
"gene_228",0.797304773111791,1.43102712358426,0.986901425970932,0.986901425970932
"gene_229",0.285698752474619,0.459788208740834,0.335245392688444,0.335245392688444
"gene_230",0.051622875821005,0.0537884994641094,0.0521068433664433,0.0521068433664433
"gene_231",0.0829005475907777,0.15197423895159,0.0991213317318326,0.0991213317318326
"gene_232",0.106594331784914,0.102888084729885,0.106792508883934,0.106792508883934
"gene_233",0.71452371239276,0.836430047824898,0.7537479621187,0.7537479621187
"gene_234",0.638996052366602,0.623418193046905,0.634394731143798,0.634394731143798
"gene_235",0.0336125847485719,0.0650204416594079,0.0400822256095575,0.0400822256095575
"gene_236",0.103724126063892,0.0990270122951928,0.10254651809136,0.10254651809136
"gene_237",0.106648316835138,0.199951340893626,0.132357911616852,0.132357911616852
"gene_238",0.54693907036008,0.560988744328504,0.550908671222816,0.550908671222816
"gene_239",0.316720232516862,0.300519525220933,0.312430922080102,0.312430922080102
"gene_240",0.0609549199810724,0.0507361934752773,0.0576296197238816,0.0576296197238816
"gene_241",0.125818842213942,0.122250631967156,0.124918705575781,0.124918705575781
"gene_242",0.0626887655388087,0.053691313012552,0.0627962681560834,0.0627962681560834
"gene_243",0.0670178350477353,0.055069286047295,0.0633344618259625,0.0633344618259625
"gene_244",0.0713089168619427,0.0560071656398198,0.0675933603112324,0.0675933603112324
"gene_245",0.06356620429091,0.0781373729639288,0.0670036937880089,0.0670036937880089
"gene_246",0.501168148197024,0.434832334113637,0.481814701753895,0.481814701753895
"gene_247",0.23310880598701,0.311380013804018,0.25465878796058,0.25465878796058
"gene_248",0.0687079588132004,0.0558733005188464,0.065599391165458,0.065599391165458
"gene_249",0.304619041692776,0.564100054083821,0.374847267260616,0.374847267260616
"gene_250",0.0164211101128029,0.0584312531084678,0.0233255337334986,0.0233255337334986
"gene_251",0.111740339625912,0.156847095507836,0.123379400671774,0.123379400671774
"gene_252",0.12829133492937,0.13335763961812,0.129553891231656,0.129553891231656
"gene_253",0.184364839727695,0.203614207491309,0.189548401056216,0.189548401056216
"gene_254",0.102755402879666,0.101089795699593,0.103379011595672,0.103379011595672
"gene_255",0.0320043247397708,0.0530500909459733,0.0375064203013756,0.0375064203013756
"gene_256",0.0527672441146665,0.0635800549433204,0.0551756048392501,0.0551756048392501
"gene_257",0.116698281063583,0.0990124889544564,0.112171975297722,0.112171975297722
"gene_258",0.0502770984480339,0.0541587914823073,0.0511402660493182,0.0511402660493182
"gene_259",0.0457818420474448,0.0507145676570087,0.0493445359290612,0.0493445359290612
"gene_260",0.06701620329613,0.08683795399792,0.071642447053442,0.071642447053442
"gene_261",0.0213040897359336,0.0613720793441073,0.028640287170464,0.028640287170464
"gene_262",0.0681711028001965,0.0730398444204235,0.069337172700136,0.069337172700136
"gene_263",0.268552503556078,0.277229336182495,0.270994763104767,0.270994763104767
"gene_264",0.189109456702404,0.255208159494235,0.207258643661583,0.207258643661583
"gene_265",0.0937405317046651,0.0506939906409817,0.079996776477194,0.079996776477194
"gene_266",0.0461635896425869,0.0541929988743662,0.0465652654741015,0.0465652654741015
"gene_267",0.069052785050596,0.055968135445408,0.065885227396789,0.065885227396789
"gene_268",0.0814139645375651,0.0751913480686338,0.0798612293203206,0.0798612293203206
"gene_269",0.0530484785148155,0.0604808794543998,0.0556545938761905,0.0556545938761905
"gene_270",0.0734274734579135,0.0787014344793689,0.0746927925672306,0.0746927925672306
"gene_271",0.0635567061186888,0.0847317940952525,0.0695631162317285,0.0695631162317285
"gene_272",0.0809562367207953,0.0809594581140172,0.0809591505858741,0.0809591505858741
"gene_273",0.193029326649847,0.420854386290697,0.25653000654002,0.25653000654002
"gene_274",0.0473891848712861,0.0507253085440169,0.046681567545087,0.046681567545087
"gene_275",0.0638896445183675,0.0548293962416736,0.0614953359440789,0.0614953359440789
"gene_276",0.0944178570535441,0.0734765223546323,0.0884530504018486,0.0884530504018486
"gene_277",0.0401530395259504,0.0517768073926185,0.0419682622465558,0.0419682622465558
"gene_278",0.151536556672136,0.177310781044331,0.157950632159528,0.157950632159528
"gene_279",0.049011632033596,0.0506825532723397,0.0453176032194596,0.0453176032194596
"gene_280",0.176585935817978,0.14938023482609,0.169542875361145,0.169542875361145
"gene_281",1.21266788491463,1.506007675993,1.30468698165835,1.30468698165835
"gene_282",0.0756672246990258,0.0513032485520356,0.0695129861213186,0.0695129861213186
"gene_283",0.0861241150948007,0.0529999995323,0.0807453670379903,0.0807453670379903
"gene_284",0.133332125663067,0.21218336990102,0.153743382944555,0.153743382944555
"gene_285",0.669827162474053,0.515880883386908,0.625795435679433,0.625795435679433
"gene_286",0.661728755420663,0.823977247985734,0.704761967317235,0.704761967317235
"gene_287",0.119681967514428,0.111470935212982,0.117707153280494,0.117707153280494
"gene_288",1.10496665587327,1.15742908762845,1.12021515977716,1.12021515977716
"gene_289",0.271432796529104,0.219088002300728,0.257140153411804,0.257140153411804
"gene_290",0.112948815905504,0.0798643262948094,0.104232443916669,0.104232443916669
"gene_291",0.0477070171684421,0.0548396145430611,0.0506066404999371,0.0506066404999371
"gene_292",0.164033823633343,0.208180240853528,0.17561128347908,0.17561128347908
"gene_293",0.0892373626069505,0.0927927525297396,0.0901038062096287,0.0901038062096287
"gene_294",0.0511346299258539,0.0657997567020547,0.0543468730647944,0.0543468730647944
"gene_295",0.0380214329267735,0.0506892841109496,0.0400110999775313,0.0400110999775313
"gene_296",0.341149949782157,0.305181362996982,0.33130998802453,0.33130998802453
"gene_297",0.52011115796687,0.651379889864164,0.556262394329522,0.556262394329522
"gene_298",0.685205647125505,1.12471422848495,0.83380048605717,0.83380048605717
"gene_299",0.0409565420157992,0.0587130908047285,0.04399853396058,0.04399853396058
"gene_300",0.106926219632056,0.0849991584417961,0.10122145954846,0.10122145954846
"gene_301",0.0297389648759589,0.0612715738936713,0.0360948319598245,0.0360948319598245
"gene_302",0.0755149735752712,0.0894011831982788,0.0787678511491603,0.0787678511491603
"gene_303",0.0654890036933895,0.0660555775654978,0.0656161029745032,0.0656161029745032
"gene_304",0.0606984924313994,0.0785091865212698,0.0648783036156839,0.0648783036156839
"gene_305",0.0655878466742215,0.0678275879360896,0.0661209691669798,0.0661209691669798
"gene_306",0.113248910850162,0.141001956943584,0.1202702618603,0.1202702618603
"gene_307",0.0449264965124008,0.0518957877305812,0.0468864694204097,0.0468864694204097
"gene_308",0.16556084228724,0.100454564339638,0.148191349754423,0.148191349754423
"gene_309",0.0428386604784413,0.0567578519928032,0.0456730940742597,0.0456730940742597
"gene_310",0.0966634417795051,0.0728981060789771,0.0905858548455702,0.0905858548455702
"gene_311",0.0540935561910656,0.0506909532806434,0.049015236385909,0.049015236385909
"gene_312",0.0418489741529915,0.056569262939769,0.0445635853165421,0.0445635853165421
"gene_313",0.155066510580373,0.115185595439119,0.144247941531746,0.144247941531746
"gene_314",0.0900671956075663,0.0885147075749792,0.0896815166791731,0.0896815166791731
"gene_315",0.0647710161199479,0.0929022149073108,0.0709573056625811,0.0709573056625811
"gene_316",1.02665179161807,0.354368561939547,0.808092884913952,1.02665179161807
"gene_317",0.0780173313930358,0.0506986095411363,0.0768493030479018,0.0768493030479018
"gene_318",0.0693289732068941,0.053281160885415,0.0626543729243784,0.0626543729243784
"gene_319",0.249529214601679,0.164797100853326,0.225875787599139,0.225875787599139
"gene_320",0.0864921869068873,0.0640731977093494,0.0826162546018211,0.0826162546018211
"gene_321",0.0627157758575594,0.0719137117615712,0.0661758695723587,0.0661758695723587
"gene_322",0.326490550381306,0.368896500351497,0.338001772135522,0.338001772135522
"gene_323",0.0624949738848446,0.051017992604333,0.059704032555819,0.059704032555819
"gene_324",0.158994002924743,0.105279353991851,0.144504719644133,0.144504719644133
"gene_325",0.0737563249885081,0.0708943602795006,0.0730568408787046,0.0730568408787046
"gene_326",0.0744080561495102,0.0633400582581701,0.0717241129854377,0.0717241129854377
"gene_327",0.361188267825232,0.267198039960378,0.33474757894733,0.33474757894733
"gene_328",0.445502408616944,0.348199791920609,0.419125838752943,0.419125838752943
"gene_329",0.0966310765629704,0.0848032522969591,0.093648308311411,0.093648308311411
"gene_330",0.0718361798802616,0.0589534973212222,0.066491920283495,0.066491920283495
"gene_331",0.0823783478856037,0.0757140813821817,0.0807508447559772,0.0807508447559772
"gene_332",0.0545058892044429,0.0560267123202865,0.0548515598266655,0.0548515598266655
"gene_333",0.0731770554705891,0.066064554073944,0.0714498426959908,0.0714498426959908
"gene_334",0.0436980017110934,0.0603071041741369,0.0481443983857507,0.0481443983857507
"gene_335",0.549233694892391,0.608306933449033,0.565239702242916,0.565239702242916
"gene_336",0.0674537939888192,0.0573214649820353,0.0655959017247488,0.0655959017247488
"gene_337",0.0824281458987113,0.179016864743245,0.106501799090552,0.106501799090552
"gene_338",0.175935304377689,0.136485534019004,0.165197094928975,0.165197094928975
"gene_339",0.0745741938231731,0.0922689737136885,0.0772589255144507,0.0772589255144507
"gene_340",1.60260906878795,1.26762879058737,1.49117736198641,1.49117736198641
"gene_341",0.0781456976637349,0.0932342983588532,0.0818065171082011,0.0818065171082011
"gene_342",0.0850422921135275,0.14032763479598,0.0982947933239353,0.0982947933239353
"gene_343",0.116228664792801,0.17745600802035,0.132904617653553,0.132904617653553
"gene_344",0.121879404401831,0.187407466694468,0.138394984142848,0.138394984142848
"gene_345",0.0695614694284178,0.0516072438668194,0.0617824678640442,0.0617824678640442
"gene_346",0.672417353674422,0.476996655036991,0.614734840024095,0.614734840024095
"gene_347",0.0906195915773089,0.104958627969762,0.0925945780069928,0.0925945780069928
"gene_348",1.08688148756966,0.692758451635867,0.971685297459561,0.971685297459561
"gene_349",0.232619719773304,0.187983803328536,0.220351276970986,0.220351276970986
"gene_350",0.070417111237767,0.145917208798156,0.0885741135722058,0.0885741135722058
"gene_351",0.0446360754466764,0.0512489016096096,0.0451079606866673,0.0451079606866673
"gene_352",0.234407030643148,0.236943651642021,0.235100275633237,0.235100275633237
"gene_353",0.236794846099756,0.231262558384183,0.234538476043695,0.234538476043695
"gene_354",0.962791471254063,0.542172907327546,0.831036776262813,0.831036776262813
"gene_355",0.0973506310394174,0.0747061103829354,0.0935788600201261,0.0935788600201261
"gene_356",0.0547305679762407,0.0528580264688416,0.0527869299911102,0.0527869299911102
"gene_357",0.413953239358886,0.335203667128241,0.390957844495134,0.390957844495134
"gene_358",0.133899546811853,0.124553721224595,0.131458422380122,0.131458422380122
"gene_359",0.0454818454844314,0.0510718016720795,0.0466719510956916,0.0466719510956916
"gene_360",0.233059062755694,0.204516618290443,0.224963293594429,0.224963293594429
"gene_361",0.0720688193291275,0.0572676672125826,0.0684698137877824,0.0684698137877824
"gene_362",0.0751104473886756,0.0609681146309158,0.0716493592230018,0.0716493592230018
"gene_363",0.463176242914601,0.513039559429035,0.477096783050664,0.477096783050664
"gene_364",0.0421089318438229,0.0522682982689605,0.0471888879422576,0.0471888879422576
"gene_365",0.0570245743736385,0.055056436076295,0.0555102017215668,0.0555102017215668
"gene_366",0.127268283473104,0.155010330909373,0.133406263048274,0.133406263048274
"gene_367",0.277803793760032,0.273235995923549,0.276609858856063,0.276609858856063
"gene_368",0.125045727340719,0.077074803055352,0.111800831154131,0.111800831154131
"gene_369",0.0847559482700008,0.0544991646272452,0.0770713964026702,0.0770713964026702
"gene_370",0.185337176129173,0.170166480095992,0.181280094851093,0.181280094851093
"gene_371",1.22392722799637,0.459060450456067,0.973907294351737,1.22392722799637
"gene_372",0.0885739879351781,0.128800360527615,0.0994716868256962,0.0994716868256962
"gene_373",0.0413238234465602,0.059266637763987,0.045561527721773,0.045561527721773
"gene_374",0.421451876473851,0.394105586255581,0.413231700220341,0.413231700220341
"gene_375",0.102929643534546,0.104851519715784,0.103407705564719,0.103407705564719
"gene_376",0.420274485183179,0.413696893432066,0.418410565492938,0.418410565492938
"gene_377",0.0639885952993776,0.0889237414865073,0.0710310024861506,0.0710310024861506
"gene_378",0.0764205065663119,0.0947051094329002,0.0807769479742225,0.0807769479742225
"gene_379",0.0884646242285752,0.0895655120587204,0.0872736156529928,0.0872736156529928
"gene_380",0.281921646298297,0.170428016826842,0.251128854891806,0.251128854891806
"gene_381",0.233297261386637,0.191662857589906,0.221816496329423,0.221816496329423
"gene_382",0.0482267028570016,0.0548699609841578,0.049682855066971,0.049682855066971
"gene_383",0.0623963188935724,0.0835396146581027,0.0672273989870106,0.0672273989870106
"gene_384",0.0915034254332469,0.0978832416911932,0.0930865078463431,0.0930865078463431
"gene_385",1.51235897756083,0.691845568297355,1.24302963646559,1.51235897756083
"gene_386",0.684843448972378,0.409563473997819,0.600549768812697,0.600549768812697
"gene_387",0.0583875880409392,0.0556018427555166,0.0577387618565343,0.0577387618565343
"gene_388",0.102974793350816,0.127909633156059,0.110208430261668,0.110208430261668
"gene_389",0.301537205829719,0.65180154830359,0.415511788006024,0.415511788006024
"gene_390",0.0638155911018637,0.169167115560956,0.0876973101620462,0.0876973101620462
"gene_391",0.119679750228783,0.120669369477336,0.119943104691015,0.119943104691015
"gene_392",0.17206133160397,0.139028824273623,0.163226629264625,0.163226629264625
"gene_393",0.0677224836868879,0.0622984960596056,0.0664264692933981,0.0664264692933981
"gene_394",0.0324519652731574,0.0508019276165506,0.0363174185213581,0.0363174185213581
"gene_395",0.0697294953521054,0.0525510739249379,0.0655821938637059,0.0655821938637059
"gene_396",0.0331986516344158,0.0518908247130135,0.0368413814247824,0.0368413814247824
"gene_397",0.0814164444450058,0.135129628116917,0.0952159413588039,0.0952159413588039
"gene_398",0.0608677925331876,0.0548446255182324,0.059471557557042,0.059471557557042
"gene_399",0.435379225468025,0.403095172680651,0.425781606280807,0.425781606280807
"gene_400",0.155655308458737,0.0943123279524387,0.139081778623153,0.139081778623153
"gene_401",0.0328770611766237,0.0506888665256965,0.0378497503179638,0.0378497503179638
"gene_402",0.104706088330753,0.0840200374445635,0.0994814729599016,0.0994814729599016
"gene_403",0.157540342368373,0.118159089998035,0.146905366765445,0.146905366765445
"gene_404",0.156350783253037,0.15189181410438,0.155201445509537,0.155201445509537
"gene_405",0.0559375494315701,0.0542227480293761,0.0556916120763057,0.0556916120763057
"gene_406",0.0531873419708616,0.0506973700521031,0.0564247789169289,0.0564247789169289
"gene_407",0.0494985928447927,0.06205217200375,0.0520062177071622,0.0520062177071622
"gene_408",0.133413651462881,0.0863916873180493,0.120914182313827,0.120914182313827
"gene_409",0.0596663366411841,0.0506998627349483,0.0608330250246769,0.0608330250246769
"gene_410",0.218628555531276,0.192249028643176,0.211478874016482,0.211478874016482
"gene_411",0.0632655756754302,0.0577827876905354,0.0619847710212729,0.0619847710212729
"gene_412",0.0786567043717879,0.125254713924871,0.0899194494045856,0.0899194494045856
"gene_413",0.409227980283893,0.163427938725174,0.331883589044301,0.409227980283893
"gene_414",0.0865269418350805,0.0536170677929077,0.0780897693300849,0.0780897693300849
"gene_415",0.674750409296969,0.661941492993426,0.671126860910495,0.671126860910495
"gene_416",0.114778448822267,0.116532020034611,0.115203589480854,0.115203589480854
"gene_417",0.0940085604784069,0.0949114462979903,0.0928945470896252,0.0928945470896252
"gene_418",0.109113196593976,0.157602474164812,0.121780690228533,0.121780690228533
"gene_419",1.37181577672612,1.13384832969064,1.2841080108003,1.2841080108003
"gene_420",0.145646934472859,0.165813699627662,0.151024861591018,0.151024861591018
"gene_421",0.755063350347774,0.549639220633786,0.694948353789067,0.694948353789067
"gene_422",0.0600122725279795,0.0507440168775522,0.0541454852764222,0.0541454852764222
"gene_423",0.879231523337308,1.24255421994675,0.987542119265087,0.987542119265087
"gene_424",0.793547751822511,0.413777086198408,0.676881005751791,0.793547751822511
"gene_425",0.0927577197668242,0.0561965344166999,0.0833302311419106,0.0833302311419106
"gene_426",0.0528509720415353,0.0543967168623129,0.053198020819075,0.053198020819075
"gene_427",0.0714649662451721,0.122171187444559,0.083511890853402,0.083511890853402
"gene_428",0.0914771289285119,0.0991619086535454,0.0933482026706807,0.0933482026706807
"gene_429",0.0486345534194858,0.0615347551921501,0.0519491570735876,0.0519491570735876
"gene_430",0.0601357410647613,0.0511969728476008,0.0585181458334484,0.0585181458334484
"gene_431",0.378303073413369,0.679068710285882,0.467708836508936,0.467708836508936
"gene_432",0.0477077492755067,0.051245758652515,0.0496611631619892,0.0496611631619892
"gene_433",0.0882728619740927,0.0722082723937544,0.0842961695156286,0.0842961695156286
"gene_434",0.115497534318021,0.113098478347364,0.114089089921171,0.114089089921171
"gene_435",0.0254575528721301,0.0528270832261819,0.0311034665179868,0.0311034665179868
"gene_436",0.0673272144787558,0.054050654835034,0.0641167301933198,0.0641167301933198
"gene_437",0.0371708477940221,0.0521977070917737,0.042041254705722,0.042041254705722
"gene_438",0.184985189147142,0.100391888011014,0.161521926091337,0.161521926091337
"gene_439",0.0641986639677238,0.0551409794454191,0.0620577891538016,0.0620577891538016
"gene_440",0.0510766669410062,0.0538167983166876,0.0497079411781555,0.0497079411781555
"gene_441",0.127566420852985,0.139488383179694,0.130568288885685,0.130568288885685
"gene_442",0.0534617995501753,0.0522504355745305,0.0541911197871166,0.0541911197871166
"gene_443",0.0633525939813443,0.0899521376376944,0.0698928559422704,0.0698928559422704
"gene_444",0.0526332519846818,0.0906888704185376,0.061140859191139,0.061140859191139
"gene_445",0.047320758108781,0.0589438223064017,0.0494900142327256,0.0494900142327256
"gene_446",0.0630559423464498,0.0613805472524697,0.0609808082553403,0.0609808082553403
"gene_447",0.169768814781639,0.206513148984306,0.179114036129548,0.179114036129548
"gene_448",0.111277977081687,0.0907386447418535,0.106102900897941,0.106102900897941
"gene_449",0.0487679491559348,0.0507185330222531,0.0499023779977748,0.0499023779977748
"gene_450",0.111380881101807,0.0862500272002738,0.104895604954223,0.104895604954223
"gene_451",0.073771567866467,0.116944177480645,0.0839148226601695,0.0839148226601695
"gene_452",0.0619743422260943,0.0556903084505685,0.0608099330866091,0.0608099330866091
"gene_453",0.0485573168421765,0.0633646147114668,0.0509646384402219,0.0509646384402219
"gene_454",0.10599070503999,0.0957600600047436,0.10332771661956,0.10332771661956
"gene_455",0.347357065987571,0.351920561857874,0.348899267788717,0.348899267788717
"gene_456",0.0658476179090357,0.0547072783110862,0.0620223514493574,0.0620223514493574
"gene_457",0.0952641739306609,0.0711300881220333,0.0891024134676614,0.0891024134676614
"gene_458",0.0851143555408945,0.0601773525614207,0.0774989381016152,0.0774989381016152
"gene_459",0.135725285689998,0.108997678174011,0.128876610974773,0.128876610974773
"gene_460",0.942557383330644,0.771667489532695,0.893642505602356,0.893642505602356
"gene_461",0.079115435283932,0.0827382409390011,0.0799887256759605,0.0799887256759605
"gene_462",0.0610486170500956,0.0507002455208024,0.0586225730205667,0.0586225730205667
"gene_463",0.663273502567466,0.578335996215035,0.637795596921176,0.637795596921176
"gene_464",0.228938676396273,0.146025962523882,0.204166085373365,0.204166085373365
"gene_465",0.834699550694771,0.473002020577903,0.734032019089824,0.734032019089824
"gene_466",0.131606551277859,0.131894549824018,0.131720276687373,0.131720276687373
"gene_467",0.0566122948439876,0.0631664917983712,0.0588662339814759,0.0588662339814759
"gene_468",0.151350959919447,0.107409259405579,0.141372349173834,0.141372349173834
"gene_469",0.0900174325969923,0.10290648550265,0.093144168164276,0.093144168164276
"gene_470",0.388225954026738,0.439099657472397,0.401832827887709,0.401832827887709
"gene_471",0.0586998916599489,0.0827577820696277,0.0641645235050781,0.0641645235050781
"gene_472",0.0567584769471019,0.0533905517955619,0.0580248759889725,0.0580248759889725
"gene_473",0.0556857939894817,0.0507003001168257,0.0511440324238258,0.0511440324238258
"gene_474",0.0767714685899353,0.0513087000008826,0.0694233887499576,0.0694233887499576
"gene_475",0.308490401672975,0.231224662894046,0.285876108051002,0.285876108051002
"gene_476",0.135815064890286,0.138736781091578,0.136567463749126,0.136567463749126
"gene_477",0.0621559099880445,0.0584658972904007,0.0629502108834691,0.0629502108834691
"gene_478",0.0819033545219678,0.0850641273463626,0.0826764669844842,0.0826764669844842
"gene_479",0.0879349115104088,0.0716333561208554,0.0838874809141636,0.0838874809141636
"gene_480",0.665971092565849,0.192257632521551,0.498343534853624,0.665971092565849
"gene_481",0.114974893718554,0.0992508700692194,0.110961196201513,0.110961196201513
"gene_482",0.393608574799741,0.267102949528564,0.357375155938404,0.357375155938404
"gene_483",0.266771115798036,0.29637388551661,0.275802871037087,0.275802871037087
"gene_484",0.2185341082233,0.168498215431483,0.2049779268487,0.2049779268487
"gene_485",0.0780249277975685,0.1726711750902,0.100254310033428,0.100254310033428
"gene_486",0.0877623906740023,0.0858403888658702,0.0872916985598105,0.0872916985598105
"gene_487",0.0816272095103232,0.0584372103619576,0.0758413136647908,0.0758413136647908
"gene_488",0.195728110299965,0.20219809776545,0.197763861999322,0.197763861999322
"gene_489",0.286960192965889,0.213972111855462,0.266082636318816,0.266082636318816
"gene_490",0.0619930238988064,0.0507374385839928,0.0559815105433004,0.0559815105433004
"gene_491",0.0241694470951729,0.0534557506034215,0.0289822687273036,0.0289822687273036
"gene_492",0.0531474006536081,0.0565332249884206,0.0541836301287511,0.0541836301287511
"gene_493",0.0417575701737293,0.0507136320129585,0.0441671138933008,0.0441671138933008
"gene_494",0.189492170921705,0.259292332659557,0.207828210688583,0.207828210688583
"gene_495",0.0595658215602159,0.0506973549623467,0.0599278482502832,0.0599278482502832
"gene_496",0.0475447535853985,0.0521827417675318,0.0485444915913825,0.0485444915913825
"gene_497",0.0791480617378428,0.0674549457316652,0.0751461803460472,0.0751461803460472
"gene_498",0.0639021038571747,0.0529699538916685,0.061290417924573,0.061290417924573
"gene_499",0.0651962305040164,0.0830271795606918,0.0702297604043108,0.0702297604043108
