"gene","baseMean","log2FoldChange","lfcSE","stat","pvalue","padj","dispersion","log2FoldChange_apeglm","lfcSE_apeglm"
"gene_0",1432.24787154048,0.066004493605307,0.13248874077748,0.498189455330124,0.618350513978543,0.788712390278754,0.0625515052193899,0.0622928449393268,0.128546472927234
"gene_1",35.0559653331544,-0.116397914243459,0.275146649689832,-0.423039547727268,0.672266407191548,0.812836934653489,0.244231861879386,-0.091410114817618,0.244853963010178
"gene_2",1408.25269317574,-0.299704246364347,0.142556814325053,-2.10234949331129,0.0355226720172535,0.109637876596461,0.0725057958016776,-0.282275165605512,0.139237480300044
"gene_3",18.2199776267653,-2.10616368501497,0.348106974553419,-6.05033463554394,1.44545267526218e-09,1.1118866732786e-08,0.344990615671685,-1.99975248318944,0.354259845915083
"gene_4",309.343808039132,-0.0125221020608711,0.16783821394217,-0.0746081703728428,0.940526473227018,0.971618257465927,0.0982671174765749,-0.0109161103403007,0.159861764791103
"gene_5",682.711185712467,-1.02964454830597,0.13558636402201,-7.59401253756478,3.10148370172014e-14,3.44609300191127e-13,0.0645502638089417,-1.0057844103207,0.136061843718276
"gene_6",28.1816307178182,2.40541863084886,0.392276518657774,6.13194651334042,8.68102923431695e-10,6.88970574152139e-09,0.490563980806689,2.28420881207433,0.401101392252294
"gene_7",374.931456041173,0.0553199322557085,0.11947160811685,0.46303831619645,0.643336902776595,0.796209038089846,0.0487635470139828,0.0528071887676054,0.116537799364092
"gene_8",122.445925387129,-0.0354313308885674,0.203439688775872,-0.174161350234869,0.861738659322046,0.926127618267816,0.140955870793664,-0.030573664145893,0.189769902020762
"gene_9",645.5961600014,0.190682303382792,0.157170708579116,1.21321781333579,0.225046555331131,0.421303880607614,0.0874577959249578,0.176136065839577,0.151564143250375
"gene_10",23.4866332684796,-0.351697526796985,0.286620946848777,-1.22704753669851,0.21980472460526,0.414725895481623,0.252681217716307,-0.278928235658047,0.261976513011541
"gene_11",197.559014101877,1.008294708919,0.157171703405953,6.41524324715568,1.40598185521032e-10,1.19151004678841e-09,0.0833923038390826,0.977128782120398,0.157999943176343
"gene_12",2463.88873722744,-0.107334759319253,0.113754658432266,-0.943563637731495,0.345392681194143,0.57569399479407,0.0462198308653947,-0.102478975907338,0.111322660020738
"gene_13",579.238447805247,2.04984603395972,0.128659531330141,15.9323294027848,3.78008717114763e-57,1.45387968121063e-55,0.0569758511197615,2.035647507203,0.129005845180277
"gene_14",783.232637148187,-0.0347561437187326,0.120075169409855,-0.289453214095403,0.772234577899281,0.867679301010428,0.0506726817722926,-0.0326603238399086,0.11708655476397
"gene_15",83.8175936560077,-0.215095200241496,0.168722169863739,-1.27484847080386,0.202362880704189,0.398259814465713,0.0905199868929336,-0.196025512417625,0.162248043947783
"gene_16",19.5080198932122,-0.137063297269373,0.291604664471307,-0.470031223670153,0.638332709957349,0.791976066944602,0.254697173679907,-0.104962810167874,0.257407228274493
"gene_17",166.873136177094,0.170051551114807,0.135603524946874,1.25403488723047,0.209829325133046,0.400437643383675,0.0602643282699533,0.160052088848416,0.131840680238468
"gene_18",14.0295869196004,-0.367783882993431,0.311811170698502,-1.17950836132504,0.23819580923349,0.433083289515436,0.277769350259937,-0.281113329800878,0.281141525849491
"gene_19",7.18047516779956,0.299922415843343,0.542141697997754,0.553217760137288,0.580114307055265,0.76462044980506,0.920231432259282,0.149457163783224,0.388734635171375
"gene_20",1657.63255720665,-0.021763354979581,0.126263521179299,-0.172364549763159,0.863150940225604,0.926127618267816,0.0568415749485456,-0.0202734368479243,0.122757648814074
"gene_21",20.9057402486361,-0.068827323963889,0.309854410881292,-0.222127946373684,0.8242142831821,0.901766174159847,0.297982361782125,-0.0508253341125223,0.26778121254053
"gene_22",5.94216709018668,-0.965343471232987,0.655145092859334,-1.47348042709106,0.140621537734925,0.307033925185426,1.35719361924898,-0.452555382240641,0.533674085395856
"gene_23",1081.44383586197,-0.0735254673352484,0.138008761711463,-0.53275941631133,0.594200130422939,0.773684517255812,0.0677022797649578,-0.0686448978929764,0.133607490347633
"gene_24",169.324855443675,0.0387263044979385,0.168105329623452,0.230369284452097,0.817804826776988,0.898686622831855,0.0959196620217113,0.0354848053911558,0.160182646564771
"gene_25",43.9767977150381,-0.168443477224569,0.230884405352375,-0.729557619829245,0.465660635271632,0.692201800842783,0.169247881212942,-0.141868583980276,0.213152018148994
"gene_26",102.669081674228,-0.428262202982526,0.168389151916071,-2.54328855576148,0.0109814498871473,0.0389413116565506,0.0921403867603287,-0.396491929684528,0.164813495765156
"gene_27",77.7071665436523,0.0142568441950724,0.185535214253593,0.0768417157488274,0.938749464456252,0.971618257465927,0.111194978044868,0.0128904906493651,0.174907654846897
"gene_28",1250.68988928737,0.171965748847084,0.138183508977781,1.24447374450981,0.213325256624363,0.405561324380919,0.0680031997192738,0.161404741008003,0.134213692503107
"gene_29",1614.63094876914,1.9003055457281,0.114064965375193,16.6598529134466,2.56654850321079e-62,1.42586027956155e-60,0.045979057599361,1.88864071864371,0.114333529981635
"gene_30",4.09595308793645,-0.582410619658794,0.660670130000902,-0.881545257173953,0.378022769798573,0.605805720831046,1.32072290006969,-0.241858374902127,0.449483565815844
"gene_31",371.088423148695,0.546211077969991,0.17547868544276,3.11269187247337,0.00185389461677042,0.00766072155690256,0.108185020186077,0.504996683295125,0.173135423345993
"gene_32",731.161479996137,0.434786452588319,0.0986146260118883,4.40894490170154,1.03875445966055e-05,5.4671287350555e-05,0.0336513039754982,0.423646078603163,0.0979472736486529
"gene_33",885.016194038958,1.02079990914586,0.137830567414798,7.40619391106319,1.29975743836044e-13,1.3262831003678e-12,0.0671962948897546,0.996583362590307,0.138284293370854
"gene_34",4.36674794771305,0.868981724922964,0.720349734971729,1.20633309451702,0.227689081997525,0.423213907058597,1.6251589983985,0.34091682487442,0.5101066990193
"gene_35",90.150730091408,-0.326123901238716,0.20260035000337,-1.609690709978,0.10746539406911,0.263014692195036,0.136599817911988,-0.288693344434657,0.193639127284168
"gene_36",5220.97000324183,-0.295868502725422,0.135257873650885,-2.1874401448088,0.0287104082436403,0.0932156111806503,0.06572776502665,-0.279592618574048,0.132405780157133
"gene_37",782.119839689782,-0.00590081136310488,0.104480179246675,-0.0564778066581723,0.954961175021395,0.979553145098887,0.0380534892882125,-0.00556509915728261,0.102471422056755
"gene_38",4.82566105991272,0.401489876204188,0.563596310353639,0.712371370835032,0.476234838979835,0.692201800842783,0.936560691016663,0.194428165430839,0.404947141087705
"gene_39",4.68270994720402,-1.93113241542181,0.77902503127513,-2.47890932626501,0.0131784803054063,0.0457586121715497,1.85460076989006,-1.18661142692351,0.934168186855109
"gene_40",331.579928962398,-1.01024483653077,0.115466798782975,-8.74922356191387,2.14825695153838e-18,3.15920139932115e-17,0.0445833389438304,-0.992943587270516,0.11572061259087
"gene_41",118.220047717258,0.135256338212392,0.158925268617173,0.851068803528054,0.394731133743134,0.626557355147832,0.0825523340836728,0.124418243913424,0.152665697820563
"gene_42",1076.42699460706,-0.0477116921358888,0.145166620937284,-0.328668476457143,0.742406283886076,0.851812944996031,0.0750025800272708,-0.0441495447502215,0.139992599602426
"gene_43",301.924474457755,0.107869343775625,0.152293290307086,0.708300041046562,0.478758951624396,0.693853553078834,0.0802593167752192,0.101430742147484,0.14659439744379
"gene_44",292.502577938006,0.960779274681206,0.132708519874036,7.23977085716242,4.49443440279918e-13,4.24003245547093e-12,0.0597069922770005,0.937931321443664,0.133067388614907
"gene_45",365.841812328408,1.14866654955019,0.156229680769894,7.35242204867606,1.9464705376425e-13,1.90830444866912e-12,0.0848158626656695,1.11862236075381,0.157083667554574
"gene_46",134.417269281517,-1.9857288310068,0.16472022106061,-12.0551612802665,1.82175547142047e-33,3.96033798134884e-32,0.0858993168527424,-1.96134972964385,0.165448425888346
"gene_47",13.9821211642721,-0.432006095781721,0.356676192965848,-1.21119969401234,0.225818880005681,0.421303880607614,0.384667657544762,-0.310027290662276,0.316303351624669
"gene_48",4551.66858030135,-0.379767911136284,0.118145611556689,-3.21440556388387,0.0013071490408629,0.00583548678956651,0.0500717694867326,-0.364094095323545,0.116701326533496
"gene_49",8.00063628633971,0.159932366894295,0.451054381835095,0.354574466705361,0.722908407458872,0.84451916759214,0.609126608783309,0.093421807711862,0.345480534794635
"gene_50",127.603426122535,-0.878087690837594,0.146001980727235,-6.01421765967723,1.80757507224815e-09,1.34893662108071e-08,0.0681072066238033,-0.849546530313447,0.146337499127308
"gene_51",56.3669056190276,0.0956060957954358,0.228992908404206,0.417506797313903,0.676307753501765,0.812836934653489,0.171240504522371,0.080824756030255,0.210490975741534
"gene_52",5699.00243153143,0.0609575693788788,0.115871036110732,0.526081162514373,0.598831816355999,0.773684517255812,0.0482035832177383,0.0584559312196892,0.113205642915163
"gene_53",1115.81485764249,-0.11286004787293,0.0998743720120923,-1.13002010024419,0.258467754914147,0.461549562346691,0.0350418912286123,-0.108894655002916,0.0982158408629587
"gene_54",53.9267491098254,0.27185254152564,0.232451411761802,1.16950264773704,0.242201175099995,0.438770244746368,0.176075144408675,0.230583976109317,0.217138679172989
"gene_55",238.351811738116,-0.0520386916603691,0.116074905173316,-0.448319915339739,0.653922329703752,0.801375404048716,0.0443490412158516,-0.0494623417202183,0.113371869884001
"gene_56",1572.07195076268,0.198229020822865,0.128417165664408,1.54363335927298,0.122677178760997,0.27953154386269,0.0587846151431887,0.18792532008904,0.125360213397521
"gene_57",3057.67988624719,-1.96584056767809,0.119543591265802,-16.4445500328587,9.17633587174518e-61,3.82347327989383e-59,0.0509740688419905,-1.95786322935791,0.119880711853925
"gene_58",316.231881717613,0.269277034515716,0.153491645745994,1.75434326218203,0.0793717070118189,0.212223815539623,0.0817134790124537,0.25106585617353,0.149053933232365
"gene_59",20.6155282482416,-0.22826894748804,0.295557498858423,-0.772333465974363,0.439916949189912,0.676795306446018,0.265843051346376,-0.175456518540706,0.262668990578331
"gene_60",22.8552375392362,0.45271600710018,0.290059666777564,1.56076855541364,0.118578369183233,0.274848247635987,0.258791114396815,0.364021114880195,0.270432031205967
"gene_61",4850.26127639588,-0.212166306091717,0.119409915880541,-1.77678967887366,0.07560285065803,0.205442528962038,0.0511710519871449,-0.201137900159828,0.116966543402417
"gene_62",3.40347772545684,-2.28349010445864,0.662458403698846,-3.44699394212337,0.000566861292644922,0.00264888454506973,1.05576949005221,-1.88537655946498,0.713237185510971
"gene_63",4950.75414164696,-0.00297651769615836,0.125984685386129,-0.0236260279337577,0.98115091065454,0.98509127575757,0.0569908946379052,-0.00151194458747204,0.122505053065845
"gene_64",89.7558077032572,-0.259200048840133,0.162490851311378,-1.59516703093292,0.110674889181908,0.266031766810866,0.0838710605688099,-0.238537608885339,0.157043164228975
"gene_65",159.489618221775,2.21449447657216,0.200689718246665,11.0344191816063,2.60730650471276e-28,5.01405097060146e-27,0.134727774736263,2.18168187332285,0.201926284107756
"gene_66",204.704053625367,-0.208504562410258,0.13482676247212,-1.5464627243673,0.121992855779424,0.27953154386269,0.0605732360955437,-0.196309259220576,0.131342476425776
"gene_67",883.839082429174,-0.640559390312935,0.121675864039918,-5.26447373410709,1.40591496943357e-07,8.46936728574438e-07,0.0521428458971028,-0.620834982712326,0.121366247464658
"gene_68",307.272610001083,0.00468824193891136,0.136094215150169,0.0344485027062925,0.97251950683585,0.984722987874206,0.0634801588153413,0.00453312770686306,0.131770993744118
"gene_69",11.9793109137857,2.85388170372059,0.630162828450925,4.52880045421917,5.93194862846261e-06,3.15529182365033e-05,1.24310310697986,2.56855922172006,0.664136035875297
"gene_70",335.200179491351,-0.112335484023263,0.146076736648154,-0.769016933160538,0.441883258292927,0.677735058731484,0.0738901495974667,-0.104365866904699,0.1410504173809
"gene_71",366.311222591884,-0.180629337987715,0.141757709881025,-1.27421173874292,0.202588386103983,0.398259814465713,0.0696549352424683,-0.168828460928664,0.137556097360046
"gene_72",538.807174497305,-0.269726312608183,0.113054420404359,-2.38580952114441,0.0170415750948685,0.0583615585440702,0.0441709850499751,-0.258885709575581,0.111273795678637
"gene_73",49.7053372931161,2.07704190906896,0.285742410839765,7.26893114313961,3.62343028286159e-13,3.4840675796746e-12,0.262818970336084,2.00563367786767,0.289296525474519
"gene_74",4.02061481586049,0.0206606833176058,0.658842873773789,0.0313590449863461,0.974983202441241,0.984722987874206,1.31953603705707,0.0084695573744674,0.410392710337461
"gene_75",70.5789738434498,-0.00611364445825412,0.185863004109837,-0.0328932833488542,0.973759689010331,0.984722987874206,0.110321358016366,-0.00523791404898679,0.175261251364853
"gene_76",24.1643622572666,0.248482131705932,0.234682185690372,1.05880269938242,0.289689644055988,0.504685791038306,0.157091644065874,0.210032071075692,0.218262449339227
"gene_77",30.9742228908405,0.137218627573161,0.234523678371695,0.585094982842985,0.55848385220092,0.754707908379622,0.166016872817403,0.115211584300383,0.215412225425574
"gene_78",25.1672057078714,0.0330228127327478,0.348861327528023,0.0946588518903552,0.924585802596113,0.967139960874595,0.398770229749782,0.0233677450121447,0.291069884747393
"gene_79",74.395321821014,-0.300110527388844,0.186015516778149,-1.61336286664069,0.106665695662458,0.263014692195036,0.111021097155757,-0.270061974837365,0.178708084708779
"gene_80",98.9460091782354,0.235052965529144,0.169845185260152,1.38392480875518,0.16638147943717,0.347018902076453,0.0938147429335805,0.214694570970834,0.163352632094951
"gene_81",761.187213975213,-0.153867805591287,0.12864099107415,-1.19610245775078,0.231656578647799,0.427410661711805,0.0583062436290963,-0.14530095635571,0.125329366714752
"gene_82",1206.38717789985,0.0196769606139333,0.116312431061713,0.16917332424677,0.865660311511132,0.926831168641469,0.0479176644972549,0.0189238345552338,0.113574279357503
"gene_83",33.9217519176048,0.0314785598110905,0.25930322577871,0.121396715048792,0.90337681865007,0.949787931359622,0.212790610605057,0.0253780864075113,0.232855507119083
"gene_84",103.664377398022,0.346563182752448,0.169177699160471,2.04851575870955,0.0405094895882974,0.12128589697095,0.0933887376162869,0.319248338191258,0.164450136876322
"gene_85",241.05532059675,-0.800059274745952,0.148994076926729,-5.36973879263267,7.88507661008722e-08,4.9905548165109e-07,0.075447344098512,-0.769964202673371,0.149138191312296
"gene_86",2574.04839751144,0.0259946908365783,0.111655704731357,0.232811130422053,0.81590806956317,0.898577169122434,0.0445338865782062,0.0254451985954077,0.109227730754366
"gene_87",137.524371096366,0.287533083104942,0.160996148632135,1.78596249381055,0.0741053311205585,0.202473582296608,0.0860931623125272,0.266551890030382,0.156055236884237
"gene_88",2.64036608924664,-0.223790780798277,0.650968608951489,-0.343781217282866,0.73101082669176,0.846788360844737,1.14903111414698,-0.0892550887467013,0.41439924532941
"gene_89",260.48038658083,0.236525077586486,0.136640751528566,1.73099953667218,0.0834518471037938,0.216196495087549,0.0634250282570672,0.222955172897926,0.133217347724465
"gene_90",117.667151372889,-0.551979912158481,0.187125228336056,-2.94978885031572,0.00317991170524596,0.0125193374222282,0.117275470843442,-0.507924833237649,0.184222638514528
"gene_91",5300.67245529939,-0.0538772725966947,0.129146670942202,-0.417178950131876,0.676547520760581,0.812836934653489,0.0599109885956005,-0.050702261760313,0.125468541192658
"gene_92",275.065159582452,-0.356154172171226,0.139263110067812,-2.55741934815188,0.0105452008114996,0.0376614314696415,0.0661671027887939,-0.336340959477338,0.136619314038964
"gene_93",21.4460117932271,-1.87519258103521,0.274382619646768,-6.83422508119964,8.24494864080862e-12,7.23241108842861e-11,0.200837284903065,-1.80369944342378,0.277984221731628
"gene_94",136.372382993242,1.69212480326966,0.209427738411754,8.07975493648694,6.48970560497768e-16,8.53908632233906e-15,0.148153484942429,1.6482253489703,0.211326615926608
"gene_95",57.9300689698767,-0.171327692190856,0.182490500162662,-0.93883074482312,0.347817651037214,0.57569399479407,0.102683350554856,-0.153461145267624,0.173453801102044
"gene_96",230.930992634525,0.105110767693332,0.146408188008381,0.717929571584581,0.472800713267557,0.692201800842783,0.0729015998435579,0.0978495313145125,0.141365528134227
"gene_97",244.744407702666,0.247857572049525,0.177264928693463,1.39823243027466,0.16204328111408,0.341863462265991,0.109123956067449,0.224854810170402,0.170021448581146
"gene_98",900.185881949055,-0.357063382248624,0.109752240403491,-3.25335848212233,0.00114049517801424,0.00513736566673083,0.0422668351108356,-0.344595907657173,0.108497558799388
"gene_99",343.629189977308,0.0660708216382855,0.151699360739082,0.435537904157191,0.663172032259242,0.806778628052605,0.080009337257546,0.0605934354692899,0.145846910487648
"gene_100",74.1114308678639,-0.334986753065473,0.189706645113721,-1.76581454415929,0.0774269676384865,0.209262074698612,0.115929488436565,-0.301100772997088,0.18256502620067
"gene_101",24.7150670975143,0.852017307168751,0.27207408407313,3.13156363301306,0.00173878100936586,0.00724492087235776,0.223390214438411,0.752924261850508,0.272360710843495
"gene_102",565.588773701225,0.157885575268159,0.112160346323049,1.40767731595095,0.159226641762244,0.338780088855838,0.0435579426404264,0.151536973735835,0.109982344707692
"gene_103",135.144207735476,0.146422145267254,0.154632608533294,0.946903416142833,0.343687997037002,0.57569399479407,0.0787571633755711,0.135353251036831,0.148945237897849
"gene_104",238.641313567806,0.193386723347648,0.134773680417958,1.43489977232883,0.151315660603352,0.326111337507225,0.061251111655655,0.182279238073118,0.131231351672674
"gene_105",1454.46850740626,0.199829593316599,0.113369553398019,1.76263897428471,0.0779613993117389,0.209573654063814,0.0456226198384431,0.191765421046647,0.111279956295001
"gene_106",4779.5603291972,-0.179720660834863,0.115197602106313,-1.56010765457603,0.118734442978746,0.274848247635987,0.0476073880837574,-0.17163019248316,0.112914173594547
"gene_107",22.6310160892199,0.124874164531461,0.260585667885366,0.479205804159551,0.63179222553783,0.789740281922288,0.200515824855997,0.100877153392845,0.235050770169179
"gene_108",4323.46486491611,0.062281581799915,0.129494592465492,0.480958939011386,0.630545682018799,0.789740281922288,0.0601928461828614,0.0600716051803534,0.125750573808051
"gene_109",77.5802025562609,2.09227719470814,0.281825401146082,7.42401921969987,1.13618661941778e-13,1.20870916959338e-12,0.265905270600612,2.02353850311939,0.285839935913673
"gene_110",287.048691689011,0.102626975943686,0.172025627790757,0.596579575157929,0.550788111166851,0.746325353884622,0.103144232066266,0.093103976254742,0.163878194395765
"gene_111",361.494356139251,0.934931092586164,0.127095968471732,7.35610345338459,1.89356283577789e-13,1.89356283577789e-12,0.0551841777858279,0.913818245601236,0.127395016502832
"gene_112",81.8048927082806,-0.100812422411328,0.141157419562542,-0.714184367522117,0.475113182014669,0.692201800842783,0.059576052676427,-0.0940318575779387,0.136556746337269
"gene_113",1562.39323071732,-1.9666111458202,0.111910567284924,-17.5730602885179,3.96210972516117e-69,3.30175810430098e-67,0.0441097053723196,-1.95524749918307,0.112162542313519
"gene_114",38.8606470422437,0.0252915253272492,0.216642973025681,0.116742883344068,0.907063806603683,0.950800635852917,0.14346623973099,0.0218593372313432,0.200349211413562
"gene_115",548.258807459804,-0.261064082948297,0.140220544110748,-1.8618105114619,0.0626298043345,0.175926416669944,0.0689964878997352,-0.245211874243532,0.136757272397254
"gene_116",164.304419881451,0.147860687516028,0.132613506558452,1.11497457048883,0.264861319087469,0.471283485920764,0.0572897016645801,0.139458042140946,0.128929057575972
"gene_117",65.3261649414102,1.87255070638721,0.251447707277653,7.44707806907743,9.54301541868327e-14,1.03728428463949e-12,0.205765351286036,1.81317284373062,0.254496272179355
"gene_118",1222.22832324864,-2.2512840585971,0.126889534266315,-17.742078348811,1.98456946899594e-70,2.38787530132726e-68,0.0565412332460036,-2.23811206693086,0.127157552180933
"gene_119",5.48203327012124,0.465898320316109,0.530785425992807,0.877752661435023,0.380077959266445,0.607153289563011,0.829962499566979,0.243178062095361,0.402569223215957
"gene_120",56.8068440919788,0.330833913530335,0.263503698912911,1.2555190492399,0.209290397301549,0.400437643383675,0.232508960520882,0.271363292355892,0.243410749532747
"gene_121",6.20035054508839,-0.0348575773872918,0.453761814096686,-0.0768191070830488,0.938767450398483,0.971618257465927,0.582208549979653,-0.01971894991511,0.343434478908517
"gene_122",260.884986274027,0.271342560455892,0.142995515149857,1.89755993515971,0.0577540764218101,0.16567851770904,0.0698281267681276,0.254823312535341,0.139378517785553
"gene_123",259.709241803071,-0.170386471802072,0.143080863743962,-1.19084039153532,0.233716248867555,0.428051737852665,0.0698901851858455,-0.158866183688409,0.138635591690438
"gene_124",32.4266844000756,1.56769101790857,0.409874063993466,3.82481146192642,0.000130872200730978,0.000641530395740087,0.56554298941304,1.37999586048782,0.42625984324102
"gene_125",547.560427878434,-0.21640020642204,0.127713797562995,-1.69441525153381,0.0901864033882538,0.23006735558228,0.0569271908937909,-0.20495805994891,0.124770727387273
"gene_126",21.2415297689187,0.14704061476723,0.333178092286081,0.44132738067596,0.658976006605004,0.805594140103917,0.35283316760806,0.105836997055826,0.284202806665897
"gene_127",519.489626751835,-0.113493641333936,0.153258055776013,-0.740539482634492,0.458972713177774,0.689642842862575,0.0826992903063966,-0.105529761066707,0.147465843139412
"gene_128",161.357296041582,-2.03861850317614,0.176594526962313,-11.5440638973551,7.90979240732125e-31,1.64787341819193e-29,0.102232075719951,-2.01103225479624,0.177711366480084
"gene_129",1721.315148218,1.94833489739639,0.116481169300489,16.7266083358953,8.38808858913424e-63,5.2425553682089e-61,0.0480261514819256,1.93629947968119,0.116727159531453
"gene_130",61.0370721765868,1.90751389110336,0.245576536608106,7.76749243820224,8.00551167675392e-15,9.53037104375467e-14,0.193425405188093,1.85180336444767,0.248228356378074
"gene_131",163.609175097313,-0.382622379757352,0.167560034644626,-2.2834942745676,0.0224012697300397,0.0746708991001322,0.0949036225167599,-0.353224591077577,0.163296411604953
"gene_132",58.8892221552567,0.012206806956854,0.226692368317707,0.0538474543604674,0.957056701224496,0.979553145098887,0.168206737624538,0.0105609199507533,0.208171757204696
"gene_133",10.4830334831779,-0.927920153107192,0.390288968629102,-2.37752083121009,0.0174294584729825,0.0591062135403255,0.442962259231536,-0.724396681771516,0.387561908695444
"gene_134",201.39644612864,-0.168538059565341,0.1412810825441,-1.19292729451399,0.232897848557393,0.428051737852665,0.0669232685676823,-0.157520379568961,0.137023382330625
"gene_135",5419.33241317278,0.0770582938491519,0.117711102393039,0.654639131590604,0.512700123305996,0.718067399588229,0.0497432779273072,0.0736314656861612,0.114946181006978
"gene_136",110.420406387574,2.39261436748972,0.249842410374437,9.57649409443306,1.00395061223668e-21,1.61927518102691e-20,0.208682407284088,2.34518945973041,0.251864517417346
"gene_137",94.5536494817857,-0.0813580275191306,0.178881118112069,-0.454816183942678,0.64924148611931,0.799324322281837,0.104691780628428,-0.0728012588534322,0.169690353977094
"gene_138",591.905709875195,-0.111816158742961,0.153792390334081,-0.72705911196298,0.467189744997444,0.692201800842783,0.083527559443335,-0.103274448530191,0.147939820099724
"gene_139",177.397159918817,-0.0231358603792336,0.147738279269291,-0.15660031031675,0.875559857965048,0.931446657409625,0.0730051746837214,-0.0211599481216129,0.142255816480898
"gene_140",5354.70311704872,0.00141565185525254,0.122366939161878,0.0115689079497182,0.99076955286197,0.992755062987945,0.0537686481262505,0.00154209203380876,0.11919064816797
"gene_141",648.37926375736,0.245566858564099,0.117609573406552,2.08798358374471,0.0367993155478704,0.112193035206922,0.048291684798018,0.235133668556511,0.115482028283878
"gene_142",4655.57185155895,-0.266426699591762,0.123631643943101,-2.15500410003752,0.0311615133784461,0.0992404884663889,0.054858712326776,-0.250446754223226,0.121254245407067
"gene_143",333.222709818655,-0.0565480830987503,0.129772653446259,-0.435747298040474,0.66302008499798,0.806778628052605,0.0576749549863255,-0.0529997524820599,0.126033622579948
"gene_144",11.8850541267864,0.264981580240999,0.408381512530286,0.648857923560749,0.516430213586503,0.721271248025843,0.516601833897587,0.169035074845636,0.331770520883654
"gene_145",584.081702705035,0.982218188500907,0.141346861110438,6.9489918685458,3.67905751465715e-12,3.34459774059741e-11,0.0701005355172375,0.956389226582514,0.141843606958895
"gene_146",26.0862794331323,-0.299241666665068,0.275986031603759,-1.08426381192617,0.27824784561134,0.488154115107614,0.235654630864594,-0.239343146118775,0.251592308833739
"gene_147",29.975350892482,0.704552295587477,0.288207104107395,2.44460419450639,0.0145011187085037,0.0500038576155299,0.264174773451947,0.595361788725339,0.283446422464168
"gene_148",112.644498330255,0.526536422596471,0.170525132771438,3.087735010312,0.00201688228106649,0.00823470109795905,0.0956965173233586,0.490897010736659,0.168048011150636
"gene_149",1269.28640503951,0.695233466866813,0.133807590657533,5.19577001162955,2.03874184212899e-07,1.21353681079107e-06,0.0636899022794578,0.671514363420134,0.13356752948357
"gene_150",328.142482440098,0.00410695778546205,0.141500628359828,0.0290243077579718,0.976845203971213,0.984722987874206,0.0690935836796094,0.0039100866874671,0.136680940949829
"gene_151",783.528484815125,-0.00946386778654888,0.117996615906496,-0.0802045695450142,0.936074555901336,0.971618257465927,0.0488907784518786,-0.00919715763955703,0.115129134296673
"gene_152",947.153064177474,-0.290167964910093,0.115777243613719,-2.50626078021182,0.0122015591264539,0.0429632363607532,0.0472262011502589,-0.278130989102512,0.113965286053244
"gene_153",121.311327193443,0.126855417093123,0.179968383808823,0.704876125508128,0.480887328871433,0.69492388565236,0.108455597517205,0.114076631437873,0.170942319365149
"gene_154",4.46301264124604,-0.0513174880161859,0.583190519150084,-0.0879943797628496,0.92988114311552,0.970648374859624,1.00056533685737,-0.0226402718298192,0.391623810027791
"gene_155",118.958309569384,-0.302139151975337,0.198052485713741,-1.52555092094143,0.127121742857145,0.286310231660236,0.132782753392263,-0.268264295213142,0.189182240827344
"gene_156",5243.55259887812,-0.225487830332128,0.106114814124671,-2.12494204689658,0.0335914489158144,0.105633487156649,0.0403821962472117,-0.217181174943702,0.104485210295297
"gene_157",100.94358410925,-1.85568737466334,0.175714615912958,-10.5608026117906,4.52773740838297e-26,7.80644380755685e-25,0.0962921736952134,-1.82647509163814,0.176681214382855
"gene_158",12.2479196147806,-0.753932061257584,0.385422273883878,-1.95611959231171,0.0504510676694106,0.146660080434333,0.446525024408645,-0.560135261532404,0.369580555081143
"gene_159",61.8864685951736,-0.326121956836464,0.203066302851227,-1.60598756296554,0.108276642626479,0.263014692195036,0.132162652777509,-0.288557139282936,0.193918611585421
"gene_160",26.2088506941536,0.0161297266296191,0.262128653565409,0.0615336263709692,0.95093423516424,0.979553145098887,0.209621024400083,0.0131865203005622,0.234503947101188
"gene_161",91.9307021385369,-2.08697639186316,0.149955639596654,-13.9172917902698,4.97396549810266e-44,1.24349137452566e-42,0.0630122885644318,-2.06758840899451,0.150375713721512
"gene_162",450.49764624907,-2.10166116670617,0.121397177247866,-17.3122737641176,3.80103576066988e-67,2.71502554333563e-65,0.049369562268585,-2.08898954713431,0.121673476304397
"gene_163",916.174320303529,0.334780973476261,0.13424000892699,2.49389862345986,0.0126348624642529,0.0441778407841009,0.0638311495871319,0.317057035132887,0.131765848280001
"gene_164",274.793391264848,0.160862407012096,0.17066889806824,0.942540842724475,0.345915810797201,0.57569399479407,0.101306656235588,0.146307776607096,0.163272299301856
"gene_165",24.2260946070257,-0.176921556449863,0.269823303717874,-0.655694130240325,0.51202094633403,0.718067399588229,0.221058113167543,-0.140967807592185,0.242359446999331
"gene_166",930.597360363791,0.336954200843603,0.12734445278397,2.6460061155174,0.00814483439738124,0.0302753354532354,0.0573489712831374,0.3212613110501,0.12523651788032
"gene_167",1408.67772099073,-1.89336932989873,0.115063684781082,-16.4549686853938,7.72618253796729e-61,3.5119011536215e-59,0.0466112383513218,-1.88101313514796,0.115357139616171
"gene_168",5379.03292923722,-0.0159548510203051,0.127515984199423,-0.125120400555849,0.900428232902205,0.949787931359622,0.0584057957389276,-0.0148405057347033,0.123929569187097
"gene_169",84.8290288127731,0.984385949720743,0.177876413062845,5.53410051827925,3.12829541655606e-08,2.00531757471542e-07,0.101041561746906,0.943309842653938,0.178753393839662
"gene_170",995.209429631772,1.90192377155124,0.134412434218747,14.1499094381104,1.8699794207554e-45,4.92099847567212e-44,0.0636341266103522,1.8855149603664,0.134834149753045
"gene_171",1867.451664196,0.399235664897692,0.124595982415947,3.20424187968514,0.00135418656045764,0.00593941473884932,0.0553959917194461,0.38249496012376,0.123014267543439
"gene_172",118.366658442746,-0.106261508222801,0.172285551090108,-0.616775507582897,0.537382809076793,0.735737560872696,0.0984708048470773,-0.0958303296396295,0.1641812415267
"gene_173",471.072259357226,0.0904469515652099,0.14918877207604,0.606258435581935,0.544343154483337,0.739596677287143,0.0780751829513723,0.0840085418883694,0.143718445973239
"gene_174",367.598522173136,0.86379991194199,0.139345482881049,6.19898036220782,5.68301213453664e-10,4.65820666765299e-09,0.0670334335697836,0.8382913021235,0.139622343313265
"gene_175",130.046861653993,0.0931057980571922,0.17611106100132,0.528676606272302,0.597029808159254,0.773684517255812,0.104064929167347,0.0840593322194887,0.167344384771638
"gene_176",198.715094706105,-0.0532492133145553,0.136695681027475,-0.389545689478312,0.696872519033656,0.828366587632568,0.0622856550603209,-0.0497652261383409,0.132406375107802
"gene_177",681.325532822573,-2.10056537950582,0.10897765012899,-19.2751942900174,8.67739382164498e-83,4.33869691082249e-80,0.0403245132052638,-2.09070467224905,0.10912870637667
"gene_178",350.131493398166,-0.0293437071860955,0.125700310005918,-0.233441804437189,0.815418354474864,0.898577169122434,0.0540723726584589,-0.027623927331431,0.122284885607277
"gene_179",56.9731889166778,0.529969587404004,0.201893203396452,2.62499964579451,0.00866490573997934,0.0313945860144179,0.128923935184856,0.480396418073243,0.197641974797277
"gene_180",4.93888796122538,0.695457031378888,0.677044917126291,1.02719481940836,0.304328737050303,0.521110851113532,1.43910628027519,0.283395347678644,0.471514261609815
"gene_181",32.5273031907437,-0.332219615714702,0.261620071255167,-1.26985522984082,0.204136203132635,0.398703521743427,0.215355836823763,-0.2725394650182,0.242251645565561
"gene_182",156.737569736902,0.165196055770144,0.170537768936404,0.968677242586347,0.332706250553902,0.560111532919027,0.0984061809532997,0.150463025483338,0.163142858953152
"gene_183",5.04412543457643,0.755513827270434,0.518103816215471,1.45822864766591,0.144777529943683,0.313371276934378,0.759853369953392,0.441602959165354,0.44657278769535
"gene_184",4903.37435861274,-0.312740647054295,0.104755971610645,-2.98542070915712,0.00283188544696786,0.0113325120241046,0.0393348007620044,-0.302864069708729,0.103496869758017
"gene_185",6.33441241542103,0.583861493414036,0.470960292777697,1.23972551904632,0.215076934949448,0.407342679828501,0.637483477496145,0.353866112930993,0.396365987266042
"gene_186",17.4031748952702,0.470313379165635,0.371971317466934,1.26438076561493,0.206093393201218,0.400065064116919,0.440320421706627,0.332867122616715,0.328838488330267
"gene_187",6807.67570133172,1.91618388613442,0.116011126014834,16.5172423711274,2.75719617796792e-61,1.37859808898396e-59,0.0482807547581299,1.90414956389284,0.116283803308211
"gene_188",6.72707123886603,0.843337934498438,0.561576898397657,1.50173188552579,0.133166365676688,0.294615853267009,0.977104250074869,0.463479359976174,0.482750583977017
"gene_189",636.851192531405,-0.104484672015468,0.138411510802386,-0.754884268004585,0.450318425962605,0.685428945390698,0.0674530803112031,-0.0975417880256126,0.13407929120889
"gene_190",118.664849956915,0.968723031133612,0.182042218062536,5.32141962146841,1.02960601449635e-07,6.35559268207621e-07,0.11015416394406,0.925504035405401,0.182903583561836
"gene_191",369.215745019985,-0.0379267277589668,0.157797162949778,-0.24035113844878,0.810058053885951,0.896081918015433,0.0870057170792808,-0.033441980129441,0.15125799774737
"gene_192",957.322299664855,-0.0342592965666118,0.108357777696151,-0.316168320309034,0.751874752054337,0.857862308298258,0.0412608371018076,-0.0328640471261778,0.106132705571008
"gene_193",24.8326588898266,-0.165692441199189,0.319084194635943,-0.519274987556922,0.603568993132747,0.775795620993248,0.326357541277412,-0.121650653168938,0.275825054907398
"gene_194",43.385977743287,0.118370778131253,0.216077204807066,0.547817055653534,0.583817526261763,0.766164732626986,0.145180054403619,0.101781073590259,0.200876705566683
"gene_195",5.93953210465546,-0.589725186803065,0.603693044529566,-0.976862649233626,0.328637155191153,0.555130329714786,1.13557901544628,-0.271731782482222,0.440612576473395
"gene_196",22.8640592251417,0.0997159413818684,0.303203178875513,0.328874986573967,0.742250181420361,0.851812944996031,0.28743984615154,0.0753023626206522,0.264097489021131
"gene_197",517.680054392751,1.10107139647612,0.123621867419889,8.90676883836633,5.25414541551435e-19,8.20960221174118e-18,0.0528798309950973,1.08205853394921,0.123985779141897
"gene_198",443.918781292343,0.0968312305088605,0.1418247567408,0.682752664161659,0.494763145421132,0.70680449345876,0.0702219689982188,0.090467861316069,0.137158329057529
"gene_199",4776.15259443462,-0.367999418326583,0.117113245976192,-3.14225274228496,0.00167653247937033,0.0070442541150014,0.0492074824773016,-0.353447590988768,0.115654960761935
"gene_200",155.717201497937,-0.0977456283002556,0.14837765118548,-0.658762472106182,0.510048309363417,0.718067399588229,0.0728900009828482,-0.0904950346817645,0.143023600210906
"gene_201",261.60980481801,-0.892605147786428,0.126819332132264,-7.03839968858612,1.94460217846111e-12,1.80055757264917e-11,0.0536856995488127,-0.871110026140072,0.127100474409871
"gene_202",206.21005623104,0.0832343810727804,0.157941101199145,0.526996332435542,0.598196135365608,0.773684517255812,0.0850332346921033,0.076599081424809,0.151484230153961
"gene_203",67.4759784783103,0.344112891954966,0.201884669383689,1.70450234287462,0.0882872787336863,0.227544532818779,0.131903904911722,0.305857479713071,0.193548061244647
"gene_204",768.480164537902,0.363077358667194,0.114870695163932,3.16074833663228,0.00157364396998963,0.00672497423072492,0.0462303778203733,0.349482512560764,0.113478051210696
"gene_205",430.552725956346,0.200366563837913,0.122467840412833,1.63607493332525,0.101823905638927,0.255838958891775,0.0517140959043964,0.190968737961185,0.119843762551497
"gene_206",203.583712706227,-0.136183323819564,0.134144094137673,-1.01520178502826,0.310009649888716,0.52722729572911,0.059901305297693,-0.127984192744327,0.130351877996058
"gene_207",31.7258810657225,0.0879610146200367,0.254400631608224,0.345757846841735,0.729524706776015,0.846788360844737,0.201877281337298,0.0717639917545176,0.229359597039958
"gene_208",238.958724147955,0.997311326767289,0.168669356811045,5.91281869820934,3.36302290395735e-09,2.3354325721926e-08,0.097883578071225,0.958110489597498,0.169542931053437
"gene_209",758.582899264891,0.0631372258634502,0.111063874664756,0.568476708146809,0.569711316968521,0.761180904436305,0.0431277738926382,0.0603973183143651,0.108712776002015
"gene_210",649.355998264216,0.468838688127315,0.149121232847241,3.144010273893,0.00166649588791868,0.0070442541150014,0.0785572641667047,0.442720485993764,0.147025686052706
"gene_211",62.0183517412353,0.182216833614621,0.2031210393698,0.897084980364237,0.36967357264445,0.598177302013673,0.132542730740693,0.159761770663203,0.191087236680846
"gene_212",43.9214723531611,-0.207556925363978,0.261139508990472,-0.794812421017272,0.426722624607796,0.662612771130118,0.222764895599549,-0.167879377845034,0.237240778921191
"gene_213",4783.47565446452,-0.00555446031599912,0.110644049356865,-0.0502011662469445,0.95996208219691,0.979553145098887,0.0439033538212951,-0.00678160369631706,0.108277067062559
"gene_214",1482.76001584092,0.391469802964057,0.148687286496879,2.6328397819828,0.00846742800574662,0.0309030219187833,0.0789792118228539,0.368131481277788,0.145867745394439
"gene_215",228.03241177052,0.707812009651042,0.145476043110634,4.86548846474161,1.14174470452563e-06,6.48718582116837e-06,0.071652901997501,0.679665942930697,0.145247560481024
"gene_216",85.1903111695593,0.076748267718712,0.19944392020719,0.384811267442913,0.700377250570769,0.829830865605177,0.131619598218431,0.0674319218023004,0.186660120438848
"gene_217",25.7864903847725,0.1047334726505,0.333101991751597,0.314418632262645,0.75320310668587,0.857862308298258,0.361215888983551,0.0754506047789214,0.282365886712752
"gene_218",69.4151468124127,-0.120303340864605,0.161630631003711,-0.744310283994642,0.456688781063578,0.689642842862575,0.0797018255188655,-0.109978977237923,0.154976042621028
"gene_219",5.59831601097502,0.199102619489455,0.510640878297107,0.389907326169079,0.69660507632812,0.828366587632568,0.761688758785724,0.104041097606754,0.371599728751035
"gene_220",101.189024249533,2.11037667915168,0.263311976104222,8.01473867757678,1.10371430128022e-15,1.41501833497464e-14,0.234155223686053,2.05106621973347,0.266360286154616
"gene_221",1518.18275596484,-0.0294458704324168,0.130064837294819,-0.226393782092477,0.820895163573815,0.90010434602392,0.0602968515497727,-0.0274094050318324,0.126283454920225
"gene_222",1483.55445115253,0.124669918742757,0.120532966058304,1.03432216778315,0.300985576902135,0.518237104813571,0.0516749378046372,0.118763133017776,0.117701005996019
"gene_223",62.1864245817826,1.91440382857715,0.321314820723432,5.95803151646387,2.55294291470154e-09,1.82353065335824e-08,0.348457067310481,1.8178641499043,0.327594112926761
"gene_224",245.101239930301,0.127154070426035,0.14022477288085,0.906787494204602,0.364519184398542,0.59367945341782,0.0667691263538108,0.11909586358086,0.135827455216534
"gene_225",173.804509649954,-0.0515350794435523,0.169138665414703,-0.304691297623734,0.760601278154475,0.859258517523252,0.0973141093241342,-0.0464384936206,0.161148762441197
"gene_226",8.44776797226323,0.458876563664906,0.569958947607509,0.80510458795517,0.420759328489873,0.655388362133758,1.05066433809556,0.221782759804433,0.413529286490867
"gene_227",2184.21319015991,2.08782833181979,0.143529509498731,14.5463350297191,6.16169083601461e-48,1.71158078778184e-46,0.0735115763352459,2.07053683029294,0.144000535782214
"gene_228",3.87860955056254,0.910021721521741,0.597964486219531,1.52186583399811,0.12804270154878,0.287091259077982,1.00739209229268,0.472487328542801,0.509459290178568
"gene_229",12.1954081013429,-0.632020453312341,0.347394827561475,-1.81931451814866,0.0688634596921965,0.191287388033879,0.348643438483266,-0.484396140532198,0.327183180073619
"gene_230",1053.10892698213,-0.131559180780027,0.122057078247722,-1.07784966401555,0.281100851860904,0.491435055700881,0.0527264855578712,-0.124645437970961,0.119138886705162
"gene_231",51.9655339382088,0.209490396165884,0.182473138056363,1.14806156345695,0.250943150097673,0.449718906985076,0.10078015591675,0.188494068451647,0.173935299080705
"gene_232",103.592689472138,-0.0217110448157163,0.180384474864518,-0.120359830478887,0.90419811065436,0.949787931359622,0.107596608585673,-0.0191974876512927,0.170595561353727
"gene_233",6.47685894739611,0.789167283933882,0.511672759117764,1.54232811864869,0.122993879299584,0.27953154386269,0.780594400564261,0.472075820686962,0.451523475074632
"gene_234",8.75844183905088,0.26104665155984,0.462475651905442,0.564454908024464,0.572444579679517,0.761180904436305,0.656272960190183,0.150265649721272,0.356651189752929
"gene_235",326.914750931157,0.0770579949340861,0.110191201466179,0.69931168649375,0.484357265185038,0.697921131390544,0.0406957929221565,0.0739666312444594,0.107873197056171
"gene_236",111.67621241374,-0.225534526352238,0.176597101689391,-1.27711340783452,0.201562211935456,0.398259814465713,0.103330757727693,-0.203970105776043,0.169125463974258
"gene_237",34.3277125034316,-0.685534239793855,0.215279819301172,-3.1843869156858,0.00145060976770975,0.00625262830909376,0.135947495759004,-0.623961459782818,0.213537550795789
"gene_238",9.80113337440116,-0.123967933334975,0.431860029593994,-0.287055816329011,0.774069582484233,0.867791011753624,0.569819076762893,-0.0740130347831047,0.335941490746817
"gene_239",20.0900484151909,-0.26211285560164,0.321137671032303,-0.8162008983844,0.414385243098387,0.64747694234123,0.321105237136727,-0.193910263633768,0.281517024389417
"gene_240",3832.40668974132,-0.762831198305799,0.127291687745705,-5.99278092556784,2.06282660332993e-09,1.51678426715436e-08,0.0581021455431359,-0.74083882434941,0.127278440032074
"gene_241",75.2309886845705,-0.24793249372978,0.196929628886247,-1.25899030598892,0.208033833340798,0.400065064116919,0.126295275630795,-0.219365120813637,0.187102119912921
"gene_242",1084.87714774432,1.06422083625391,0.133831223263127,7.95196225742879,1.83580188975889e-15,2.29475236219862e-14,0.0635027203592659,1.04165114058883,0.134302920479371
"gene_243",779.804155278002,-0.148673222462555,0.134821494226991,-1.10274124548896,0.270139549719189,0.478970832835441,0.0642057378049561,-0.13988945807951,0.130986783086177
"gene_244",673.920018819528,-0.260870024986863,0.139432882755283,-1.87093617970097,0.0613539274940862,0.173316179361825,0.0685489181321086,-0.24517171096044,0.135984301615228
"gene_245",187.984535724964,-0.849452396256452,0.142935944273319,-5.9428886175205,2.80042728012713e-09,1.97213188741347e-08,0.0677374687326484,-0.821908830666135,0.143225143863602
"gene_246",12.9874283045582,0.18984365919137,0.399545985584147,0.475148458603116,0.634681160954192,0.791373018646125,0.49761543617448,0.121722942011598,0.323643516942262
"gene_247",19.2348103630707,0.474878342200635,0.296204522482198,1.60321097808078,0.108888082568745,0.263014692195036,0.263141134331995,0.379586649163924,0.276941633587324
"gene_248",686.445651847852,-0.297541396770682,0.137409745909133,-2.16535875823133,0.0303602218089459,0.0979361993836965,0.0665529096469818,-0.280465972717183,0.134427282673236
"gene_249",9.74295757427659,-0.236735176155371,0.369793226004562,-0.640182565573688,0.522053915962666,0.723564163880534,0.38980246125131,-0.160715948565399,0.309083525311315
"gene_250",522.038843847306,0.279056451727889,0.084457256004031,3.30411458921387,0.000952768800425845,0.00433076727466293,0.0237765898692121,0.272878423333935,0.0837515431620549
"gene_251",49.4098062255643,-0.275850362931843,0.201279844639393,-1.37048179576076,0.170536554203066,0.350898259677091,0.125515120271561,-0.243468452712001,0.191310079763289
"gene_252",64.5970482012301,-0.00490818892604095,0.201614825472864,-0.0243443849653882,0.980577909526828,0.98509127575757,0.130990097995225,-0.00404824163754848,0.188312574832613
"gene_253",33.4567080269425,0.153042595628679,0.249155192646009,0.614246060872257,0.539052740073757,0.735737560872696,0.19394127704935,0.126035987371249,0.226664288280425
"gene_254",107.219679323912,-0.0737154690292189,0.177489807490054,-0.415322265946735,0.67790600350101,0.812836934653489,0.104174893043119,-0.0660340683414103,0.168322801557567
"gene_255",1341.66242500664,1.01879423435304,0.103717210631577,9.82280788452729,8.98065755448914e-23,1.49677625908152e-21,0.0379328709672909,1.00509054856069,0.103920099846869
"gene_256",356.269000512236,-0.545816671850726,0.127820905427246,-4.27016746616145,1.95326247928312e-05,0.000100683632952738,0.0559304378932405,-0.524876852769295,0.127002461297794
"gene_257",111.708790642173,0.290064796523471,0.184005733559284,1.57638999020656,0.114935953810768,0.272360080120303,0.113003284909605,0.261904743163396,0.176642750160181
"gene_258",949.441428274002,-0.0223993088257563,0.121106039320451,-0.184956166938024,0.853263416039926,0.919464887974058,0.0517930995041414,-0.0211164582540856,0.118024009658121
"gene_259",4002.02528617287,0.00434309319024774,0.117820064611352,0.036862084608204,0.970594971286792,0.984722987874206,0.0497700708530079,0.00434142956301873,0.114973319489217
"gene_260",146.931847112763,-0.0192357809934555,0.148182685910313,-0.129811258820736,0.896715755039627,0.949787931359622,0.0723061618320037,-0.0175703059200878,0.142711368557975
"gene_261",412.966697329632,0.400903112717133,0.0936416831333127,4.28124633499366,1.85849490305641e-05,9.67966095341882e-05,0.0291431727338696,0.39143557898766,0.0930182708945847
"gene_262",224.63366344047,-1.22674187437245,0.144814501203847,-8.47112591746345,2.43032346926743e-17,3.37544926287143e-16,0.0701535638351786,-1.20131513964491,0.145443865517213
"gene_263",22.2073485221854,0.268191721966521,0.299822364616954,0.894502057273669,0.371053329534053,0.598473112151699,0.279007027120736,0.206574274736936,0.266882489893154
"gene_264",24.6720312710269,-0.461278175423928,0.265951044888564,-1.73444768986416,0.0828386796072172,0.215725728143795,0.213188190691182,-0.384052511051064,0.251450435850743
"gene_265",5077.12921596957,-0.108119955633164,0.149674474932297,-0.722367362117491,0.470068647621346,0.692201800842783,0.0805265950765469,-0.102648194877624,0.144411757412856
"gene_266",941.123404279641,0.148972551501841,0.115719989828726,1.28735365188272,0.197971051105166,0.395942102210333,0.0471880654375664,0.142506950839375,0.113282393256028
"gene_267",677.50143374917,0.0554648630672345,0.137698371520403,0.402799702384398,0.687095580109923,0.821884665203258,0.0668440763029272,0.0521780971541215,0.133276898911014
"gene_268",207.473715687243,0.207157974786337,0.154102312537943,1.34428855332934,0.178855095621986,0.366506343487677,0.0807378954623345,0.191930029283612,0.148939661508846
"gene_269",441.135510332886,0.0822950980574667,0.127644749882271,0.644719803465234,0.519108780497654,0.722992730498125,0.0564412111439229,0.0779811122194519,0.124133256332595
"gene_270",184.671689276644,-0.209737420909479,0.149867902475528,-1.39948192671694,0.161668514335152,0.341863462265991,0.0754676474305226,-0.194790209460898,0.145100586494337
"gene_271",155.209187486203,0.120095509789261,0.145870375142849,0.823302947371275,0.410335737972196,0.643159463906263,0.070227918189064,0.111548382630808,0.140921283328596
"gene_272",172.469290091739,-0.823298684750376,0.156376958012016,-5.26483374032072,1.40316282344017e-07,8.46936728574438e-07,0.081749468423375,-0.790381946896634,0.156448433054605
"gene_273",13.4794311396562,-0.358154558843602,0.308459248325763,-1.16110818783218,0.245597905402082,0.443317518776321,0.267451917120772,-0.27469502660819,0.27824391576228
"gene_274",5523.30563608945,-0.150552865120072,0.114440718694393,-1.31555329988895,0.188324016682458,0.381222705834935,0.0470098508912787,-0.143913895896281,0.112093695190208
"gene_275",815.876015590218,0.00693686775511922,0.132819953037302,0.052227602829908,0.958347339064585,0.979553145098887,0.0623389838358314,0.00697244422108332,0.128766192340637
"gene_276",220.914269308386,2.06847737171114,0.16364610493097,12.6399425918734,1.27146751788706e-36,2.88969890428878e-35,0.0894471744588003,2.04557846704691,0.164317615659259
"gene_277",2006.5131600214,0.242932487351701,0.109122393339225,2.22623862910068,0.0259982017760926,0.085520400579252,0.0424068022354332,0.232218858514573,0.107399717191218
"gene_278",40.9038382581498,-0.394110114955828,0.227168879199068,-1.7348772259006,0.0827625537959846,0.215725728143795,0.160910706129643,-0.341300579425485,0.21661581937201
"gene_279",4642.8865534613,-0.236390341398716,0.112880128365936,-2.09417144382032,0.0362447106065235,0.111180093885041,0.0456956866005959,-0.231611215079542,0.111061955552915
"gene_280",53.4327333779582,-0.985240898665036,0.231456913466394,-4.25669246128648,2.07473438562888e-05,0.000105853795185147,0.171747816596674,-0.914561757349612,0.233274743095237
"gene_281",3.70255946590258,-2.2645062327158,0.707931764770195,-3.19876341959439,0.00138018378910458,0.00600079908306339,1.32746339837602,-1.79824657015635,0.775365636358853
"gene_282",2451.90793153197,-0.0423549097951562,0.139929842302522,-0.302686754292104,0.762128593095478,0.859258517523252,0.0701461681224289,-0.0394055881136134,0.13527382190416
"gene_283",1364.34936650408,-0.111151944703477,0.15106106038845,-0.735808052834081,0.461847519792023,0.689642842862575,0.0814895802983911,-0.102611292636428,0.145502027157594
"gene_284",31.5824509434009,-0.292117697852763,0.22951986411253,-1.27273383932269,0.203112505377514,0.398259814465713,0.157861125269979,-0.249346143709566,0.215098123674848
"gene_285",10.7351989303663,0.728387977566879,0.454243061245987,1.60352031700586,0.108819827242278,0.263014692195036,0.645317144133204,0.476416701032439,0.412274055420671
"gene_286",6.57482101625308,0.104255761392542,0.493767229907194,0.211143541081366,0.832775265149605,0.905832987574936,0.72624485466739,0.0558324362190934,0.36204337640395
"gene_287",88.9795061575593,0.0397107154999572,0.189845318796875,0.209174056814357,0.834312364109477,0.905832987574936,0.11865208936596,0.0353534387582764,0.178541787720212
"gene_288",4.72375585339234,0.172851276630556,0.614468117552813,0.281302270521301,0.778478568973607,0.870781397062201,1.14700407254713,0.0736072014292183,0.404033285350444
"gene_289",30.2193469901138,-0.461281348891179,0.287156062915746,-1.60637858106629,0.108190754080445,0.263014692195036,0.262850685501617,-0.372012806248853,0.269040786547597
"gene_290",178.186782123685,-1.14318805689697,0.176220590373523,-6.48725585627556,8.74138252020446e-11,7.53567458638316e-10,0.105225084145647,-1.10432295859813,0.177417633938719
"gene_291",814.238238727203,-0.250619403470371,0.120788378867012,-2.07486354085687,0.037999183579408,0.115149041149721,0.0513265488354692,-0.238899792738168,0.118510092076278
"gene_292",32.4310552856403,0.116939559908939,0.241780384902244,0.48366024380439,0.628627012367361,0.789740281922288,0.179915496860824,0.0971142469051989,0.22059996698228
"gene_293",127.47098324173,0.0567541010120308,0.16548096343612,0.342964530986304,0.731625143769852,0.846788360844737,0.0908253542363575,0.0518589656893242,0.158010727133964
"gene_294",312.9668525338,0.392644253187364,0.127216195262188,3.08643292135988,0.00202573647009793,0.00823470109795905,0.0550818434177642,0.37533587726978,0.125452312347699
"gene_295",4972.00815949037,0.201059442668824,0.106055613791586,1.89579255148091,0.0579874811981639,0.16567851770904,0.0403281809664483,0.191042566761838,0.104330161586828
"gene_296",19.7137772082039,-0.138241341985886,0.32973668140222,-0.41924768999921,0.675035122002541,0.812836934653489,0.340644107457387,-0.0993249901645894,0.281971611022332
"gene_297",8.36381457688287,-0.303545064637597,0.439796968542279,-0.690193626490213,0.490072430886707,0.702109499837689,0.575662195760518,-0.182599523546016,0.349773929413839
"gene_298",4.85383660546711,-0.925698605549532,0.550173855655105,-1.68255651560775,0.0924609756288715,0.23348731219412,0.860967408744357,-0.538774846359951,0.498138057223711
"gene_299",509.325418935304,0.180037759982211,0.113787953914774,1.58222161299305,0.113598988075388,0.270473781131876,0.0446854143775089,0.17323293842648,0.111647197726156
"gene_300",154.11005578084,0.47732593201609,0.173683221975027,2.7482558567731,0.00599132359971835,0.0226944075746907,0.102076686144581,0.441994134173488,0.170452088138049
"gene_301",415.968628227732,-1.87665702370415,0.105836386357645,-17.731680835762,2.38787530132726e-70,2.38787530132726e-68,0.0366910674605419,-1.86615947192835,0.106086253296951
"gene_302",137.917050409022,0.586679250291743,0.155332973064405,3.77691380469805,0.000158783651567547,0.000768497316979534,0.0794551777437916,0.555785817683485,0.154181197426538
"gene_303",308.646135700407,-0.100925511236372,0.139090187978503,-0.725612012631472,0.468076654811946,0.692201800842783,0.0664557102086203,-0.0942886656211376,0.134678955169022
"gene_304",185.787991469928,-0.688869936878535,0.14072982627753,-4.8949817895748,9.83148319951495e-07,5.71597860436916e-06,0.065596024656958,-0.662270044034903,0.14046694559454
"gene_305",281.74349398239,1.11017468328715,0.140351083625419,7.90998298417186,2.57424077723187e-15,3.13931802101447e-14,0.0669497810429982,1.08576103437184,0.140934502410181
"gene_306",58.76564398135,0.743523433139893,0.196946821124641,3.77524972931318,0.000159847441931743,0.000768497316979534,0.121878079055998,0.691880020191488,0.196321355267965
"gene_307",1923.1673919766,0.087478681310908,0.115276492782338,0.758859670341317,0.447936506315488,0.684918205375365,0.0473630807749367,0.08365647814969,0.112654622467111
"gene_308",108.55688504864,0.705149083314332,0.209974364234555,3.35826273785801,0.000784340226920168,0.00359789094917508,0.14920651821556,0.646582961596726,0.208646159239745
"gene_309",614.411466088246,0.0143424214576176,0.115446217515842,0.12423465892808,0.901129480943399,0.949787931359622,0.0463939045431162,0.0139322337933108,0.112780725799052
"gene_310",225.869187494067,-0.140819105521611,0.163259647025239,-0.862546918895647,0.388386625829871,0.618450041130368,0.0915851413617938,-0.127416188204986,0.15656398866656
"gene_311",5012.28996587278,-0.103653088548951,0.117306360867934,-0.883610128061562,0.376906709808982,0.605805720831046,0.0493847080447133,-0.0985914613797736,0.11463432425718
"gene_312",627.886235371732,-0.178984636281242,0.11406665282813,-1.56912324367865,0.116619224723863,0.273754048647566,0.0452772380040095,-0.170827657861955,0.11183684630755
"gene_313",83.7630493250745,0.26993291345732,0.209012772326221,1.29146611689364,0.196542096977604,0.394662845336555,0.145405643919413,0.23644436403223,0.197904405584385
"gene_314",140.914861575735,-0.0796730529243189,0.164547530527347,-0.484194765299607,0.628247651591073,0.789740281922288,0.0904419776901954,-0.0724532688880092,0.157297928787808
"gene_315",127.158377117984,-0.100817816794446,0.148523471711518,-0.678800566891326,0.497264234555053,0.70688566699351,0.0715861690256927,-0.0933415753071024,0.143307564161904
"gene_316",16.4642860396373,2.01190174112101,0.557349048768669,3.60976975840514,0.000306468911768574,0.00144560807438007,1.02665179161807,1.70575662487174,0.597855411928006
"gene_317",5162.2835159547,0.233739809511914,0.146746191166838,1.59281687417816,0.111201278526942,0.266031766810866,0.0774022915980326,0.215171811145221,0.142652226171841
"gene_318",1240.78096562322,0.0437720029754806,0.13338089269792,0.32817296458358,0.742780888036539,0.851812944996031,0.0632980237225262,0.0414131391135555,0.129326786849478
"gene_319",45.7261412762173,0.151837097925928,0.263989971951168,0.575162370008562,0.565181489674098,0.761180904436305,0.229249715296657,0.122323470863542,0.237822921547788
"gene_320",345.644652642993,-0.195290988003966,0.15498130561444,-1.2600938366709,0.207635513384769,0.400065064116919,0.0836267850815029,-0.178712359382545,0.149675328210286
"gene_321",234.857162583581,-0.229682852178145,0.140637380971029,-1.63315649503925,0.102436087191355,0.256090217978387,0.0669645284861953,-0.215352629966241,0.136855902730207
"gene_322",15.7019036666255,-0.0117944586855613,0.338477643202462,-0.0348456062680228,0.972202854151885,0.984722987874206,0.349000982715846,-0.00799805334432908,0.285132131964596
"gene_323",2892.41522773703,-0.166261556775407,0.129669084506459,-1.28219889427171,0.199772884011276,0.397953952213697,0.0602386350291904,-0.156937575494784,0.126355290384113
"gene_324",99.1038563543194,0.089678661242405,0.207808743668722,0.43154421541264,0.666072710203749,0.808340667722997,0.145522476997812,0.0779801159041195,0.193658021088931
"gene_325",244.9839511569,0.226265978884501,0.147142156375842,1.53773727704897,0.124112865233503,0.28079833763236,0.0739202991664162,0.211193725093897,0.142790076365077
"gene_326",361.677628100263,0.0184196270192328,0.144661655133869,0.127329021655306,0.898679991285398,0.949787931359622,0.0726370617015894,0.017305324687985,0.13951463260884
"gene_327",23.2638952856327,-0.431684422165277,0.327941553909129,-1.31634560189007,0.188058071602396,0.381222705834935,0.343225743642688,-0.325108961513732,0.296955426000473
"gene_328",16.8112567705831,-0.624526874391903,0.370141931740743,-1.6872632383335,0.0915527463732526,0.232367376581859,0.430782013319024,-0.459177200332535,0.343834401064343
"gene_329",154.913974170484,0.792526123445024,0.167696752472128,4.7259479492708,2.29044318087218e-06,1.25848526421548e-05,0.0944639068881994,0.754960696096502,0.167816180785584
"gene_330",498.923616754937,-0.0539553881530088,0.138803373235304,-0.388718133395375,0.697484666786622,0.828366587632568,0.0674127128822045,-0.0500446428598215,0.134269836215292
"gene_331",203.710526931175,0.114415394926383,0.154952004678823,0.738392479423147,0.460275983328427,0.689642842862575,0.0816072464907444,0.105651702146296,0.148946687191184
"gene_332",672.147495843298,0.247798498870453,0.125958458728553,1.96730335835937,0.0491482481176379,0.144553670934229,0.0556735733484021,0.235941135771053,0.12335728640177
"gene_333",308.496713806164,-0.176429130597142,0.144861556021616,-1.2179154735216,0.223256095445587,0.419654314747345,0.0723441061080234,-0.164247816520369,0.140383980573396
"gene_334",447.061862136061,0.129932597582315,0.119082703248982,1.09111226095235,0.275223488390586,0.484548395053848,0.048857805440431,0.124067804211815,0.11637784562363
"gene_335",8.98872415220801,0.28947645384688,0.439183599574862,0.659124006741368,0.509816140864952,0.718067399588229,0.583894340361109,0.175020978471841,0.348087218752853
"gene_336",578.707543020173,-0.0517670144712276,0.137633068211521,-0.37612337749871,0.70682517549226,0.834822206081148,0.0665244933412687,-0.0482419426549488,0.133183117550712
"gene_337",40.3227356189014,0.144396805943276,0.192635807158815,0.749584451992514,0.453505017870748,0.687128814955679,0.10904616034147,0.128120472555143,0.181711759035791
"gene_338",62.0832958757988,-0.271366882835831,0.225605772627927,-1.20283661040613,0.229039554411583,0.424147322984414,0.167038364499266,-0.232065311723972,0.211715811000137
"gene_339",128.986752829616,0.212614992447393,0.154203186384364,1.37879765932613,0.167957148605003,0.347018902076453,0.0779131606761531,0.197013293831165,0.149116058241269
"gene_340",4.33743332135555,-0.141273581233412,0.698029032152075,-0.202389262804521,0.839612421759954,0.908671452121163,1.5237823095076,-0.050925191524169,0.422458577218829
"gene_341",126.218643597615,-0.342751699489138,0.158549191802722,-2.16180035730245,0.030633567943362,0.0981845126389809,0.0824981164581155,-0.318133631898177,0.154497602243716
"gene_342",59.23933930937,0.0624900458141325,0.179828396569055,0.347498209439553,0.728217063458996,0.846788360844737,0.099682261643199,0.0561777396380205,0.170361874033361
"gene_343",40.8537317562108,-0.478176431362812,0.21135768692235,-2.26240378727502,0.0236724671570121,0.0783856528377884,0.135706153571795,-0.426219250154097,0.20509070992884
"gene_344",37.6867859511459,-1.01766931125818,0.218456789393167,-4.65844670740186,3.18604261097047e-06,1.73154489726656e-05,0.141583604902414,-0.955162230275378,0.220337532660748
"gene_345",2141.42799619197,0.452057683814906,0.132061083206089,3.42309538010864,0.000619123488982158,0.00286631244899147,0.0623674118601989,0.431774915974788,0.130534138208223
"gene_346",11.705106182905,-0.411619990576087,0.447355831537373,-0.920117636918966,0.357511288724403,0.586084079876071,0.633578882120443,-0.249195595978656,0.363149271645979
"gene_347",99.6851812424263,-0.296452346709132,0.169513205948045,-1.74884514189409,0.0803177913096903,0.21361114710024,0.0933436569588631,-0.271424157418672,0.163955353801946
"gene_348",7.84471701073926,0.578651973227554,0.560178178724185,1.03297842580274,0.301613995001498,0.518237104813571,0.999153067374388,0.291994744027383,0.428299453648764
"gene_349",37.5181940387461,-0.0199903233271912,0.264053434934454,-0.0757055984980974,0.93965332182149,0.971618257465927,0.224576532517135,-0.0156665019309255,0.236102905200239
"gene_350",55.5201217785548,-0.239130074234716,0.173287259587871,-1.3799633902887,0.167597917119437,0.347018902076453,0.0900368136903284,-0.217212564296102,0.166439972938497
"gene_351",8841.40853010587,2.03820227511557,0.112268666448563,18.1546850033121,1.17902358370042e-73,1.96503930616737e-71,0.0452435956481011,2.0280995344149,0.112492615778097
"gene_352",27.1906110600753,0.283910852870965,0.277954162460127,1.02143047745037,0.307050531855393,0.523977016818077,0.241388099973381,0.226231360079457,0.252762539324284
"gene_353",28.0851139454026,0.140633797221263,0.276762799248357,0.508138368318292,0.611356309293647,0.783790140120061,0.240331959204509,0.110724592823436,0.246991316433779
"gene_354",10.1692018814857,0.737710784787701,0.516245767726236,1.42899144342992,0.15300669277765,0.32834054244131,0.856124519159142,0.427120097737878,0.444008793014467
"gene_355",211.100187729427,0.119275296024602,0.16599321712491,0.718555240331577,0.47241500024214,0.692201800842783,0.0945413668951543,0.109579458881574,0.158812925490129
"gene_356",1429.60435733232,-0.497065921087442,0.122464136889492,-4.05886926338263,4.9310909716514e-05,0.000244113414438188,0.0533125521384665,-0.478588518149381,0.121513886248168
"gene_357",17.5930375195597,0.716454781729983,0.358066676924435,2.00089767605261,0.0454034180761657,0.134329639278597,0.402362044191278,0.551851420001877,0.344000771431884
"gene_358",72.7792332366439,-0.140381344374217,0.201648099261978,-0.696169936081748,0.486322412903113,0.698739098998726,0.132711225781086,-0.122600355761235,0.18927237413574
"gene_359",2791.10764082099,0.244611456048802,0.114801755039817,2.13072923810236,0.0331114548931621,0.104783085104943,0.04713023669023,0.234700284224956,0.112821168229887
"gene_360",33.2488744163025,-1.24452931118851,0.272048852192619,-4.57465378426719,4.7700812657097e-06,2.56455982027403e-05,0.230029272770723,-1.15401684320006,0.276490670877223
"gene_361",581.855508134315,-0.371429200567401,0.140571250370442,-2.64228424794251,0.00823489124328003,0.0302753354532354,0.0694412003700307,-0.350757958244184,0.138002592489831
"gene_362",425.293562041346,0.693736451756136,0.14434192352197,4.80620207094955,1.53824428739035e-06,8.64182183927161e-06,0.0726094581838739,0.666124587148616,0.144015223443173
"gene_363",10.8003567684389,0.182738540136856,0.403521592127752,0.452859385227154,0.650649998337415,0.799324322281837,0.493645421511947,0.116286610558717,0.325174905183729
"gene_364",1706.24559232175,-0.187598712452246,0.115726948614483,-1.62104604587119,0.105007763869625,0.261213342959267,0.0476668753337158,-0.180709856773698,0.113444963493878
"gene_365",781.618200074478,0.330350760782833,0.126404761239758,2.61343605686055,0.00896368551894502,0.0322434730897303,0.0562835067452804,0.315262461150517,0.124294047285881
"gene_366",50.3440857932434,-0.315684084885363,0.207822575050244,-1.51900766704022,0.128760566105937,0.287411977915038,0.13550217892284,-0.277563654147172,0.197624904253453
"gene_367",22.6158616717598,-0.172268319536622,0.301847413236782,-0.570713254386871,0.568194032650451,0.761180904436305,0.284016410067048,-0.130390169205249,0.26447562367847
"gene_368",194.555784020413,2.01289420782259,0.18303823596281,10.9971241649836,3.94513454611316e-28,7.30580471502437e-27,0.112894713312424,1.9833587815947,0.184161986494295
"gene_369",874.559290958088,0.0908241598615387,0.148220080531491,0.612765554679631,0.540031369680559,0.735737560872696,0.0780173999334035,0.0844534883366145,0.142869393508324
"gene_370",43.527193619203,-0.132382216411632,0.239926376163295,-0.551761830143808,0.581111541851845,0.76462044980506,0.184376354111742,-0.109760119256618,0.219480160112902
"gene_371",12.2170869204507,1.962065637964,0.61131349766682,3.20958991655271,0.00132924464462919,0.00588161347181055,1.22392722799637,1.57115126571795,0.672466794283383
"gene_372",68.6150045686153,-2.00222900782377,0.185495488508853,-10.7939498902056,3.67641125595943e-27,6.56502009992755e-26,0.100650430613659,-1.97109754729961,0.186698728740003
"gene_373",485.951836261102,-2.16926120956081,0.11762263751587,-18.4425486060719,5.98524325257289e-76,1.49631081314322e-73,0.0462839873200087,-2.15758966322907,0.117919732470457
"gene_374",14.5367564013675,0.0208763772410461,0.371033600772404,0.0562654627440382,0.95513033196792,0.979553145098887,0.427381952679914,0.0143278352094225,0.303388821556102
"gene_375",99.8807022793937,-0.120657007115699,0.178061254262341,-0.67761517021515,0.498015724932489,0.70688566699351,0.10420323274257,-0.108270763785439,0.169147059254906
"gene_376",13.7465604429372,0.31506698009219,0.374660800004918,0.840939271170227,0.400381956580478,0.631517281672678,0.432399272432623,0.214895858747828,0.31766860430158
"gene_377",139.516628339045,-0.910829296811065,0.148714592804482,-6.12468003061776,9.08660211581518e-10,7.09890790298061e-09,0.0716779549521118,-0.881402382376704,0.149073225201547
"gene_378",122.206778757214,0.0743996014995657,0.157718511970265,0.47172396296506,0.637123830573093,0.791976066944602,0.0814525552584716,0.0684905200391767,0.151265722214147
"gene_379",137.374402936129,0.0356474911261727,0.162618381092169,0.219209482266144,0.826486869332537,0.902278241629407,0.0880116974310781,0.0327356870033926,0.155393383309761
"gene_380",43.4253573156009,0.100760431495529,0.277703549142029,0.362834511142657,0.71672850997819,0.839756409740272,0.254895574285144,0.0792404130723604,0.24640941287548
"gene_381",36.4762950119732,0.097776813459011,0.265289360758841,0.368566659361414,0.712450750568482,0.838177353609979,0.226213351883117,0.0785321798261366,0.237718680016343
"gene_382",809.430601226865,-0.3466961290183,0.119733359531038,-2.89556837272597,0.00378472571416076,0.0145566373621568,0.0503943172728058,-0.332092401828376,0.118023646103486
"gene_383",160.296458460579,-0.847174931256835,0.144046804988232,-5.88124763562818,4.07185422477639e-09,2.75125285457864e-08,0.0678829190975912,-0.81919218316542,0.144245815861904
"gene_384",114.296402552965,-0.107941584014334,0.168756349076651,-0.639629765664732,0.522413326321746,0.723564163880534,0.0938312231301122,-0.0978495454339332,0.161138291315522
"gene_385",7.85542539660415,1.05935908051052,0.67793455044004,1.56262736546309,0.118140267779785,0.274848247635987,1.51235897756083,0.486627585150574,0.566426698499742
"gene_386",13.9058515254229,0.114157041340399,0.437534254208016,0.260909952175139,0.794161949876572,0.885713699117247,0.61827807602253,0.0683066242643325,0.337845916318312
"gene_387",714.137169403126,0.0637654495279458,0.129012412558179,0.494258252082453,0.621123804847579,0.789740281922288,0.058572355294652,0.0604574053561605,0.125367690337929
"gene_388",69.4527188244592,-0.241655635135014,0.186948397599917,-1.29263282401689,0.196138081412967,0.394662845336555,0.111382981536916,-0.216224211575125,0.178434084272396
"gene_389",8.35815326041906,-2.39147690445396,0.428855222789181,-5.57642014687454,2.45518536746506e-08,1.59427621263965e-07,0.43537344983486,-2.24288379830603,0.44032336047099
"gene_390",43.9206660975872,-0.868616070169764,0.178485985895531,-4.86657854851512,1.13546807062271e-06,6.48718582116837e-06,0.0896334891476698,-0.825808987331796,0.17905440865527
"gene_391",77.0014211477391,-0.179236360804501,0.192887821050251,-0.929225908761793,0.352772023077916,0.580217143220257,0.121012554790027,-0.158635715143425,0.182363189902256
"gene_392",60.1725335521301,0.428379719440985,0.224724430068534,1.90624454720095,0.0566184850661633,0.163637240075616,0.165103113180802,0.374212528163979,0.215645532268174
"gene_393",387.159017743446,-0.216582056496465,0.139298052304437,-1.55481037181426,0.119991238228126,0.276477507438078,0.0673068497165689,-0.203250672067474,0.135542610677111
"gene_394",3491.86973143216,0.207571371482713,0.101282220952399,2.04943542440947,0.0404195562682817,0.12128589697095,0.0366761872628367,0.199544846394965,0.0997972523066714
"gene_395",1572.15960931647,0.864538497121881,0.136236444248722,6.34586803765608,2.21174764324018e-10,1.84312303603348e-09,0.0661935255377734,0.839916761991511,0.136472382309921
"gene_396",1926.48356322834,0.0253220469668238,0.10236712937707,0.247365019620213,0.804625743395829,0.894028603773144,0.0372394667184948,0.0237588810080097,0.100486720817446
"gene_397",63.1498045893856,-1.10344538892511,0.178724232055576,-6.1740110797174,6.6578872106776e-10,5.36926387957871e-09,0.0965392164661129,-1.0628698248051,0.180018485568141
"gene_398",813.438599223784,-0.164784334525942,0.130650503053118,-1.26126062032036,0.207214964230118,0.400065064116919,0.060268252117886,-0.15544163038626,0.127229397309501
"gene_399",14.162886030902,-2.27247257662541,0.396697249545128,-5.72848079796655,1.01334020639365e-08,6.66671188416873e-08,0.440184357384855,-2.14140749274681,0.405293970117929
"gene_400",123.254844118272,-0.364094852661095,0.202910426172279,-1.79436246588908,0.0727553337310269,0.20098158489234,0.140051325733673,-0.323283519849705,0.194802409869608
"gene_401",4961.22961736033,-0.184635225551925,0.103174359651769,-1.78954564074931,0.0735269839982388,0.20199720878637,0.038154204155654,-0.182074338615448,0.101551539601835
"gene_402",158.208855098115,-0.0846199145186406,0.172057754412937,-0.491811106144939,0.622852884515553,0.789740281922288,0.100327670805368,-0.0762108515044534,0.163813204527337
"gene_403",79.9702363977941,-0.192285046526109,0.211196980913708,-0.910453576060703,0.36258335398468,0.592456460759282,0.148124096023191,-0.166641354791704,0.197872676545315
"gene_404",52.010958729732,0.453395198563447,0.221612856294996,2.04588851993279,0.0407673400843646,0.121331369298704,0.157434786230182,0.398791928280257,0.213609103630763
"gene_405",934.04477383432,0.300125064994795,0.126308510836501,2.37612701635989,0.0174954392079363,0.0591062135403255,0.0564087622939562,0.285961085812347,0.123993498337038
"gene_406",5140.64665646578,-0.343214905094117,0.125798982986241,-2.7282804435045,0.00636654562085507,0.0239343820332898,0.0568259386017253,-0.325226422031955,0.123784922297181
"gene_407",393.708846725251,0.526748296597584,0.123952088702895,4.2496121050462,2.14141017167747e-05,0.000108152028872599,0.0527570531582965,0.50772410508092,0.123098223265955
"gene_408",148.615321364614,1.01627138271129,0.189439125084457,5.3646330041812,8.11139713528688e-08,5.0696232095543e-07,0.12182942806,0.969916196646753,0.190761680527551
"gene_409",5183.42064426591,-0.0489240871926752,0.130590072020705,-0.374638641633633,0.707929230756814,0.834822206081148,0.0612576686147753,-0.0461226656834947,0.126781350963849
"gene_410",36.3155802851136,-0.387938670699374,0.26020639300405,-1.49088831454397,0.13599081983503,0.299539250737951,0.215738524504676,-0.321311164918961,0.243783531968289
"gene_411",553.598471735806,0.0833883791159223,0.133970753499435,0.622437188250001,0.533654433647252,0.73506120337087,0.0628647802093652,0.0785407379033538,0.129948445258827
"gene_412",72.0611644823504,0.0273439140080974,0.170509911698595,0.160365539666881,0.87259313362456,0.931446657409625,0.0909243559097328,0.0251562431736961,0.162194813933529
"gene_413",46.3219556490551,2.09251416674651,0.350667726791941,5.96722768271186,2.41318565616688e-09,1.74868525809194e-08,0.409227980283893,1.98483656631403,0.357407268411474
"gene_414",1110.50901392551,-1.99439779636494,0.149340540465878,-13.3546978612992,1.11208446393896e-40,2.64782015223563e-39,0.0789139740735592,-1.97435544992035,0.149902540354101
"gene_415",8.22443491135945,1.01644246813526,0.479500816184729,2.11979298851427,0.0340235068633895,0.105663064793135,0.693200504566122,0.707579330571064,0.47599295495683
"gene_416",82.0064062705425,0.176820060142418,0.188752566595681,0.93678228238971,0.348870560845206,0.57569399479407,0.116171932328666,0.157665988326115,0.178992704070303
"gene_417",121.662782776073,-0.993359604625232,0.169095063886034,-5.87456299312636,4.23960245691876e-09,2.82640163794584e-08,0.0936394766019754,-0.95589756934308,0.169970115648283
"gene_418",49.0352516855514,-1.22660940209891,0.203090279602096,-6.0397248184509,1.54377279636442e-09,1.16952484573062e-08,0.12394853320841,-1.17633600934638,0.204882585680085
"gene_419",4.81671901909356,-1.98085788381286,0.676773295586507,-2.92691496063863,0.00342342473496309,0.0133727528709496,1.32083772544822,-1.48576663885103,0.76003174800243
"gene_420",45.2933275702949,-0.12372367662245,0.220919709319114,-0.56003910653229,0.575452763753846,0.761180904436305,0.153742117167807,-0.105284790948018,0.204552508883259
"gene_421",10.0197123148796,0.723850390713739,0.477349777064533,1.51639411076101,0.129419727331353,0.287599394069673,0.716515701126763,0.453067319895551,0.423120830373074
"gene_422",5719.38336975105,0.173828385094143,0.123176985114511,1.41120831081021,0.158183200351789,0.337998291349975,0.0544972362970337,0.165398654112006,0.120362325405685
"gene_423",4.4190166268137,-0.312619714485786,0.586803946858669,-0.53274984968886,0.594206753599594,0.773684517255812,1.01180140092893,-0.141964957780593,0.403572190548801
"gene_424",13.7435071314304,1.95442543752635,0.472380902299774,4.13739299792027,3.51274170571439e-05,0.00017563708528572,0.696033299166011,1.73735333202733,0.495504586966042
"gene_425",657.310513418374,0.116422082892192,0.154461557497068,0.753728531414055,0.451012246067079,0.685428945390698,0.084445676813155,0.107721275467088,0.148570623610095
"gene_426",895.358826578045,-0.130175189373454,0.123571831132834,-1.05343740705373,0.292140567489196,0.507188485224298,0.0538987327201452,-0.123360395112922,0.120552014442508
"gene_427",75.3181938061437,-0.978243526812149,0.166163671320592,-5.88722865255397,3.92725210904196e-09,2.68989870482326e-08,0.0844311623310906,-0.941944697609633,0.166862294634007
"gene_428",111.374448775584,0.0524871047255795,0.169137739637074,0.31032166350457,0.756316358671897,0.859258517523252,0.0940970494892698,0.0477796663759736,0.161204432344638
"gene_429",408.195760526474,-1.90453665828848,0.125229844432131,-15.2083288686081,3.11390951336091e-52,1.03796983778697e-50,0.0527175971721078,-1.89001052606604,0.125653517875461
"gene_430",2592.07273667022,-0.188732526853827,0.128478008437894,-1.46898702080255,0.141836309661974,0.308339803612987,0.059089742015373,-0.178116117804302,0.125359923503385
"gene_431",8.00866401628628,-0.214469285041372,0.411979122044803,-0.520582897446072,0.602657365891082,0.775795620993248,0.48694055825047,-0.134601655979246,0.329780761401449
"gene_432",2525.01738436611,0.443200175747609,0.118446436756914,3.74177719383136,0.000182723483712514,0.00087011182720245,0.0501504336835017,0.427542678277631,0.117312065430545
"gene_433",232.090529402598,0.17206937589551,0.157635005907323,1.09156830302447,0.275022894601744,0.484548395053848,0.0852180619039504,0.158641464863347,0.151848950792485
"gene_434",86.6237755706436,-0.107234727172793,0.187439290398445,-0.572103783282795,0.567251666211623,0.761180904436305,0.115019004853512,-0.0948638660867626,0.17703413736079
"gene_435",1443.95090696581,-0.826393631551821,0.0945730789696826,-8.73814874755996,2.36961370126918e-18,3.38516243038454e-17,0.0314653346676194,-0.814030958687564,0.0946206805229609
"gene_436",977.051514427621,0.000123801025514662,0.135255706608043,0.000915310921951887,0.999269687649016,0.999269687649016,0.0648944818730152,0.000302035646204822,0.130985480830404
"gene_437",1743.10701804349,0.0336426574163114,0.109308746571109,0.30777644490165,0.758252446368445,0.859258517523252,0.0424795364816694,0.0321921658773407,0.107042916860724
"gene_438",108.690478416784,0.184455607362471,0.218362618279762,0.844721540781993,0.398266329661994,0.630168243136066,0.162591892340177,0.158418796123966,0.203629169965479
"gene_439",769.907407549391,0.398607124195601,0.133523907809857,2.98528653582571,0.00283312800602614,0.0113325120241046,0.0629254096207383,0.379430939140353,0.131563133624949
"gene_440",1044.23371554936,0.0289573369240178,0.119279754147864,0.24276824789663,0.808184934318811,0.895992166650567,0.0503077708253632,0.0276876885424731,0.116339391740505
"gene_441",59.8391569144974,-0.03962763164766,0.203287748983357,-0.194933692983654,0.845444856940284,0.913007404903114,0.132189726479312,-0.0342598194350165,0.189755348966672
"gene_442",13792.1389438713,1.78572562474335,0.12260687518309,14.5646451071908,4.71426363852547e-48,1.38654812897808e-46,0.0540664647449668,1.77164044564939,0.122940753998296
"gene_443",136.113284920484,-2.22647010651397,0.15227635428585,-14.6212464630884,2.05601394136228e-48,6.42504356675711e-47,0.070561932356391,-2.20746948449275,0.152616492473367
"gene_444",133.769050820909,0.0435946403940641,0.13856700901704,0.314610531780354,0.753057381752807,0.857862308298258,0.0617174382403177,0.040916688707812,0.134064203118356
"gene_445",499.334634380265,-0.120644578910919,0.120414813656325,-1.00190811452194,0.316387973147162,0.536250801944342,0.0502329732236248,-0.112335692011347,0.117599714054104
"gene_446",412.715688705588,0.638055635250669,0.133623568954072,4.77502315081837,1.79686581952006e-06,9.98258788622253e-06,0.0618192213986876,0.614678072104235,0.133136871311737
"gene_447",32.7981313546692,-0.383108060009631,0.243920141136423,-1.57062905188859,0.116268837717654,0.273754048647566,0.183264193635531,-0.324327896825439,0.230063919763048
"gene_448",133.613385695211,-0.0864706912757625,0.178201595484253,-0.485240836597356,0.627505517647529,0.789740281922288,0.106915524952538,-0.0774027640993836,0.169093249728416
"gene_449",5444.00754543251,0.231482150098603,0.118304169058731,1.95666942205296,0.0503863471940218,0.146660080434333,0.0502479371567964,0.223336976889905,0.115974279972401
"gene_450",149.157329139187,0.245900258041424,0.176685666110699,1.39173857989906,0.164001575068609,0.344541124093717,0.105756690194997,0.223094160488561,0.16951698942001
"gene_451",81.4818697355439,-0.462748257958121,0.164414133837041,-2.81452845420683,0.00488488529495793,0.0186446003624348,0.0847326433595252,-0.431077140439752,0.161536607507722
"gene_452",704.749374459501,0.0275316144138924,0.132322016847953,0.208065256785862,0.835178014544091,0.905832987574936,0.0616702691438068,0.0260740610847187,0.12832639552451
"gene_453",361.116757182197,0.141229804302557,0.122947391116883,1.14870110719384,0.250679249154332,0.449718906985076,0.0516978050673572,0.134286583642967,0.119966501177954
"gene_454",119.471727081549,2.03969619816567,0.180178773668223,11.3204022684798,1.03993622050089e-29,2.07987244100178e-28,0.104134357412948,2.01153338608011,0.181012454836601
"gene_455",16.6002236084952,-0.154775251083345,0.34145623266594,-0.453279911966835,0.650347195874342,0.799324322281837,0.359522958018295,-0.109223959149966,0.28940061265628
"gene_456",836.224281533815,-0.0345754906473122,0.133319742476191,-0.259342615018078,0.795370901807288,0.885713699117247,0.0628472715388042,-0.0323521855199958,0.129244949646467
"gene_457",242.562373954405,0.343219668143841,0.161731246579175,2.12216053114894,0.0338242596982768,0.105663064793135,0.090090038253596,0.318875331572555,0.157477136299475
"gene_458",451.58661283181,0.355088033308707,0.149693588691385,2.37209914207329,0.0176873439988804,0.0593535033519477,0.0785056740998307,0.332687788763116,0.146427634589096
"gene_459",92.7889102083781,0.344505871899399,0.197610942338457,1.74335422837744,0.081271758313041,0.215004651621802,0.129829921314061,0.307712664016515,0.189750140623161
"gene_460",7.02422512292603,-0.0850826023424622,0.542912839937899,-0.156715030634004,0.875469440723321,0.931446657409625,0.91973832484311,-0.0409112282654388,0.378819908743681
"gene_461",163.897625703116,-0.183403660817388,0.155294315963337,-1.18100691374105,0.237599976783249,0.433083289515436,0.0807384996366456,-0.169230032648352,0.149914411722472
"gene_462",5189.74135211891,0.0722591520722438,0.128207621881412,0.563610423560318,0.57301929139036,0.761180904436305,0.0590364924425824,0.0685246820898229,0.124649168499784
"gene_463",9.48581215147098,0.155967104598859,0.460444940586483,0.338731281095627,0.734812173403343,0.848512902313329,0.659472011915101,0.08960349051577,0.349223730937181
"gene_464",55.4521937056914,2.10221069680632,0.255515354432438,8.22733608896362,1.91422805679968e-16,2.58679467135092e-15,0.206792017207877,2.046238076713,0.258508071414695
"gene_465",11.8152343427957,-0.897670903214909,0.48511261591326,-1.85043817408248,0.0642504212629295,0.17947045045511,0.753368158821021,-0.587625825003113,0.460221267271913
"gene_466",65.8400076089265,-0.149254090812573,0.20294037517269,-0.735457844135582,0.462060704717925,0.689642842862575,0.133115434064648,-0.130185442261019,0.190567256527368
"gene_467",365.691588690246,-0.102792673494514,0.131599690327975,-0.781101180696792,0.434742987548844,0.672976760911524,0.0596581686615362,-0.0966925295779133,0.127828996909532
"gene_468",95.3946317895446,-1.06834666564104,0.207134412864893,-5.15774588521844,2.49940510990545e-07,1.47023829994438e-06,0.142403109764081,-1.01307811002112,0.208788565201004
"gene_469",103.556736922625,0.0899094165971666,0.169517587599584,0.530384002452542,0.595845715377048,0.773684517255812,0.0938896400487312,0.0823054696118967,0.161696373041422
"gene_470",12.8445242080573,-0.264631409212518,0.370213386324454,-0.714807781101128,0.474727826443864,0.692201800842783,0.415213632125549,-0.180006198591793,0.311251417997175
"gene_471",163.807983017933,-0.309573435888403,0.140391664551138,-2.20506991549801,0.0274491887904382,0.0897032313413012,0.0648144592896158,-0.291457511939544,0.137300233563631
"gene_472",1195.91699482583,-0.134429373437981,0.128506515883242,-1.04608993959591,0.295519509622411,0.511279428412476,0.0586635999025348,-0.127060844516521,0.125126242084665
"gene_473",5190.63794401319,0.0577784984120706,0.119791153197036,0.482326923733968,0.629573724050324,0.789740281922288,0.0515152515571649,0.0551398765672105,0.116848405986259
"gene_474",2445.27371846344,0.40810176313101,0.139846975235957,2.91820228819708,0.00352055877597771,0.0136455766510764,0.0700566752850416,0.386809530583472,0.137670516341831
"gene_475",28.0912822198569,-0.526001719590314,0.302665884324242,-1.73789563618877,0.0822292047552697,0.215725728143795,0.292880428663278,-0.419983149988774,0.28515587131117
"gene_476",60.3862335907457,0.103440791970689,0.207250604572353,0.49910972363208,0.617702087792689,0.788712390278754,0.138199673327718,0.089956852532775,0.193544747756396
"gene_477",520.444852288713,0.126819475677958,0.135083544479633,0.938822535094779,0.347821866800873,0.57569399479407,0.0638284665207892,0.119312133025156,0.131111296174575
"gene_478",153.845190045221,-0.142751152280863,0.15801344302944,-0.903411441102939,0.366307570053341,0.594655146190488,0.0834261337936728,-0.131190811394325,0.151963817368979
"gene_479",237.554825102553,0.210485759349134,0.157195648275649,1.33900500209801,0.180569044499236,0.368508254080074,0.0848157099074201,0.194471101031233,0.151793141480018
"gene_480",36.3132317859874,3.38029473348956,0.455729180778287,7.41733221409424,1.19502931593084e-13,1.24482220409462e-12,0.665971092565849,3.25977733525735,0.463771849875742
"gene_481",111.176259187819,1.27111797508762,0.184318382472566,6.89631689490772,5.33680754090135e-12,4.76500673294763e-11,0.111786741269035,1.23093841065321,0.185754713125591
"gene_482",23.2744095025067,-0.280408487264601,0.337291328122772,-0.831353977658548,0.405773689851466,0.638008946307336,0.366339652434739,-0.202471827122666,0.292638550391439
"gene_483",20.4369398489368,-2.52214187058388,0.326743187666672,-7.71903429294095,1.17214367226541e-14,1.36295775844815e-13,0.285159281356945,-2.44152550788533,0.331389690293881
"gene_484",44.187937067596,0.156241737770465,0.253130837293817,0.617237075659457,0.537078364269319,0.735737560872696,0.208254249354609,0.12790750250221,0.229964072467842
"gene_485",42.5707271831103,-1.70922736004761,0.194076323380974,-8.80698546979569,1.28556349810248e-18,1.94782348197346e-17,0.102463010027407,-1.67141679200122,0.195509724194803
"gene_486",150.745817903033,-0.0587308384072486,0.162119985558188,-0.362267725382748,0.717151973918192,0.839756409740272,0.0880476310070823,-0.053173144172901,0.155152278860751
"gene_487",521.764113334388,-0.25101015663528,0.147882700158141,-1.69735984240792,0.0896286498353452,0.229817050859859,0.0768584109038398,-0.23401372894749,0.143716657434453
"gene_488",33.7881513349391,-2.02730157437039,0.263768546893918,-7.68591099372332,1.51912097251682e-14,1.72627383240547e-13,0.202849118840232,-1.96490772082847,0.266807577617604
"gene_489",31.2175473778675,0.183845840190318,0.290422103678103,0.633029779283221,0.526714196474084,0.727505796234923,0.271999606393534,0.142591324629228,0.257115873872004
"gene_490",3824.0127585081,-0.0378293072934088,0.125463960847039,-0.301515327891878,0.763021563560648,0.859258517523252,0.0564591687349309,-0.0355800029835403,0.122064740205726
"gene_491",1170.25201199037,-0.242227823036798,0.091593321783142,-2.64460135653013,0.00817872081386299,0.0302753354532354,0.029363646187256,-0.235629566302253,0.0905779103322632
"gene_492",630.561947114863,0.186056506855979,0.125309877501462,1.48477127713901,0.137604423024032,0.301764085579017,0.0549913759410074,0.176705022885401,0.122399617519933
"gene_493",5382.73057925271,0.331913898005243,0.111346075752713,2.98092138192984,0.00287382560218649,0.0114040698499464,0.0444869409602549,0.320302554555133,0.109944542806542
"gene_494",24.1729835867397,0.367377200071133,0.266320540398193,1.37945499630574,0.167754512710972,0.347018902076453,0.214016390489027,0.301595829565524,0.247288642612895
"gene_495",5140.37839718301,-0.100345348486688,0.129602635280342,-0.774253920606105,0.43878064737982,0.676795306446018,0.0603298778064151,-0.0935425812700031,0.12600912328995
"gene_496",1751.14736377502,0.0658306870822132,0.117328571067465,0.561079764999098,0.574743161853642,0.761180904436305,0.0490318106889626,0.0629135659543179,0.114568856889487
"gene_497",286.99766289266,0.278089780748919,0.148590305120957,1.87152035607266,0.061272991065748,0.173316179361825,0.0760506892011555,0.259873298906552,0.144665521092376
"gene_498",1378.05620361629,2.03074512518929,0.132263316322246,15.3538046803665,3.34009178639408e-53,1.19288992371217e-51,0.0619207541710211,2.01542625381581,0.132618716601063
"gene_499",162.581606059323,0.0988599590126067,0.146249574553067,0.675967498125848,0.499061280897418,0.70688566699351,0.0709214768821659,0.0920536687332834,0.141141343087747
