"gene","baseMean","pvalue","padj_filt"
"gene_0",76.2545858248427,0.456023433086434,0.635720399284062
"gene_1",5251.51047639347,0.174331344628242,0.343171938244572
"gene_2",412.921437835598,0.422293744691272,0.600987302691564
"gene_3",5.00820440484389,0.745286615071868,0.859214019557636
"gene_4",20.5696844392345,0.0650764010783414,0.171734959953858
"gene_5",58.3363342484964,0.260357252123004,0.439792655613182
"gene_6",34.0027974233281,0.234217964058286,0.408995280660569
"gene_7",1166.95035450138,0.181590835563651,0.34803631773913
"gene_8",43.3262688033616,0.614674531617552,0.764520561713373
"gene_9",265.777923425788,0.243041788172498,0.418076470480215
"gene_10",4832.85342057321,0.142043522001443,0.2951042700861
"gene_11",15.7461990687255,0.950986249355585,0.975140190383151
"gene_12",1240.54951057514,0.609379625009135,0.761090289353624
"gene_13",20.7186630917207,0.0657662395014974,0.17306905131973
"gene_14",5453.85814531748,0.638134115234379,0.787819895351086
"gene_15",750.711814451358,0.00506033721535936,0.0232837601933713
"gene_16",1946.33338639306,0.151074702107446,0.31000280870201
"gene_17",107.001316562495,0.332307842095573,0.509674604441063
"gene_18",3.55615802817489,0.316125930614475,0.495495189050902
"gene_19",275.91695756335,0.53143381323514,0.699255017414658
"gene_20",71.4728783577986,0.0526490363276233,0.146790993478504
"gene_21",1893.52703779569,0.00319355152861235,0.015705991124323
"gene_22",258.738040566802,0.0142631805623215,0.0548583867781596
"gene_23",215.80664641363,0.942910004493648,0.972994183744388
"gene_24",1947.26411723318,0.343648120148972,0.523853841690506
"gene_25",36.8602310358262,0.0382675532309867,0.116197023980729
"gene_26",4604.53862242223,0.000168249599852093,0.0013213319360112
"gene_27",36.0065854032325,0.269297748772963,0.450266663083662
"gene_28",1031.61903691329,0.111543295267255,0.253123968080004
"gene_29",171.065368442421,0.117038825683636,0.261505581146865
"gene_30",5170.16877777592,2.28583680769612e-06,2.65794977639083e-05
"gene_31",70.2924123340033,0.0594783059398824,0.16104234460257
"gene_32",61.1074121706707,0.378151024548984,0.561054932565258
"gene_33",39.4198549829022,0.492701896320567,0.66882610360258
"gene_34",74.1060908388537,0.68944067460268,0.824032678807984
"gene_35",452.746494368756,0.0232637352617832,0.0795913404369438
"gene_36",45.7324940763464,0.82981382158401,0.91590929534659
"gene_37",538.285379358834,0.00561972860242706,0.0256218629289988
"gene_38",1118.91802507469,0.0546096467322405,0.15141306857368
"gene_39",24.6458995946778,0.29487031889128,0.477136438335405
"gene_40",94.0342210850443,0.309196977896382,0.489752340912959
"gene_41",793.540841021874,0.548217698226161,0.710325399690134
"gene_42",4929.8164629547,0.728804793020169,0.850744894576073
"gene_43",276.090747175223,0.554344059104292,0.714975140719207
"gene_44",374.188703262032,0.261871802091615,0.440367380198903
"gene_45",51.581999959295,0.0784277773814098,0.198383922549941
"gene_46",181.227552736612,0.0250405666335082,0.0844064043826117
"gene_47",68.9773239623704,0.125776124683787,0.272636108418614
"gene_48",4.75785240369459,0.948161246588679,0.975140190383151
"gene_49",361.033252424095,0.0197619029561987,0.0709159196992775
"gene_50",8.46919453227056,0.485657831256062,0.662260678985539
"gene_51",28.2983092866579,0.13640583974893,0.289601334451552
"gene_52",6.75867816702975,0.820136471384657,0.909242207743522
"gene_53",4228.60522354514,0.782885023851382,0.881627279111917
"gene_54",405.126097976057,0.446307628635912,0.625664899956885
"gene_55",111.021157868782,0.268973315130647,0.450266663083662
"gene_56",96.1774721581734,0.120339601808671,0.265455003989716
"gene_57",336.81838740865,3.05711450117935e-05,0.000288407028413147
"gene_58",466.189210150844,1.39276947221147e-21,3.11814060942866e-20
"gene_59",29.3565178954074,0.000261190900853728,0.00189268768734585
"gene_60",2050.11755264914,1.14647004769475e-105,1.43308755961844e-103
"gene_61",440.170661750458,2.62999407664556e-09,4.15262222628246e-08
"gene_62",1260.00626079522,0.341954765925591,0.522334163837461
"gene_63",2678.21859451656,4.8432175953609e-08,7.05322950780714e-07
"gene_64",19.4115385483636,0.41539201285002,0.596256477775148
"gene_65",1359.51205945266,0.579215433725937,0.732565894257087
"gene_66",1127.35110551757,0.873985222287194,0.935765835403508
"gene_67",77.8969441219627,0.497704738916818,0.67136430609283
"gene_68",3741.24531264236,0.452126761608464,0.631461957553721
"gene_69",983.967985728828,0.000704111463514931,0.00466083471757943
"gene_70",183.887679640864,0.0151327572773323,0.0569509777497379
"gene_71",953.444013856952,0.16191758606233,0.326008562541603
"gene_72",11.8229008739868,0.0774015703910561,0.197117751420347
"gene_73",4349.22590885512,0.0194889604496626,0.0702726939290719
"gene_74",153.231074628204,0.00326187943027335,0.0158857764461364
"gene_75",1922.27682759346,0.00256354338473158,0.0130349663630419
"gene_76",31.1366423159207,0.764592086366931,0.869513365845638
"gene_77",153.058805298784,0.0240966533350494,0.0815913769809797
"gene_78",5391.34330548595,0.314269319840123,0.494134150692017
"gene_79",135.135337253021,0.00264146806682513,0.0133407478122481
"gene_80",48.4816318174518,0.122823955320534,0.269745143456517
"gene_81",82.5175849719059,0.564441032933719,0.721176788245808
"gene_82",233.065095170262,0.0132314271548011,0.0515510148888353
"gene_83",127.84923047194,0.00114990661033479,0.00681762812451455
"gene_84",1024.89021251018,0.0434705396787051,0.128179585274266
"gene_85",53.5239528365354,0.930751579581882,0.965509937325604
"gene_86",23.689554535318,0.74789553058622,0.859650035156574
"gene_87",141.612619930242,0.317628287980741,0.496811712170084
"gene_88",14.5772572401535,0.911480204686107,0.953431176449903
"gene_89",28.059422513323,0.29623215614408,0.478308110028116
"gene_90",42.8496739961934,0.329719810589357,0.507782049162255
"gene_91",2393.38922463838,0.948296493988624,0.975140190383151
"gene_92",15.9161470917458,0.0887566992891673,0.214584694114461
"gene_93",884.184867046911,0.00232096145868452,0.0121304605854592
"gene_94",400.028961578144,0.158450847734992,0.321184150814174
"gene_95",1470.1273011137,0.000223541255868163,0.00165178267882879
"gene_96",1146.08679565305,0.787425210894039,0.883423946403185
"gene_97",9.24089849000588,0.25118457989341,0.428642627804454
"gene_98",51.3356295403841,0.716364096159976,0.842781289599971
"gene_99",29.8452238542865,0.00117723681677331,0.00695218592582664
"gene_100",6.40885181567185,0.558883801516771,0.717744608112291
"gene_101",19.9789742142284,0.648873810405078,0.796489947305742
"gene_102",719.803507139243,6.13438470506622e-07,7.79794665898249e-06
"gene_103",4695.77714478792,0.414613001180398,0.595708335029308
"gene_104",203.356954331138,0.0672332753483371,0.176311036752632
"gene_105",22.5425737608599,0.228428552827724,0.401371104611552
"gene_106",321.164680623252,0.772171431253651,0.876051863413282
"gene_107",1226.67576254338,0.366114943207061,0.5483283447171
"gene_108",380.193302108172,0.139533882338578,0.290921458414412
"gene_109",76.6580899141702,0.00070533965392702,0.00466083471757943
"gene_110",95.2926200940685,0.60909622883129,0.761090289353624
"gene_111",98.7776981477395,0.425541020930548,0.604461677458165
"gene_112",329.260276155618,3.1679934105208e-26,8.48569663532356e-25
"gene_113",379.010228848845,3.72002418178196e-57,2.06668010098998e-55
"gene_114",1642.97459190792,6.93384129379422e-05,0.00060120011217869
"gene_115",496.860436972595,0.303232734829558,0.483087333193914
"gene_116",826.328254476613,0.446729743788779,0.625671910068317
"gene_117",53.0013601162772,0.00574294796980335,0.0259481765031488
"gene_118",495.393221729951,3.43273111291899e-29,1.09555248284649e-27
"gene_119",58.399047571922,0.461614512914014,0.64113126793613
"gene_120",38.3519774263339,0.517659699465677,0.688377259927762
"gene_121",31.730259886544,0.18625890858306,0.353656155537456
"gene_122",108.586677382855,0.532270238884708,0.69974176891066
"gene_123",1686.5203605072,0.0750001544428391,0.191326924599079
"gene_124",62.8811931938667,0.836328275861106,0.918567770464557
"gene_125",1478.28328534902,0.0026643530068895,0.0134111728534707
"gene_126",754.737391446145,0.817650942074806,0.907157110290096
"gene_127",5290.34711685492,0.416987048824031,0.59680893202204
"gene_128",3776.88746168575,0.787195670828817,0.883423946403185
"gene_129",65.0950143397912,0.0844700954159896,0.208396616980237
"gene_130",35.1434770154403,0.894119233397737,0.94582429484951
"gene_131",286.766066955255,1.24403549944735e-89,1.09767838186531e-87
"gene_132",4607.99391099815,0.00185261837826145,0.00999614232874882
"gene_133",264.996932690394,0.287336897048569,0.470529853245473
"gene_134",4280.48754556373,3.20121229994405e-05,0.00029824959316249
"gene_135",13.3240723604224,0.484979241520238,0.661937090336995
"gene_136",196.254256127324,0.898154645520355,0.948054616400967
"gene_137",410.600569777403,0.0183449867796615,0.0669525064951151
"gene_138",336.943330652027,1.86267077322281e-67,1.16416923326426e-65
"gene_139",638.348992165961,0.0368390257225445,0.113003146388173
"gene_140",1421.34250613824,0.0435810589932505,0.128179585274266
"gene_141",49.4221669485175,0.888582746501404,0.943293786094909
"gene_142",91.3900801024197,1.274557564097e-08,1.97096530530465e-07
"gene_143",143.897544889513,0.729554168402215,0.850957428151884
"gene_144",4702.63171953186,0.6021165780044,0.754532052637093
"gene_145",887.736361810498,1.07618512576358e-76,8.07138844322684e-75
"gene_146",10.6525739380295,0.00119891817504573,0.00702491118190857
"gene_147",108.305352165977,0.6818421072373,0.818865621181705
"gene_148",5.62959898260817,0.986166706668944,0.995457644686013
"gene_149",88.3783812344334,0.768992906481685,0.873855575547369
"gene_150",6.24212857508386,0.0291398394829658,0.0941134670550536
"gene_151",3739.10437039885,0.921998878315236,0.961082916937355
"gene_152",66.205186208066,0.267695330966392,0.448651392681104
"gene_153",101.81036118599,0.0994473841770168,0.23235370134817
"gene_154",18.5557199203886,2.10104450627137e-08,3.21588444837455e-07
"gene_155",169.451706957864,0.952786574763447,0.975549393955748
"gene_156",122.479198510366,0.669859243436785,0.810318001619169
"gene_157",582.422025491892,0.0437514996081773,0.128429059515198
"gene_158",21.393215519088,0.497598026081951,0.67136430609283
"gene_159",877.935764458676,0.0542038921782226,0.150566367161729
"gene_160",1496.28093994955,0.20067124376002,0.36933357747243
"gene_161",535.327344447777,0.0881007760292274,0.213836835022397
"gene_162",57.4359916875598,0.579991941388843,0.732930001755066
"gene_163",1759.87394054876,0.0111496819654082,0.0456083626325709
"gene_164",567.574429010092,0.00148931702936932,0.00830474179945717
"gene_165",185.224616347995,0.386346796207108,0.56871461659535
"gene_166",284.585598573847,0.0110328564018646,0.0453405057610872
"gene_167",23.1339021576055,0.950637973773043,0.975140190383151
"gene_168",5.48334603709095,0.106673872178381,0.24429131033217
"gene_169",760.158043209996,0.853595230515678,0.923957214785194
"gene_170",2964.34259898406,0.21418736158107,0.385229067591852
"gene_171",56.7220318267722,0.781826673490646,0.881096927299751
"gene_172",11.6570342614982,5.31835192159252e-12,9.16957227860779e-11
"gene_173",18.3483048796366,0.362606348180116,0.544453976246421
"gene_174",233.891270996331,0.301024985325516,0.482817449415967
"gene_175",352.609228305585,0.00242427783831182,0.0124534820461224
"gene_176",201.530796653959,0.25574675049448,0.434450878529695
"gene_177",137.815412252615,2.03763916940049e-07,2.72898103044709e-06
"gene_178",106.07646109818,0.696284155498118,0.828960518352289
"gene_179",965.842088192987,0.0356233217502749,0.109948523920602
"gene_180",643.137040685039,0.925737513498841,0.962555841617233
"gene_181",293.579372427862,0.989572996243845,0.996918644294348
"gene_182",50.3020810806795,1.89643901977989e-15,3.46909576789003e-14
"gene_183",25.9767318863922,0.293205945418185,0.475983677626924
"gene_184",83.3650795119074,0.0577520853273929,0.158389781866263
"gene_185",30.3439379554011,0.448711861080237,0.627276599832578
"gene_186",303.558235814505,0.214034659155236,0.385229067591852
"gene_187",306.232716041202,0.0052342553459809,0.0240103456237656
"gene_188",102.637429116941,0.0613261319869957,0.164855193513429
"gene_189",213.554607061736,0.0018494592735825,0.00999614232874882
"gene_190",408.429123644725,0.313673799519969,0.493787138207526
"gene_191",3866.97655485086,3.99242887628388e-39,1.53554956780149e-37
"gene_192",1589.32741288511,0.709372691809391,0.839163278954327
"gene_193",14.3083199979013,0.455891677620519,0.635720399284062
"gene_194",554.983411057949,2.46792212818453e-129,7.40376638455359e-127
"gene_195",269.219593064706,0.460421779308996,0.640661102934596
"gene_196",661.786986411492,0.0277344667507194,0.0908334063888189
"gene_197",5.35961623803213,0.471124044475023,0.647741582687933
"gene_198",11.2074958252443,0.237216384109308,0.41183400018977
"gene_199",45.1845817643847,0.660610366863779,0.803662246792918
"gene_200",7.09589346579869,0.291132368984738,0.474672340735986
"gene_201",42.5317149469781,0.00137855513517768,0.00783269963169135
"gene_202",87.0760754524182,0.187155114407615,0.354908560823542
"gene_203",176.723829006016,0.28991313541137,0.473198806438579
"gene_204",5.91025419844494,0.961111133403026,0.980058939568007
"gene_205",1331.1776969734,0.301921845034785,0.482817449415967
"gene_206",994.343330020914,0.0435670450874755,0.128179585274266
"gene_207",9.45680494853451,0.951188821729136,0.975140190383151
"gene_208",20.4344753055962,0.00727813644650739,0.0313712777866698
"gene_209",102.022522669813,0.438987578115892,0.617133427529371
"gene_210",3243.57669274281,0.0964178488349467,0.227043600082292
"gene_211",7.82309966491313,0.402341438001173,0.585365816684539
"gene_212",11.4329810243024,0.739555805706674,0.857101427694026
"gene_213",648.7132940637,0.201295164779439,0.370027876432793
"gene_214",132.31523474113,0.00178844569961391,0.00971981358485822
"gene_215",263.094325707861,0.351967873678711,0.532209486409341
"gene_216",135.322716281486,0.00623336443305507,0.0276059502430477
"gene_217",5.56667878593225,0.57445930237682,0.730049924144315
"gene_218",14.3336029823332,0.0211781389207712,0.0739966117967536
"gene_219",117.008255444748,1.06852891088788e-17,2.13705782177576e-16
"gene_220",5.32355314125422,0.95982071170864,0.980012181843147
"gene_221",27.3305982263592,0.324802961198338,0.504144076074864
"gene_222",588.687788515704,0.139315253995276,0.290921458414412
"gene_223",182.033139094141,0.357361484029198,0.537655191618652
"gene_224",183.770066906393,0.325538122657256,0.504144076074864
"gene_225",113.108951894675,0.0322857746919953,0.102170173075934
"gene_226",36.2756036466236,0.731940284200177,0.852051180330241
"gene_227",5288.90043351167,0.182282526954236,0.348706729124616
"gene_228",267.885053047253,0.0236605687050013,0.0804781248469432
"gene_229",522.31727329887,0.35464500451016,0.534596594613063
"gene_230",771.562882229338,0.846951908265005,0.921936039475695
"gene_231",799.905826974539,0.00201791983221351,0.0107718140509618
"gene_232",5663.4363040799,1.20559333239063e-13,2.12751764539524e-12
"gene_233",25.9419744416794,1.38136571976435e-05,0.000140003282408549
"gene_234",107.46705385116,2.57788220224885e-56,1.33338734599078e-54
"gene_235",271.760839674787,6.40669216205607e-08,9.15241737436582e-07
"gene_236",131.906969051323,0.000172321159154364,0.00134625905589347
"gene_237",101.082100670087,0.444337177627319,0.624069069701291
"gene_238",63.3093087656873,0.000207625292347342,0.00159711763344109
"gene_239",531.169361843487,0.000119604969429005,0.00094924578911909
"gene_240",562.215300684172,0.827858734505474,0.915098085304504
"gene_241",38.2469121082514,0.0101749077031372,0.0422780098468303
"gene_242",61.9508134006282,0.135853406460543,0.289153954463189
"gene_243",137.945171209275,0.00823194635195507,0.0350793168407176
"gene_244",187.854034068162,0.66792086546896,0.809274069631212
"gene_245",23.65529384057,0.218915904091566,0.391829636295323
"gene_246",1524.9917175621,0.393069504814338,0.575785407442878
"gene_247",4.58049896812259,0.0516952414512309,0.144400115785561
"gene_248",71.7574305702789,0.000182399461845921,0.00141761239776623
"gene_249",6.41965983510972,0.380191400148763,0.561859212042507
"gene_250",6.04470010855311,0.901676587569797,0.948827712788012
"gene_251",283.49291868023,0.93389878952948,0.967436591363412
"gene_252",178.151473100107,0.0501173712117763,0.141841616637103
"gene_253",11999.5802879391,3.27191735897679e-114,7.01125148352169e-112
"gene_254",3.83049474209058,0.960411938206284,0.980012181843147
"gene_255",9.65886724934918,0.0208866714269228,0.0738915262744909
"gene_256",36.1151141571376,0.966001421450611,0.98370816848331
"gene_257",334.662927060251,0.278130097454333,0.45910456420723
"gene_258",133.590784145043,0.395293182713895,0.578477828361797
"gene_259",145.369635269789,0.412176211379683,0.593913849250264
"gene_260",212.472796889617,0.000993669687540578,0.00615976678938252
"gene_261",32.5854536418181,0.780616790422149,0.880394876415958
"gene_262",483.136254229047,0.170581558672154,0.338903758951299
"gene_263",199.134595971431,0.558619249873799,0.717744608112291
"gene_264",461.855746966038,0.224482254930506,0.398489209935809
"gene_265",36.5301924513859,0.656535058544177,0.803235139641347
"gene_266",16.579688697847,0.123402081989312,0.270141201471776
"gene_267",24.9892393948109,0.749609747494274,0.860301929029388
"gene_268",2424.76235957896,0.129182538452489,0.27881123407012
"gene_269",33.481969145266,0.735934616735983,0.855075077539872
"gene_270",29.8876209148437,0.000530184045068071,0.00368183364630605
"gene_271",11.4812460284392,0.469437876241381,0.647056341211241
"gene_272",5.4322488777084,0.604653345691756,0.757078479580663
"gene_273",116.178686514338,0.0148167594311956,0.056124088754529
"gene_274",41.7094687835062,0.157676810704519,0.320047653662758
"gene_275",499.167299245533,6.47731045733857e-11,1.06768853692394e-09
"gene_276",1372.56229024017,0.000665965697885278,0.00445959172691034
"gene_277",4.63218050894144,0.0084856695481813,0.0359562268990733
"gene_278",1176.16491726075,0.00487840227290702,0.0226551189144289
"gene_279",9.27458351753967,0.202280796077393,0.370930555154144
"gene_280",333.841673476681,0.106279318687206,0.243759905245885
"gene_281",345.965720462498,0.261827581404137,0.440367380198903
"gene_282",99.3047466103731,0.0193110405504502,0.0697989417486153
"gene_283",46.2904714089061,0.812176692601776,0.902418547335307
"gene_284",7.13512076850377,0.0808341285614116,0.202085321403529
"gene_285",363.026649209068,0.83229262352357,0.916950363270903
"gene_286",4923.13330308379,0.0641190925507329,0.170227679338229
"gene_287",65.243377774641,0.140199527405708,0.291677241482056
"gene_288",1312.96524683805,5.37764594992991e-08,7.75622012009122e-07
"gene_289",8.55010287976307,0.292677441354091,0.475640478906973
"gene_290",56.6721005254104,0.861436563986987,0.928272159468736
"gene_291",256.106292875965,0.0470383754989562,0.135167745686656
"gene_292",6.2402732713252,0.549672197124509,0.710783013523072
"gene_293",333.616067637446,0.5445693075085,0.707232866894156
"gene_294",620.285453533517,0.783762605404654,0.881823210328577
"gene_295",48.866194484337,0.012857339410841,0.0505509247797323
"gene_296",290.156585822123,0.704285406091855,0.835121034891527
"gene_297",33.6657692071966,0.0211841606857271,0.0739966117967536
"gene_298",114.111088338765,1.71085707043026e-58,9.87032925248225e-57
"gene_299",42.2836595606643,0.116291628025812,0.260743560595991
"gene_300",2960.45260055875,0.386934918196284,0.569021938523947
"gene_301",70.3818996692678,0.115374110838591,0.259462018377641
"gene_302",20.9377868012077,0.424140763178965,0.603043739117012
"gene_303",138.076723592987,0.0853352192065273,0.209907251510265
"gene_304",51.086663924702,0.879169045294122,0.938614639104044
"gene_305",48.3227611326412,0.0167559031065185,0.06252202651686
"gene_306",92.8242746763273,0.225959785040087,0.398752561835448
"gene_307",253.578903151991,0.142645938532476,0.295833553620088
"gene_308",21.8662461964065,0.245496496387645,0.421286607816494
"gene_309",741.347942335525,0.703569030602235,0.835121034891527
"gene_310",2578.96563022849,0.00137220791558088,0.00782628088734341
"gene_311",24.5453324107878,0.852552159959913,0.923957214785194
"gene_312",445.888482469372,0.856342860092214,0.924776306795048
"gene_313",173.497044090913,0.00264132964750674,0.0133407478122481
"gene_314",114.79276630476,0.0139822384622964,0.0540550456016615
"gene_315",6297.23135070678,0.000860832386757472,0.00551815632536841
"gene_316",242.12307510619,0.0362100326824171,0.111529874791839
"gene_317",19.8943470073583,0.728306560444091,0.850744894576073
"gene_318",702.797255319924,0.908514489896827,0.951335788776158
"gene_319",45.0807290717877,0.334407913059728,0.512371674759543
"gene_320",404.315289877018,0.725677044817959,0.849738928358266
"gene_321",16.6504197521673,0.902433851689489,0.948827712788012
"gene_322",29.7553566860973,0.546961962876259,0.709725730375769
"gene_323",172.13026757147,0.746020090520927,0.859214019557636
"gene_324",235.290922904931,0.138190903860736,0.290921458414412
"gene_325",7.10258245380226,0.750685849973896,0.860324432081136
"gene_326",64.5847343668836,0.469824188866827,0.647056341211241
"gene_327",418.981038875274,0.160283521753434,0.323152261599666
"gene_328",159.82640359451,1.70925650318225e-07,2.35218784841594e-06
"gene_329",440.866597445974,0.643436944575027,0.793061147791734
"gene_330",441.574917917057,0.0047485151858326,0.0221893232982832
"gene_331",919.975533876505,1.40589972296884e-86,1.17158310247404e-84
"gene_332",862.082098586684,0.0273895568733874,0.0902952424397385
"gene_333",11.1021957909448,0.48087996668824,0.658739680394849
"gene_334",58.1460974866668,0.706083534651999,0.83659186570142
"gene_335",4608.23546846489,0.000621186293418391,0.00421619656166329
"gene_336",681.796318347002,0.196981586282683,0.365370941736562
"gene_337",11.0781738618315,0.325434999017999,0.504144076074864
"gene_338",4.51584904030488,0.476963909723826,0.653972453917495
"gene_339",1666.8688497127,0.124284480233472,0.270575791509736
"gene_340",3864.09783780454,0.0019375588022004,0.0103797792975021
"gene_341",17.5562089044805,0.245750521226288,0.421286607816494
"gene_342",56.9948631312826,0.931608406067532,0.965730897789425
"gene_343",18.0172114344597,0.846812344080891,0.921936039475695
"gene_344",195.540379476272,2.84099293458752e-05,0.0002714324459797
"gene_345",325.629634965302,0.742208689534093,0.857208613264602
"gene_346",29.2701565614214,0.0816474102218108,0.203103010502017
"gene_347",4247.91544799801,0.60140006316992,0.754264293273311
"gene_348",1294.05981583012,0.000813998365301911,0.00530868499109942
"gene_349",130.229120308952,0.413978668980642,0.595367213299102
"gene_350",907.446787339973,0.00400036983194713,0.0188696690186185
"gene_351",287.216123604962,0.686005274749837,0.823206329699804
"gene_352",838.041258107486,0.00123898992248611,0.00723145869155314
"gene_353",5.14431582501759,0.506865851498417,0.680661394133953
"gene_354",71.2256431174948,0.404900538272204,0.586812374307543
"gene_355",1831.45010621972,0.000551291041741635,0.00381076756964264
"gene_356",322.948303226288,0.017548192639934,0.064833224039165
"gene_357",56.6502376746242,0.760591978812412,0.866277880196369
"gene_358",57.8199008555865,0.657416559024309,0.803235139641347
"gene_359",709.344233964895,0.0898248884508294,0.215925212622186
"gene_360",2798.70652379692,5.87280983411807e-26,1.54547627213633e-24
"gene_361",83.6533156294774,0.535342013319468,0.7014214445967
"gene_362",4.50789918086069,0.537435540666981,0.702836365301196
"gene_363",533.799249954137,0.713463151958723,0.842010014113364
"gene_364",167.847481618725,0.190092427297751,0.357442047811655
"gene_365",140.947915473997,0.383064343637794,0.564718143379261
"gene_366",55.2311649847407,0.0748780712454279,0.191326924599079
"gene_367",131.924453295108,1.43485010369044e-21,3.16511052284655e-20
"gene_368",600.012882542834,7.96583321394407e-24,1.95881144605182e-22
"gene_369",129.139920583861,6.26416942623095e-29,1.95755294569717e-27
"gene_370",52.2047524236237,0.489028336208157,0.665043068279452
"gene_371",4.23581058521761,0.0840649383469085,0.208081530561655
"gene_372",144.818215678444,0.0114971804378109,0.0467365058447598
"gene_373",6.51700131489714,0.237997927143585,0.412236594359558
"gene_374",23.9806278135309,0.623349823375718,0.77448122663741
"gene_375",4.21467321893592,0.283231424987579,0.465841159519045
"gene_376",843.694580034992,0.00173021963741323,0.00947200531430598
"gene_377",17.986385614522,0.327674636280455,0.505151032292583
"gene_378",381.151301142878,0.000618652348769372,0.00421619656166329
"gene_379",41.1246529120875,0.143795673338787,0.297098498633858
"gene_380",1019.94030634137,0.874033382052054,0.935765835403508
"gene_381",4686.38517109288,0.870995877137862,0.933876923307215
"gene_382",26.2480640326775,0.657683440543973,0.803235139641347
"gene_383",5536.95550736042,7.15116818014633e-07,9.01407753799957e-06
"gene_384",4.89701434425546,0.497671461000567,0.67136430609283
"gene_385",2031.59201211238,0.0370110902914047,0.113299255994096
"gene_386",9.22314360140266,0.331556557807495,0.509564381876272
"gene_387",63.3245318097578,0.176266356005505,0.344837826544399
"gene_388",738.205736768963,0.555254887953195,0.715534649424221
"gene_389",181.743823536834,0.0141765390316466,0.0546653176027504
"gene_390",17.3506568310026,0.552225423217423,0.712900022476711
"gene_391",193.90986579384,0.950073200381284,0.975140190383151
"gene_392",27.137444923266,0.660040933044807,0.803621265882476
"gene_393",642.682391542724,5.01082649417078e-74,3.57916178155056e-72
"gene_394",10.7265512076159,0.467790781684067,0.646715366383503
"gene_395",90.4032260353639,0.29216269989304,0.475640478906973
"gene_396",2283.09514736747,2.50236576628398e-169,3.75354864942597e-166
"gene_397",21.553436421027,0.978064824303461,0.990612583696956
"gene_398",472.812560344298,0.180043271142449,0.347573882514381
"gene_399",5.16779370814694,0.544189537563991,0.707232866894156
"gene_400",48.9167436407253,0.486431194705719,0.662712799326593
"gene_401",28.2766046578917,0.759128824690338,0.865766735310912
"gene_402",33.2700340701531,0.724764936126033,0.849333909522695
"gene_403",8.5498038003259,0.234576048600498,0.409144270814822
"gene_404",58.5078106353537,2.61207654550504e-06,2.96826880171027e-05
"gene_405",332.274790210158,8.68779708205156e-06,8.98737629177748e-05
"gene_406",81.2948400876023,0.0792648628738516,0.199492104548284
"gene_407",400.797449030194,0.235772808683004,0.410754022095826
"gene_408",651.777589355443,0.112793255331086,0.25442087668666
"gene_409",305.861838303004,3.62358866902441e-05,0.000333459079971572
"gene_410",657.368378504967,4.04355080128465e-18,8.19638675936078e-17
"gene_411",7.65723101738954,0.900702581209135,0.948827712788012
"gene_412",10.8588789898438,0.941764751658285,0.972994183744388
"gene_413",2166.74799869239,0.534696024228122,0.7014214445967
"gene_414",294.063718711018,0.331382423802536,0.509564381876272
"gene_415",789.410238597657,0.0286835140714225,0.0931731982883301
"gene_416",2321.59547125867,0.349153390291809,0.529020288320923
"gene_417",147.370228443427,0.346536971502128,0.525990007370559
"gene_418",404.213939975461,0.548371208560784,0.710325399690134
"gene_419",5281.35716686631,0.303992289157684,0.483550831109784
"gene_420",117.311307816907,0.0120868765811015,0.0483475063244059
"gene_421",125.278942554529,0.949776283790226,0.975140190383151
"gene_422",83.3441383800433,0.0176893518619691,0.0650343818454748
"gene_423",143.232825222205,0.205305992837545,0.374595419515911
"gene_424",123.159744021804,0.108683715428568,0.247383267288091
"gene_425",5.00481395336252,0.575900112253019,0.730837705904846
"gene_426",8.69563553596504,0.203197769880851,0.372157087693867
"gene_427",115.022312089611,0.000487279511150658,0.00341551059217751
"gene_428",923.101449041515,0.021964138273957,0.0760882388243313
"gene_429",53.1486469529948,0.0948868941584645,0.224495806368607
"gene_430",3239.12175458108,9.79865791704976e-05,0.000812043473788654
"gene_431",3676.65740582321,0.00021210943864031,0.00161642300981207
"gene_432",441.951170854342,3.22267555290764e-25,8.19324293112111e-24
"gene_433",114.68083099175,0.696326835415923,0.828960518352289
"gene_434",382.260100731375,0.58883429619267,0.742202271192809
"gene_435",5331.4763450197,0.106245799382592,0.243759905245885
"gene_436",8.56422372276362,0.569905925066948,0.725686661800019
"gene_437",4.61905451103844,0.839176282691882,0.920149432776187
"gene_438",11.9404011083743,0.614596152245103,0.764520561713373
"gene_439",139.977015338448,0.209935627167586,0.378620066553664
"gene_440",8.29310548742601,0.853887919255008,0.923957214785194
"gene_441",7.23727101855378,0.055060431833864,0.152381268912908
"gene_442",71.5925471320023,0.0149626314415214,0.0565338719452949
"gene_443",2618.51614615059,1.39340423628195e-06,1.69927345888043e-05
"gene_444",74.1072335531048,0.13872224787176,0.290921458414412
"gene_445",11.8639028803114,0.997535304502358,0.998449375431762
"gene_446",75.8292648458767,0.0622314364520967,0.16639772879629
"gene_447",466.617933304693,7.93451431680073e-07,9.91814289600091e-06
"gene_448",33.9782144886456,0.532771652975894,0.699787635257304
"gene_449",16.6878372783427,0.00855773086899828,0.0361378983587516
"gene_450",226.587147530894,3.0016462230085e-19,6.43209904930393e-18
"gene_451",90.5044489062795,0.380963082259646,0.562445495462076
"gene_452",978.512103417519,0.118046851518487,0.262071466542189
"gene_453",5.20708504571675,0.955450034278005,0.976942775335383
"gene_454",2488.71130590791,0.181674957859826,0.34803631773913
"gene_455",4391.65574967771,0.000286205140876319,0.00206397938131961
"gene_456",5.80741862666199,0.521941489232347,0.692842684821699
"gene_457",570.884358844466,0.0018901971154292,0.0101623500829527
"gene_458",93.4633061303019,0.703830601634859,0.835121034891527
"gene_459",432.522214142271,0.205860491309589,0.374746040005319
"gene_460",55.2083215014201,0.00139177354109072,0.00786710002409038
"gene_461",66.5202464162314,0.0283288112227247,0.0925778144533487
"gene_462",9.32608162195988,0.488599069655428,0.665043068279452
"gene_463",7.74413153226824,0.376660631369255,0.559951384592549
"gene_464",270.411058722665,0.984630910446066,0.995246877135511
"gene_465",16.4137486592577,0.000101334728302568,0.000826098328553546
"gene_466",1566.08844681178,0.830686833033726,0.916198712904845
"gene_467",1442.87984372501,0.00719655692074961,0.0311090356804738
"gene_468",14.2225801098469,0.0781435090638191,0.197998756073866
"gene_469",4307.1546182733,1.2246827711555e-11,2.06407208621713e-10
"gene_470",5.33874160933825,0.00143971866939383,0.00808830713142602
"gene_471",247.281813042678,0.435736257918896,0.61407541313309
"gene_472",817.305546683257,0.0264413663348234,0.0879424600936477
"gene_473",152.339794317182,0.625743565974804,0.776356781606457
"gene_474",122.384175158089,0.134766571403577,0.287553139552441
"gene_475",10.968374460943,0.0598572951272314,0.161776473316842
"gene_476",32.8481392573511,0.00697687465232667,0.0303342376188116
"gene_477",36.1358373223468,0.299269962008808,0.481141418020592
"gene_478",137.863804171601,3.19626473010568e-05,0.00029824959316249
"gene_479",54.4216645035475,0.00836717437508294,0.0355545653332136
"gene_480",45.7619368416913,0.18903342221231,0.357442047811655
"gene_481",2178.9027196781,2.31071621718456e-07,3.04041607524285e-06
"gene_482",303.267735352412,0.000185087432449824,0.0014310883952306
"gene_483",18.599629074092,0.124239288499326,0.270575791509736
"gene_484",1100.95870723541,0.795654156459037,0.888668082418879
"gene_485",254.810818109571,0.00934718314815188,0.0390550827917209
"gene_486",737.164202709902,0.00335626282017866,0.0162402040205643
"gene_487",39.7108671823338,0.614499914622197,0.764520561713373
"gene_488",78.8415374513929,0.20521887941085,0.374595419515911
"gene_489",325.682177827704,6.55355879066372e-06,6.97187105389757e-05
"gene_490",171.010829600391,0.00112216065737733,0.00672831382432498
"gene_491",141.902438058142,0.26019156261031,0.439792655613182
"gene_492",43.1213097771333,0.0579862534357132,0.158389781866263
"gene_493",44.4154722717857,0.915535782385744,0.957001361706456
"gene_494",107.243257135697,0.0601438851646052,0.161967374770032
"gene_495",79.7804866752644,0.0883982524289052,0.214212243365683
"gene_496",5684.09418166786,0.153304026442799,0.312865360087345
"gene_497",26.5325966318384,0.310071988942262,0.490620235668136
"gene_498",73.1149009436705,0.136498762304831,0.289601334451552
"gene_499",898.758573897717,0.482759306599666,0.660108441111667
"gene_500",5530.39895501571,0.0012995400506602,0.0075262937296923
"gene_501",5.10478821705686,0.302305010157452,0.48291535168922
"gene_502",219.451548779629,3.2924962310258e-19,6.95597795287141e-18
"gene_503",326.422364778717,0.35785306196234,0.537855303550611
"gene_504",190.18555197009,0.776000354078529,0.876506424034483
"gene_505",267.993632770792,0.657552357719439,0.803235139641347
"gene_506",1976.77062987011,0.753276048032382,0.86187190850387
"gene_507",2197.28553941571,0.239667058691513,0.414171184374734
"gene_508",35.323345247223,0.0274503618658269,0.0902972429796937
"gene_509",5.44572898041984,0.100218668564175,0.233791606292787
"gene_510",3633.95242886521,6.52043237563302e-38,2.44516214086238e-36
"gene_511",463.824695669897,0.000235552329338409,0.00171518686411463
"gene_512",454.918961020684,0.691968462619766,0.826395456950358
"gene_513",66.2002061572808,0.0189290172073731,0.0689163247841255
"gene_514",5442.66317418399,0.000225825101611431,0.00166047868831935
"gene_515",4739.63495153014,0.896657942370282,0.947173882785509
"gene_516",1672.65540075235,0.23829779357294,0.412279919676367
"gene_517",237.772750153892,0.285532587185746,0.468086208501223
"gene_518",787.449682131024,0.0814271098018779,0.202891469606008
"gene_519",62.4570462298703,0.301296505277532,0.482817449415967
"gene_520",670.225216482708,0.139020982515048,0.290921458414412
"gene_521",138.847025654992,0.00748736485679148,0.0321806512469548
"gene_522",118.009568470662,0.73162533293791,0.852051180330241
"gene_523",71.0189566037391,0.422244017849404,0.600987302691564
"gene_524",671.272126193312,0.543549921857212,0.707232866894156
"gene_525",741.831037507746,1.62055358610862e-107,2.20984579923903e-105
"gene_526",17.3621105832828,0.0416020560336187,0.124806168100856
"gene_527",121.881052371207,0.504673514134141,0.678932978655795
"gene_528",222.533252316801,0.0651447948091635,0.171734959953858
"gene_529",340.465636404268,0.0980856094523839,0.230247909512638
"gene_530",76.2682505284737,0.0584387383715926,0.159089124423573
"gene_531",17.9195564734233,1.08955704267723e-06,1.33961931476709e-05
"gene_532",266.368564046614,0.000462368592070183,0.00325611684556467
"gene_533",4.49451994023891,0.857709994634199,0.924920914415024
"gene_534",10.4002694464595,0.00943677303537995,0.0393198876474165
"gene_535",312.204431974433,0.00623894475492878,0.0276059502430477
"gene_536",294.988521512517,0.138100227213365,0.290921458414412
"gene_537",36.0587026605158,0.0108551390354265,0.0448559464273821
"gene_538",3128.52490146941,0.168436464213316,0.3359769897872
"gene_539",18.2660606208188,0.0109395070181804,0.0450803860639303
"gene_540",102.923913908678,0.0616748536888671,0.165496029576566
"gene_541",1343.95555307295,0.000410251837754495,0.00291648225891821
"gene_542",41.681634287843,3.43826871942303e-40,1.35721133661435e-38
"gene_543",47.6745258851449,2.45709276425704e-08,3.64914766968868e-07
"gene_544",3055.55719822826,0.399141771316197,0.582972402117133
"gene_545",1518.89659693892,0.209693920845766,0.378620066553664
"gene_546",52.7888740090393,2.7565190462714e-45,1.25296320285064e-43
"gene_547",3806.85115643547,2.1017870030099e-07,2.78998274735828e-06
"gene_548",1095.31889318754,0.252643846604678,0.43015410886154
"gene_549",3.93193157908384,0.0371275322802633,0.113424233035427
"gene_550",262.048569902306,0.434201121486543,0.61344828601844
"gene_551",8.26856113997033,0.216286522326378,0.388111016356427
"gene_552",77.15350267855,0.646904874230759,0.795374845365687
"gene_553",185.424818905838,0.418193488637833,0.597419269482619
"gene_554",772.824140959063,0.969569975217871,0.985335340668568
"gene_555",500.997577674687,0.00570962609215407,0.0259481765031488
"gene_556",2064.73281313424,0.514813124732577,0.686822324096853
"gene_557",3835.76496554175,0.00227918685750674,0.011995720302667
"gene_558",1288.65003169786,0.457972661943838,0.637844933069412
"gene_559",105.767901848871,0.544542397746738,0.707232866894156
"gene_560",99.6729467642306,1.25219587000883e-51,6.26097935004413e-50
"gene_561",542.182204222631,0.1901591694358,0.357442047811655
"gene_562",1551.19806331017,0.167809683690805,0.335172470753938
"gene_563",293.146671411832,0.173244917693202,0.341969880012876
"gene_564",38.1787951892966,0.058076253350963,0.158389781866263
"gene_565",4231.85782654894,4.87443800284729e-11,8.12406333807881e-10
"gene_566",73.9218084519178,0.081398137829366,0.202891469606008
"gene_567",1208.3502323148,0.315031735892072,0.494814244856657
"gene_568",3088.10103014458,0.0889811198261298,0.214584694114461
"gene_569",85.8555778215143,0.807770694181767,0.898854630024222
"gene_570",279.682327018088,0.87750877649963,0.937509376602169
"gene_571",1793.837102248,1.07518290870043e-06,1.33287137442202e-05
"gene_572",177.947352918559,5.07876525799029e-05,0.000450777981478428
"gene_573",337.769278385405,0.00892062407583709,0.0374816137640214
"gene_574",5483.71527224893,7.89474329749012e-06,8.22369093488554e-05
"gene_575",25.0009038457989,0.199115285614235,0.36737137567202
"gene_576",169.340129530789,0.0456359636598299,0.132406084119429
"gene_577",10.6126379654228,0.124237746455158,0.270575791509736
"gene_578",46.2356539010298,0.112743818819151,0.25442087668666
"gene_579",45.6655409446351,0.0353824305123696,0.109430197460937
"gene_580",7.59081278901628,0.73704430510123,0.855560609380899
"gene_581",865.400308738474,0.00450567885151573,0.02112036961648
"gene_582",783.581526263191,0.191846758845147,0.360162876430188
"gene_583",26.4838597264238,0.306578485801816,0.486852187794574
"gene_584",5206.09213434746,0.0308853483908104,0.098360982136339
"gene_585",600.809027950872,0.549290741312501,0.710783013523072
"gene_586",194.302866046609,0.00364603052840224,0.0173620501352488
"gene_587",591.265703077515,0.288970991845543,0.472689735843309
"gene_588",1908.42757857372,0.00011461734646569,0.000919390479671311
"gene_589",4836.826775217,0.0119934057325209,0.0481508540270072
"gene_590",101.07791065771,0.000801160903809646,0.00524777884591471
"gene_591",111.368698849983,0.142788995213963,0.295833553620088
"gene_592",114.07555623895,0.0190772335477578,0.0692877731758757
"gene_593",206.637615555238,0.0789091755788049,0.198930694736483
"gene_594",5.60153789611362,0.320282735716419,0.499921023490768
"gene_595",510.703158015997,0.035078227940673,0.108938596089047
"gene_596",879.069866094051,0.987162424029497,0.995792626795054
"gene_597",336.642196834449,0.00219996390185793,0.0116195276506581
"gene_598",8.57607096390898,0.180571139335679,0.347697957642514
"gene_599",209.188571142083,0.0950789208626401,0.224587793611519
"gene_600",5073.52250996132,0.399997855586831,0.583087253042027
"gene_601",23.7163225011768,0.51511674307264,0.686822324096853
"gene_602",59.9611856957408,0.272363510831614,0.452580381584967
"gene_603",48.8524249470671,0.0515292890441572,0.144205099937007
"gene_604",66.6614657729959,0.159243658415289,0.321526042130215
"gene_605",859.676322588799,0.00368817407095022,0.0175071554000801
"gene_606",50.9423866641401,0.00433973181004269,0.0204062624296678
"gene_607",52.7345716806637,0.902077825812733,0.948827712788012
"gene_608",34.7819644907099,0.000115615622657512,0.000922465074395042
"gene_609",67.1601610583319,0.00108327722830427,0.00652576643556787
"gene_610",66.8206603980433,0.00236900192882649,0.0123102230818402
"gene_611",149.869767262871,0.556892009884947,0.716413391790241
"gene_612",319.990050082313,5.82308487657184e-06,6.23901951061269e-05
"gene_613",56.7475157256029,0.0486933495140735,0.139123855754496
"gene_614",4.16465556467226,0.284383365161012,0.466712306062929
"gene_615",430.172145101516,0.0414800404599505,0.124689500380613
"gene_616",51.0454467372524,0.00170345929291967,0.00935966644461358
"gene_617",100.575117070652,0.176327075306369,0.344837826544399
"gene_618",31.2312121377567,0.790859259629086,0.885115929698043
"gene_619",4994.60765548549,1.20888228000514e-05,0.000123355334694402
"gene_620",1888.75003965556,0.00241669263215722,0.0124534820461224
"gene_621",73.4422676299292,0.000216803314005791,0.00163387497520423
"gene_622",264.004148476553,0.413083062554432,0.594649322295248
"gene_623",31.7753442996953,0.717833656302256,0.843405705420527
"gene_624",3560.16838672649,0.0933459421762802,0.222230415861629
"gene_625",46.1940500494954,0.240686207731024,0.415453753275645
"gene_626",424.061497333176,6.71178967192402e-22,1.52540674361909e-20
"gene_627",140.121607249348,0.339370222054841,0.519444217430879
"gene_628",1222.93801374524,0.258085941806755,0.437433799672466
"gene_629",67.4145428813196,2.49408742662885e-07,3.25315751299415e-06
"gene_630",9.00630616793366,0.980441644177217,0.992349842284633
"gene_631",324.008423566962,0.410405660066204,0.591931240480102
"gene_632",508.28939930158,0.00335630883091663,0.0162402040205643
"gene_633",1312.46831737408,2.95356503166491e-06,3.28173892407213e-05
"gene_634",140.93036132224,0.405303433119624,0.586829295057371
"gene_635",24.463911453441,0.00706309528517834,0.0306203552825651
"gene_636",101.104940626676,6.77253556464049e-15,1.20938135082866e-13
"gene_637",837.683654878113,0.181398154585163,0.34803631773913
"gene_638",111.496376794906,0.0293006594098067,0.0941134670550536
"gene_639",3022.76978127597,0.159262566201833,0.321526042130215
"gene_640",3084.11200166044,0.0125974501270331,0.0501224806115374
"gene_641",1379.72827290169,7.88903618644125e-82,6.22818646297993e-80
"gene_642",4266.60120977525,0.219163376567851,0.391829636295323
"gene_643",107.357515531126,0.0328358887922925,0.103262495021861
"gene_644",3680.32976433465,0.0331985591336988,0.103962084969829
"gene_645",5.50867688051112,0.300024121580026,0.481837454357643
"gene_646",262.664017361093,0.000993775708687046,0.00615976678938252
"gene_647",23.0052725788136,0.886488265366209,0.942404250920846
"gene_648",314.10798978856,0.528474082789769,0.697809088190716
"gene_649",414.197377464864,0.0818304309109612,0.203221268818612
"gene_650",3264.13379325801,0.552259884078625,0.712900022476711
"gene_651",88.1349484528464,0.147610656307285,0.303725630261903
"gene_652",4535.70172288503,0.0591166765244072,0.160352648800381
"gene_653",33.8364602136629,0.121550484900847,0.267339776174883
"gene_654",5818.90110432506,0.0435329132611254,0.128179585274266
"gene_655",368.249642342796,0.241989379269082,0.417223067705315
"gene_656",432.575655828615,2.09540631596035e-06,2.45555427651604e-05
"gene_657",67.8815434955415,0.925187429755498,0.962555841617233
"gene_658",14.8946516392565,0.179531278767547,0.347573882514381
"gene_659",174.245452494685,0.000606388602520101,0.00415334659260343
"gene_660",44.3593224010201,0.772946186310758,0.876051863413282
"gene_661",178.380418060056,0.236640779040483,0.411310739931315
"gene_662",147.103261883468,0.950744951608701,0.975140190383151
"gene_663",4893.19527156137,0.0350578693123492,0.108938596089047
"gene_664",680.999970608012,4.79158194220596e-05,0.000430381611575386
"gene_665",29.5540471649037,0.20955565332589,0.378620066553664
"gene_666",38.9642560826609,0.740535633527639,0.857101427694026
"gene_667",815.939335968398,0.0199081560681023,0.0711005573860797
"gene_668",142.466064661541,0.998449375431762,0.998449375431762
"gene_669",547.508654403671,0.00237997646248911,0.0123102230818402
"gene_670",124.892853175113,0.0037356949758179,0.0176767901063939
"gene_671",17.2202540284181,0.893747796208324,0.94582429484951
"gene_672",52.3787015320326,0.0461149360729168,0.133537459670609
"gene_673",110.815597724835,0.0866879342520799,0.211184809247114
"gene_674",52.1889007987323,0.530862338041121,0.699255017414658
"gene_675",3.24250765235576,0.727050467176906,0.850254154704111
"gene_676",284.909112532334,0.0844355910934988,0.208396616980237
"gene_677",35.9949814510454,0.750776454396137,0.860324432081136
"gene_678",21.9321963719554,0.69573443275353,0.828960518352289
"gene_679",2279.81829761045,0.0226966789661106,0.0780849046999217
"gene_680",5130.21872103421,0.0600418203506219,0.161967374770032
"gene_681",2052.05977367644,0.000215735725023866,0.00163387497520423
"gene_682",1970.43372112082,0.0780343434032209,0.197998756073866
"gene_683",4556.28625521851,0.0694155504692036,0.180476912755056
"gene_684",263.182947714614,0.294661138926218,0.477136438335405
"gene_685",914.36779601953,0.128248466861752,0.277594084116346
"gene_686",358.915105007403,0.293548138665255,0.476024008646359
"gene_687",232.602856866718,0.470194274613502,0.647056341211241
"gene_688",1065.38677265587,0.144593810320335,0.298336610014446
"gene_689",2675.24768127835,0.193304800239086,0.36215956205876
"gene_690",449.564664490139,0.162988793764754,0.327286734467378
"gene_691",968.81613891752,0.0126410588032612,0.0501629317589732
"gene_692",93.8781412905756,0.0175348401387791,0.064833224039165
"gene_693",1056.68276562645,7.53876544336269e-32,2.69241622977239e-30
"gene_694",29.2619249861894,0.377891563846878,0.561054932565258
"gene_695",9.06272492108478,0.892092365456142,0.94582429484951
"gene_696",23.5902219962766,0.000629430311322735,0.0042529075089374
"gene_697",63.7426724535682,0.202114260343267,0.370930555154144
"gene_698",348.048576009024,0.00912564507721345,0.0382359430609502
"gene_699",24.5181964569303,0.903283982574187,0.948827712788012
"gene_700",14.5117739251813,0.0622327505698126,0.16639772879629
"gene_701",183.742698218997,5.77568632671561e-68,3.76675195220584e-66
"gene_702",124.460584220089,0.112556537530467,0.25442087668666
"gene_703",83.8332270708395,0.00341216363102386,0.0164573808570283
"gene_704",31.6032858941347,0.000993487625512183,0.00615976678938252
"gene_705",823.677992196498,1.06955050220094e-100,1.14594696664386e-98
"gene_706",1322.94627203289,0.256244169553324,0.434803455124419
"gene_707",1508.32831772951,0.718019390548009,0.843405705420527
"gene_708",57.1177481392552,0.719957044564285,0.845020005357142
"gene_709",1034.04577148245,0.194350632744419,0.362594464075408
"gene_710",3285.39796831927,0.00342336115000634,0.0164584670673382
"gene_711",184.839658313428,0.0464786256845592,0.133943147130326
"gene_712",4.16689807625053,0.589525166731134,0.742202271192809
"gene_713",74.1993325661457,0.125774561757657,0.272636108418614
"gene_714",27.332036652658,0.962271713910592,0.980575795425195
"gene_715",186.779737787021,0.917784239942906,0.958021127289047
"gene_716",11.7750813740519,0.237754442105695,0.412236594359558
"gene_717",81.5620627354275,0.791706174333561,0.885115929698043
"gene_718",421.212217175377,4.15328358383843e-31,1.44881985482736e-29
"gene_719",569.516668339409,0.0455365010763151,0.132373549640451
"gene_720",4.6441980182257,0.845967787782625,0.921936039475695
"gene_721",144.108779315983,1.62638805200846e-05,0.000162638805200846
"gene_722",572.488307586187,0.0316357995158063,0.100537498461249
"gene_723",959.064521865199,1.69111928545476e-26,4.78618665694743e-25
"gene_724",37.4149507785206,0.306910764442662,0.486852187794574
"gene_725",10.0217134200018,0.318703111523665,0.497973611755727
"gene_726",4.04604377165307,0.574588531275081,0.730049924144315
"gene_727",4.56710455376492,0.375395911014053,0.559179609256285
"gene_728",26.7632071821004,0.000217849996693897,0.00163387497520423
"gene_729",377.072028089551,2.92776925049763e-34,1.07113509164547e-32
"gene_730",14.4994768544257,0.164086811699206,0.328611772428316
"gene_731",59.4399358151333,0.902859195563151,0.948827712788012
"gene_732",444.584160602602,0.0151869273999301,0.0569509777497379
"gene_733",73.3699817883424,5.05485364741212e-19,1.05309450987752e-17
"gene_734",922.202156012774,0.00103025032517857,0.00635956990850972
"gene_735",1762.03256961882,0.0498266385280962,0.141285364446398
"gene_736",60.083169344622,4.01669393095979e-06,4.34286778048343e-05
"gene_737",154.763640834854,0.000304577671482029,0.00217555479630021
"gene_738",1616.73496120081,0.0212123620484027,0.0739966117967536
"gene_739",871.373654868687,3.62111755021471e-08,5.32517286796281e-07
"gene_740",97.454500271733,0.0867265616641482,0.211184809247114
"gene_741",188.129304859366,0.0860987469630258,0.210390958202729
"gene_742",11.2693604025051,0.666498632245519,0.808857563404756
"gene_743",23.3935785065999,0.117154500353796,0.261505581146865
"gene_744",442.181827739111,0.325122325896482,0.504144076074864
"gene_745",21.0210863711388,0.0912573875127812,0.218319108882252
"gene_746",104.477557084264,0.0921163834619923,0.220023208906033
"gene_747",1198.09888050183,0.954507931077576,0.976645222794246
"gene_748",792.049094032482,0.574792640276291,0.730049924144315
"gene_749",10.6790623332982,0.138844895639453,0.290921458414412
"gene_750",34.4741429083326,0.501868702229406,0.675765757041391
"gene_751",3350.02009255703,0.790375396488358,0.885115929698043
"gene_752",1369.25793610727,0.183779647239611,0.350278870215269
"gene_753",30.6033963045323,0.0234786124073137,0.0800407241158423
"gene_754",550.733607623888,0.1073894316215,0.244871033726051
"gene_755",167.534570815947,0.0727432455511351,0.187805281113085
"gene_756",145.016125490877,0.207826420805275,0.377866219645954
"gene_757",13.2588339593255,0.177699703582979,0.345713764377451
"gene_758",45.8498141801247,0.0747971860150269,0.191326924599079
"gene_759",149.949957974815,0.101618356908365,0.23559124476437
"gene_760",7.60190447380333,0.261458128625292,0.440367380198903
"gene_761",4586.08846572814,0.0795567015379013,0.199891209894224
"gene_762",165.607965208065,0.107416760127828,0.244871033726051
"gene_763",21.4760952527994,0.845144135050004,0.921936039475695
"gene_764",57.9163007876347,0.000958726414780901,0.00601711138983829
"gene_765",137.41114223922,0.113484384197341,0.255595459903922
"gene_766",50.654545682064,0.9676977985572,0.984099456159864
"gene_767",419.485507210873,0.0488215276047987,0.139157656616882
"gene_768",68.9133715316967,0.788275375728455,0.883716788933246
"gene_769",13.4966203534833,0.740462818432057,0.857101427694026
"gene_770",368.108698768301,0.481868094057581,0.65949100464085
"gene_771",185.572625026712,0.755762869210175,0.864058158395779
"gene_772",19.599432402452,0.854478115278872,0.923957214785194
"gene_773",152.140050784629,0.175078660583408,0.343826171383614
"gene_774",3.94752104686893,0.0016348380937645,0.00904891933817992
"gene_775",322.208777418348,0.0010599453571419,0.00641095982142278
"gene_776",834.399752084499,0.797460918254189,0.890023346265836
"gene_777",13894.2638999456,2.07461139174781e-109,3.11191708762171e-107
"gene_778",129.22755476212,0.0130514019665026,0.0509820389316509
"gene_779",10.6702418664837,0.00178753963631731,0.00971981358485822
"gene_780",412.830668128781,0.0145110237507901,0.0555268765974111
"gene_781",52.3156751262564,0.132043972383381,0.282651769685455
"gene_782",602.110097132005,5.00718931489201e-31,1.70699635734955e-29
"gene_783",157.66611555736,0.0128364206616443,0.0505509247797323
"gene_784",41.7243202116513,0.363674125082734,0.545511187624101
"gene_785",1629.01683962095,1.94232890168718e-06,2.29408925396123e-05
"gene_786",183.532636547468,0.0300379800178088,0.0958658936738578
"gene_787",27.8218866046226,0.468905153444446,0.647056341211241
"gene_788",6057.07292611357,0.000821044918719419,0.00533146051116506
"gene_789",22.2750693839059,0.775633805766446,0.876506424034483
"gene_790",27.3908740656442,0.687885082134958,0.823453078757919
"gene_791",19.6847328804384,0.36680494955511,0.548561739115319
"gene_792",83.508546321227,0.00305302485065886,0.0150642673552246
"gene_793",21.2282392192837,0.341557064931067,0.52225850906891
"gene_794",491.436061337212,0.0021764233336638,0.0115358127225997
"gene_795",593.560330608398,0.150680633409189,0.309617739881896
"gene_796",838.124980649168,0.0120056129374005,0.0481508540270072
"gene_797",819.793461761826,0.881469915906372,0.939733385827689
"gene_798",1019.46622553714,0.139402501251841,0.290921458414412
"gene_799",118.507000887706,0.249553041557957,0.427316851982804
"gene_800",5979.80700755174,0.10461033362021,0.241037635069608
"gene_801",222.72086334825,0.0201770417405641,0.0718896974129361
"gene_802",223.34070542717,2.74178373765009e-06,3.09223729810161e-05
"gene_803",5.52764908301565,0.671902219369533,0.811040766435909
"gene_804",10.5253658255033,0.0115402802647204,0.0467849199921097
"gene_805",74.1290774270869,0.0993065282758991,0.23235370134817
"gene_806",146.297069341403,0.172075943528246,0.340969505009734
"gene_807",35.2666870035727,0.0441643715179126,0.129135589233663
"gene_808",126.601642296118,0.236438321914455,0.411310739931315
"gene_809",4090.56528817796,0.0502298086831775,0.14189211492423
"gene_810",8.7496598872067,0.31061903034136,0.49096790886411
"gene_811",1693.11779393886,0.433895392449655,0.61344828601844
"gene_812",5427.83018186089,0.869179326222479,0.93259584358635
"gene_813",23.9447913129319,0.806238487550538,0.898482712723482
"gene_814",64.3925943652466,0.131172913354505,0.282294648539107
"gene_815",75.2027158092212,0.8446677732407,0.921936039475695
"gene_816",301.249095324598,0.0168063848480207,0.062554782312732
"gene_817",278.974595955602,1.96536920223428e-05,0.000192683255121008
"gene_818",4307.93967312533,0.102775571350657,0.237906415163557
"gene_819",80.4013690399461,0.155936359149873,0.31694381941031
"gene_820",3527.40256649513,0.0232937323012122,0.0795913404369438
"gene_821",22.9996901796754,0.331955168552679,0.509654813540448
"gene_822",10.2284270594485,0.0945669250842259,0.22409223953608
"gene_823",110.982737322324,0.106953260292382,0.244557759814899
"gene_824",194.55927453561,0.476351922022577,0.653730908539675
"gene_825",47.8072379319069,0.0556917973744776,0.153844744128391
"gene_826",309.759695734958,0.747122649159229,0.85942022525985
"gene_827",131.598506865173,0.190060160183078,0.357442047811655
"gene_828",62.573471524834,0.0927073070862391,0.221082608313766
"gene_829",3608.11753271003,0.703110272438576,0.835121034891527
"gene_830",1022.2614549114,1.19419260322916e-163,8.95644452421873e-161
"gene_831",45.2115267282561,0.198654818010292,0.366973185979603
"gene_832",848.061638079732,0.000584660947599888,0.0040228964284396
"gene_833",175.083272137194,1.52128071079563e-29,4.96069796998577e-28
"gene_834",61.6184897995339,0.0275260351161518,0.0903480364862752
"gene_835",23.224663100496,0.0208602443762431,0.0738915262744909
"gene_836",111.459232180838,0.404071759645678,0.586469761862805
"gene_837",110.930447696924,0.656974284184477,0.803235139641347
"gene_838",591.608673317367,0.0085767278771437,0.0361378983587516
"gene_839",203.693406411232,0.216307206449315,0.388111016356427
"gene_840",45.5330996063963,0.0134113753736615,0.0521167436800319
"gene_841",5915.36345951527,2.12448745037996e-08,3.21892037936357e-07
"gene_842",1699.91965348658,0.697387781483381,0.829565164333918
"gene_843",4465.10225974344,0.679025933794746,0.816791419961603
"gene_844",69.772335608228,0.566045299930704,0.722611021188133
"gene_845",86.3842200966997,0.271201278141372,0.452220154977056
"gene_846",106.882163311751,0.0434178783315998,0.128179585274266
"gene_847",371.541899690103,0.538331154642848,0.703394365822536
"gene_848",17.5397093988477,0.131618480570226,0.282443091352416
"gene_849",3.22489369817779,0.943155695442893,0.972994183744388
"gene_850",517.492485311159,0.837121428150033,0.918567770464557
"gene_851",89.670660250117,0.002541869064526,0.0129687197169694
"gene_852",4392.51931367589,0.232410242750689,0.406785722434111
"gene_853",125.196063189971,6.57496889174936e-57,3.52230476343715e-55
"gene_854",46.8287785936833,0.562562088915532,0.719388860505795
"gene_855",797.363819311751,5.35076061326477e-05,0.000472125936464539
"gene_856",200.469226982864,0.467603048158399,0.646715366383503
"gene_857",4259.80334796725,0.132092593699669,0.282651769685455
"gene_858",5271.43154565381,0.00136374056079048,0.00780767496635771
"gene_859",318.314127155425,0.354972138823074,0.534596594613063
"gene_860",861.544707864247,2.20890861949569e-126,5.52227154873922e-124
"gene_861",160.06823626239,0.759528944551852,0.865766735310912
"gene_862",19.0304805552455,0.000416803730281526,0.00294908299727495
"gene_863",853.763575392195,3.92744188774271e-06,4.30011885519275e-05
"gene_864",45.5721192528748,0.180823690390858,0.347737866136266
"gene_865",313.636173077812,3.48774261123094e-05,0.000322939130669532
"gene_866",154.767382606248,0.404273155844094,0.586469761862805
"gene_867",192.358873173721,0.013680370319221,0.0530246911597714
"gene_868",240.524812764336,0.880970168531032,0.939733385827689
"gene_869",3961.31631452138,0.223410758254815,0.397528039599314
"gene_870",51.5201521052858,0.715586200553931,0.842781289599971
"gene_871",197.739502430056,0.722320613957784,0.847131290802718
"gene_872",209.812816368553,2.33800414099323e-43,1.00200177471139e-41
"gene_873",1244.94823805666,4.05242110151462e-05,0.000370648271479996
"gene_874",8.90221328550948,0.925978719635778,0.962555841617233
"gene_875",5.73312774702178,0.944224727068846,0.973427553679223
"gene_876",168.027864534102,0.0319015755542105,0.101167787169801
"gene_877",54.262049718745,0.85062291163554,0.923957214785194
"gene_878",43.7411423205364,0.623715547851994,0.77448122663741
"gene_879",861.603457864587,0.00237513586381166,0.0123102230818402
"gene_880",264.854213181849,0.882481838172833,0.940144003735263
"gene_881",68.3984152127811,0.00477534690070256,0.0222454048169374
"gene_882",5578.9469463252,0.136706203516006,0.289631787110182
"gene_883",184.55252529075,0.510673738152156,0.683327927946685
"gene_884",137.563148611224,0.176769703435229,0.34492143137283
"gene_885",1077.25304565948,0.251129919165372,0.428642627804454
"gene_886",3952.14303648151,0.87737268173597,0.937509376602169
"gene_887",5.04791282779176,0.773641605177192,0.876051863413282
"gene_888",1317.75096772816,2.69753220415198e-05,0.000259378096553075
"gene_889",35.5580752516,2.8414175134429e-06,3.1806912463913e-05
"gene_890",658.819017473061,0.00067341200285384,0.00448941335235893
"gene_891",134.874163197919,7.90971111234045e-51,3.82727957048731e-49
"gene_892",5.94209267923152,0.276236233716014,0.45684051882472
"gene_893",15.9955731427563,0.026793118122648,0.0887189341809536
"gene_894",96.559678999065,0.0329050225086956,0.103262495021861
"gene_895",813.745232462812,0.920056697121659,0.959725344702704
"gene_896",1488.96289513175,1.6136966878462e-24,4.0342417196155e-23
"gene_897",48.5879399916807,0.990272519999052,0.996918644294348
"gene_898",936.624617288109,0.198278314765804,0.366729312143904
"gene_899",4873.15853028309,0.311555493040915,0.49149773377381
"gene_900",17.6413128970002,0.523151662656443,0.693222167830976
"gene_901",10.8823948971358,0.773845812681732,0.876051863413282
"gene_902",5989.39017760926,0.00596104360126235,0.0266912400056523
"gene_903",2254.13159368485,0.103153063831437,0.23812594168931
"gene_904",6.60529832235813,0.991614147092621,0.99739141642504
"gene_905",227.527528026806,0.568185832938056,0.724111087006869
"gene_906",122.675342661049,0.138707906016563,0.290921458414412
"gene_907",15.1798532096693,0.985769065844263,0.995457644686013
"gene_908",2243.89894288698,0.97182707257219,0.986292698821574
"gene_909",2244.56735294867,0.297593031388224,0.479473197725388
"gene_910",6.52119865933619,0.311609563212595,0.49149773377381
"gene_911",186.596521949256,0.00769139500189987,0.0329631214367137
"gene_912",490.69234112707,0.00587393315393933,0.0263799393140988
"gene_913",154.815320937077,8.07516461624217e-05,0.000684335984427302
"gene_914",9.40443751099342,0.35052690731273,0.530565450019269
"gene_915",4.70232791592269,0.100666714107255,0.234108637458733
"gene_916",123.084082066395,0.0353364854658129,0.109430197460937
"gene_917",5.78647969708005,0.139523174097966,0.290921458414412
"gene_918",88.3136208452294,0.325677073144362,0.504144076074864
"gene_919",16.7305052259746,0.173555918935469,0.342094452566628
"gene_920",332.7845750617,0.996141659268734,0.998137935139012
"gene_921",28.6207485596887,0.560911712628623,0.718503474759124
"gene_922",48.671009897137,0.559423798031868,0.717823521854407
"gene_923",65.8092353411773,0.000872572344544031,0.00556961070985552
"gene_924",390.506946524262,4.39268910138537e-17,8.66978112115534e-16
"gene_925",5.35485491583888,0.577045355707982,0.731660060881202
"gene_926",35.5545073227923,0.906791236996241,0.950514923476144
"gene_927",120.63876014926,0.0488907233580647,0.139157656616882
"gene_928",75.1447423521882,0.0895052512201949,0.215502210000469
"gene_929",6.49278582107329,0.431082254600637,0.611175219188049
"gene_930",385.154733337534,0.105695574809638,0.243164665973094
"gene_931",6.45587290265866,0.677367054520696,0.815449905121223
"gene_932",1108.98409769247,7.10053907666425e-06,7.50056944718055e-05
"gene_933",193.614560319408,0.00503276616624821,0.0232281515365302
"gene_934",251.23494477473,0.0104689167862214,0.0433794894456688
"gene_935",127.971771851006,0.874629134157145,0.935765835403508
"gene_936",2183.63370695066,0.0944021228365404,0.224055671289257
"gene_937",1364.27852046789,0.078703973374337,0.198747407510952
"gene_938",361.356382335565,0.0379564470848876,0.115486147317102
"gene_939",413.76407385735,1.86914824993063e-05,0.00018567697846993
"gene_940",7.91624047130981,0.471650345548877,0.64787135377593
"gene_941",186.375477995382,0.41736837979408,0.59680893202204
"gene_942",383.854472015756,0.0907526726695457,0.21780641440691
"gene_943",267.200853526403,0.0575059211723852,0.158273177538675
"gene_944",6.75602736715901,0.185260045493174,0.352652370862642
"gene_945",2275.91825494034,0.000747947602465586,0.0049207079109578
"gene_946",4875.54240322318,0.929183641579953,0.96455049298957
"gene_947",183.831253050588,1.83782603778049e-06,2.18788814021487e-05
"gene_948",6.49239031272349,0.0638501639291384,0.170106829770718
"gene_949",558.285745652656,0.56173540091522,0.718944625744736
"gene_950",1656.41604610199,0.0147874185705289,0.056124088754529
"gene_951",1193.70759130737,0.497503803232774,0.67136430609283
"gene_952",112.33726180786,0.069295524303476,0.180476912755056
"gene_953",46.5813279111557,0.119232362366242,0.263788412314694
"gene_954",3.61744853727383,0.00145233953060812,0.00812876602952305
"gene_955",6.04919451343141,0.416868401370397,0.59680893202204
"gene_956",43.0577346465083,3.19587652902817e-13,5.57420324830495e-12
"gene_957",128.829386272231,0.00112781877978517,0.00672831382432498
"gene_958",26.0065794654159,0.401822608121576,0.585178555516858
"gene_959",21.7406629397002,0.762046193141522,0.867275637110989
"gene_960",4949.38290249922,0.00230375292389525,0.0120826202302198
"gene_961",168.680081436005,0.708564013308382,0.838868208336679
"gene_962",34.2164889985082,0.0970643098004544,0.228207624922698
"gene_963",80.1081363124466,0.434321386501056,0.61344828601844
"gene_964",14.153690722128,0.522586189956681,0.693085132568542
"gene_965",2434.78684085792,0.0624493912409128,0.166679869860088
"gene_966",85.0407750891977,0.977149047565886,0.990460139874746
"gene_967",78.4436292673783,0.556870155791967,0.716413391790241
"gene_968",130.957842763256,0.688406773841621,0.823453078757919
"gene_969",601.776363284826,0.0111892516325241,0.0456083626325709
"gene_970",10.5664512028281,0.642956308690412,0.793061147791734
"gene_971",98.6840097662023,0.039826275326352,0.120442364898242
"gene_972",332.382777481174,2.25166435530791e-15,4.06927293127936e-14
"gene_973",4994.40082625463,0.000520360153248665,0.00363041967382789
"gene_974",110.578861508873,1.002704795217e-16,1.92827845234038e-15
"gene_975",10.5213328280283,0.178157826575846,0.345713764377451
"gene_976",18.1531373540377,5.4554462143847e-17,1.06274926254247e-15
"gene_977",10.9099638618476,0.195059785006714,0.363014488225894
"gene_978",800.36475528167,0.0230598493581411,0.0791528010004844
"gene_979",341.822199381092,0.00321099771973616,0.0157401849006674
"gene_980",126.126411017687,0.118509641209946,0.262576753050102
"gene_981",301.455527300705,0.22556179893937,0.398752561835448
"gene_982",93.8260798944923,0.209218048361091,0.378620066553664
"gene_983",33.2205589643856,0.175925182358815,0.344837826544399
"gene_984",18.1302429041803,0.172433707922563,0.341227654200322
"gene_985",3257.24716588059,0.193763625360347,0.362400795561746
"gene_986",71.0753774150997,0.218157255598823,0.390962823653805
"gene_987",9.89884558034795,0.0952252244912841,0.224587793611519
"gene_988",4.37638724711582,0.446200602994657,0.625664899956885
"gene_989",362.349766808773,0.000212290221955319,0.00161642300981207
"gene_990",253.069324005055,0.742016476208127,0.857208613264602
"gene_991",11.7416623571747,0.529559457315922,0.698627252395676
"gene_992",119.852934755064,0.0224640102888462,0.0774621044442971
"gene_993",686.933100352516,0.501136684237866,0.675386366897394
"gene_994",1728.92891210464,0.292383766448464,0.475640478906973
"gene_995",201.835062095952,0.583998943047628,0.737372402837915
"gene_996",6.06424991185374,0.629954355010916,0.779646478973906
"gene_997",68.7495714074086,0.155849081992191,0.31694381941031
"gene_998",11.5784419061373,0.282958161496102,0.465841159519045
"gene_999",439.70505851638,4.77009106399167e-113,7.95015177331945e-111
"gene_1000",1032.09574541417,0.00290768738740563,0.0144901364820879
"gene_1001",1789.79729872356,4.29891565595916e-05,0.000388456233972213
"gene_1002",61.53890508906,0.539235087832518,0.703962255656029
"gene_1003",570.725678035795,0.57907893252297,0.732565894257087
"gene_1004",159.937448984608,1.53933708482855e-22,3.55231634960434e-21
"gene_1005",473.373015161674,0.658602446084114,0.803235139641347
"gene_1006",309.161295151149,0.180290612937913,0.347604009520399
"gene_1007",1869.27637581369,0.0531805114392055,0.147997712725062
"gene_1008",167.075695565848,0.0151634110234392,0.0569509777497379
"gene_1009",21.9985064495909,0.524958161854229,0.693777306415281
"gene_1010",542.669698955377,0.289845387166556,0.473198806438579
"gene_1011",779.812875087041,9.85720845645182e-05,0.000812407290366908
"gene_1012",54.7876936096954,0.727250720323583,0.850254154704111
"gene_1013",5184.465682873,0.590298206355347,0.742202271192809
"gene_1014",157.543486542601,2.83313127637479e-44,1.24991085722417e-42
"gene_1015",126.746684966597,1.31366763497745e-22,3.12778008327965e-21
"gene_1016",15.1624783589791,0.469684358953606,0.647056341211241
"gene_1017",186.925044274849,0.496222383775546,0.67136430609283
"gene_1018",70.7678275672964,0.00325962168435877,0.0158857764461364
"gene_1019",9.61873522177788,0.0291424879371575,0.0941134670550536
"gene_1020",73.0195013048139,0.0649432394164938,0.171734959953858
"gene_1021",1320.98998855682,0.0445248308216574,0.129882226060391
"gene_1022",6.19317451726976,0.0486310432421329,0.139123855754496
"gene_1023",400.099402505025,0.842812255273618,0.921936039475695
"gene_1024",46.3786005964775,0.669862881338513,0.810318001619169
"gene_1025",53.3391760747818,0.183315624004236,0.349838977107321
"gene_1026",682.603293747882,7.4688438291694e-08,1.05691186261831e-06
"gene_1027",418.158885016383,0.0057431963993636,0.0259481765031488
"gene_1028",68.1242183235641,0.011879451357446,0.0479010135380887
"gene_1029",571.359666540042,0.542674481623749,0.707221305330689
"gene_1030",119.445397434293,0.392253027667667,0.575533259109857
"gene_1031",411.238015772563,0.0462595016028649,0.13369798151117
"gene_1032",590.367327953855,0.515618634028933,0.686880951193073
"gene_1033",32.9185644348828,0.100506446004727,0.234098864917842
"gene_1034",4.86811973557099,0.977254004676416,0.990460139874746
"gene_1035",2486.27397772947,0.0144048812883913,0.0552616929222171
"gene_1036",2272.89251542522,0.190130137637805,0.357442047811655
"gene_1037",7.68631322018346,0.189408366630779,0.357442047811655
"gene_1038",186.179225006569,0.0155872135346593,0.0583062850423664
"gene_1039",161.443758760008,0.379312984744299,0.561502228302686
"gene_1040",15.3681204765914,0.0474288241324331,0.136029132310994
"gene_1041",36.2943811735551,0.193393206139378,0.36215956205876
"gene_1042",251.676568261895,0.233030744960113,0.407396407272925
"gene_1043",19.7731311444854,0.992736923148389,0.99739141642504
"gene_1044",1240.42802252817,0.209022424462985,0.378620066553664
"gene_1045",198.02829757962,7.77084577313656e-05,0.000662287992028684
"gene_1046",212.332580352046,0.396957910538591,0.580347822424841
"gene_1047",796.717811974191,0.589906160441323,0.742202271192809
"gene_1048",4.11328730708763,0.828661282755823,0.915310695238391
"gene_1049",321.065294505633,1.44010075662025e-05,0.000144976586236938
"gene_1050",16.2547338476324,0.577523674722229,0.731660060881202
"gene_1051",21.0868635583041,0.00580477106678532,0.0261476174179519
"gene_1052",798.567343807822,0.260254953602872,0.439792655613182
"gene_1053",373.775332851962,0.811311703847651,0.902125689971442
"gene_1054",4.6850936286415,0.418913804052837,0.597878883044011
"gene_1055",238.640344003721,0.560563496277859,0.718503474759124
"gene_1056",16.0830560748684,0.154093779303775,0.314049821950628
"gene_1057",30.3124775727118,0.00646654223293483,0.0284452004381298
"gene_1058",70.4669754367454,0.372152635630247,0.555285060672811
"gene_1059",6923.55349330278,0.000100727473999449,0.000825635032782366
"gene_1060",145.987431106394,0.00131658764737547,0.00759569796562771
"gene_1061",4446.938537808,0.0178313336814035,0.0652365866392809
"gene_1062",778.010383405505,0.00010962458017772,0.000888847947386918
"gene_1063",353.177329253502,0.180034659524097,0.347573882514381
"gene_1064",30.0561715452434,0.0214042138907362,0.074492623749662
"gene_1065",3485.12970943149,1.1374896465132e-113,2.13279308721225e-111
"gene_1066",2580.73310002361,1.05175073692172e-28,3.21964511302567e-27
"gene_1067",574.674690846783,0.021188283801152,0.0739966117967536
"gene_1068",450.809977972064,0.00529583511877096,0.0242187581651111
"gene_1069",120.625401702109,0.993880832774446,0.997852533934718
"gene_1070",10.8930474114618,0.0587625722985768,0.159680902985263
"gene_1071",582.912726912149,0.275264729786435,0.455736307593436
"gene_1072",447.471443237624,0.227381082516056,0.400789217125833
"gene_1073",323.131575495906,0.0426398222809751,0.126904232979093
"gene_1074",10.3549337444605,0.260840613426358,0.440113520966859
"gene_1075",37.1533089669375,0.0512629096475142,0.143727784058451
"gene_1076",731.196531983643,0.43832658993297,0.61678225600324
"gene_1077",172.38154413303,0.302662030205161,0.482971324795469
"gene_1078",498.166167768179,0.712982033553001,0.842010014113364
"gene_1079",137.811242228482,2.02434405604772e-07,2.72898103044709e-06
"gene_1080",1630.11792755091,0.176991992378361,0.34492143137283
"gene_1081",146.196507471674,0.143643218050549,0.297098498633858
"gene_1082",4.38629250063029,0.139642300038918,0.290921458414412
"gene_1083",117.821384097476,0.784720999988686,0.881823210328577
"gene_1084",5.44873422460473,0.588063718159328,0.741880216349025
"gene_1085",186.97011810813,1.92631292309805e-05,0.000190096670042571
"gene_1086",193.401903099328,2.40754404388047e-06,2.75672982123718e-05
"gene_1087",865.549678499436,0.177059668104719,0.34492143137283
"gene_1088",52.2465791672504,0.994594098408894,0.997852533934718
"gene_1089",27.5683888239333,0.75956601577944,0.865766735310912
"gene_1090",5.56064084824502,0.0798778604489265,0.200362526209682
"gene_1091",4764.96688008344,0.834467015905372,0.917669005761039
"gene_1092",17.9734744560299,3.91186423860819e-10,6.30945844936805e-09
"gene_1093",1256.56881732846,0.00690476980211775,0.0301957863066374
"gene_1094",3.15202972343992,0.190047432606004,0.357442047811655
"gene_1095",24.8692239369083,0.223954386488751,0.398023198735932
"gene_1096",908.025689444034,1.28679186028233e-29,4.28930620094111e-28
"gene_1097",174.772124707245,0.000890349880097671,0.00565900347519706
"gene_1098",352.396798781954,0.737493245286335,0.855560609380899
"gene_1099",551.539983309954,0.110590679618887,0.251342453679288
"gene_1100",9.64803853969376,0.433281315368584,0.61344828601844
"gene_1101",923.306445114129,0.032841179740088,0.103262495021861
"gene_1102",74.6466607103617,0.0509819321305817,0.143476356840286
"gene_1103",2513.82992335973,0.610138297500792,0.761403865433601
"gene_1104",15.9833006084013,0.00687317144252505,0.0301454887830046
"gene_1105",726.967495944394,2.53949348674462e-07,3.28382778458356e-06
"gene_1106",1353.36250314676,0.0749756799469024,0.191326924599079
"gene_1107",39.2491222418593,0.531095724055623,0.699255017414658
"gene_1108",4.69592617917628,0.036406718334691,0.111905896520567
"gene_1109",2806.99494908156,1.74988533636529e-145,8.74942668182643e-143
"gene_1110",285.845199737838,0.0727359324393337,0.187805281113085
"gene_1111",5.5636166956381,0.822737458182828,0.910779474003131
"gene_1112",125.730557822173,0.0295971739178997,0.0948627369163452
"gene_1113",115.214084754377,0.633792265176029,0.783104116774336
"gene_1114",196.046076217227,0.0147616428127403,0.056124088754529
"gene_1115",3307.15961658312,0.130324520642739,0.280871811730042
"gene_1116",23.0665116064837,0.0861200322243171,0.210390958202729
"gene_1117",5121.3605505469,0.822072596125912,0.9107155791646
"gene_1118",728.888026094374,0.000837907544526359,0.00541750567581697
"gene_1119",996.753888616152,0.000230739153894237,0.00168833527239685
"gene_1120",321.685339335472,0.791883718436516,0.885115929698043
"gene_1121",872.525378231729,0.271633573089552,0.452220154977056
"gene_1122",67.0873755885235,0.0425375049960765,0.126851406548936
"gene_1123",35.0690810011887,0.0345091545977844,0.107841108118076
"gene_1124",584.485439863283,0.0423962381446021,0.126681986487855
"gene_1125",1066.57594046465,0.887979401741635,0.943293786094909
"gene_1126",15.8438721501091,0.884581789343205,0.941606515048006
"gene_1127",462.906626160101,2.25161167678735e-91,2.11088594698814e-89
"gene_1128",32.6046935144603,0.0111670920918117,0.0456083626325709
"gene_1129",12.1257639303126,0.000223510398900673,0.00165178267882879
"gene_1130",215.414390828795,0.225460801885352,0.398752561835448
"gene_1131",459.905575719082,0.000912432167003735,0.00577488713293503
"gene_1132",52.537837220497,0.846115822297337,0.921936039475695
"gene_1133",116.913580983355,0.164464705603702,0.328929411207405
"gene_1134",15.03718745586,0.990030564124459,0.996918644294348
"gene_1135",132.400103017739,0.695353884097168,0.828960518352289
"gene_1136",6.0611361383764,0.407225077420007,0.588793456366356
"gene_1137",778.152174874968,0.0661887140778715,0.173875781290381
"gene_1138",39.6383982148172,0.490634468743908,0.666622919489006
"gene_1139",627.840048247399,0.00626211272513951,0.0276269679050272
"gene_1140",724.496248756914,0.0211515186246306,0.0739966117967536
"gene_1141",6.69954988216808,0.379575506332616,0.561502228302686
"gene_1142",440.527203261791,0.00271724671412672,0.0135862335706336
"gene_1143",15.8831412677374,0.262172251877917,0.440378922527296
"gene_1144",281.988456214172,1.617518053584e-06,1.95667506481935e-05
"gene_1145",29.863469443012,0.179624991704385,0.347573882514381
"gene_1146",29.7045836375765,0.315656017727557,0.49527617844282
"gene_1147",229.937239986381,0.778054454219142,0.878165298215736
"gene_1148",88.3811717106163,2.35021100069118e-26,6.4096663655214e-25
"gene_1149",4314.63053488586,0.714105949596552,0.842106072637444
"gene_1150",47.5343973741316,0.0719750099465304,0.186463756338162
"gene_1151",493.715003887572,0.0198140505245085,0.0709333550996723
"gene_1152",788.125366752567,0.353826970998977,0.534481829303591
"gene_1153",4.63702392951107,0.0909513213715055,0.217934476129805
"gene_1154",15.6572576648329,0.0694234524397783,0.180476912755056
"gene_1155",885.245920443249,2.70086250640588e-07,3.46264423898189e-06
"gene_1156",3514.6962211299,8.80213172395456e-05,0.000741752673366957
"gene_1157",1740.83215087007,9.0104477886583e-05,0.000755065457150137
"gene_1158",18.7320379919934,0.0439789465236601,0.128844569893535
"gene_1159",605.602076261688,0.916169303606981,0.957001361706456
"gene_1160",99.6695843853995,0.98120018084561,0.992447923984096
"gene_1161",4765.45579160311,0.0263575437009519,0.087858479003173
"gene_1162",57.5986893510544,0.000291296675501611,0.00209064599642304
"gene_1163",44.5459551253827,0.0253750992821837,0.0849612699180258
"gene_1164",171.965807819707,0.867287677611068,0.932345534549652
"gene_1165",273.461380119592,2.29545012187117e-20,4.9901089605895e-19
"gene_1166",359.446725958345,0.197056727909919,0.365370941736562
"gene_1167",5946.59763952237,3.08275814090248e-06,3.40010089070127e-05
"gene_1168",163.490517748794,0.833785024110347,0.917591735998181
"gene_1169",561.803204764822,0.00104138283611894,0.00637581328236086
"gene_1170",22.9249410801125,0.416326980024016,0.59680893202204
"gene_1171",37.063830811853,0.00693105861386715,0.0302226393046533
"gene_1172",34.1310579003416,0.116693549289772,0.261254214827849
"gene_1173",2026.31902693107,0.00303323752494698,0.0150160273512227
"gene_1174",4.93510507202401,0.742342659087145,0.857208613264602
"gene_1175",70.4444837256947,0.087789861222088,0.213427539437815
"gene_1176",206.640606833243,0.245210379913958,0.421286607816494
"gene_1177",170.233504811268,0.435993543324494,0.61407541313309
"gene_1178",96.3956571934444,0.282657038152993,0.465841159519045
"gene_1179",692.325272927436,0.0445928976140676,0.129882226060391
"gene_1180",37.4176424178234,0.957881429913251,0.978761679066674
"gene_1181",5424.46290295237,0.118019529998432,0.262071466542189
"gene_1182",5.59736255101284,0.228513948892177,0.401371104611552
"gene_1183",175.435720660448,0.199444562777114,0.367526835584363
"gene_1184",1180.40409910629,0.2511056065638,0.428642627804454
"gene_1185",519.239147212237,5.00046864546004e-05,0.000446470414773218
"gene_1186",18.331715320597,0.0801758590464494,0.200774271401793
"gene_1187",5350.42408900538,0.0243833921563598,0.0823763248525669
"gene_1188",50.0277894083306,0.862267775540315,0.92850083511161
"gene_1189",31.7981005980058,0.0639601679937901,0.170106829770718
"gene_1190",805.262535151491,0.0833817442343412,0.206731597275226
"gene_1191",2528.37705854746,0.297175034135425,0.479314571186169
"gene_1192",9.21171227267823,0.825952545763229,0.913664320534545
"gene_1193",7.9707038253417,0.0251597455944949,0.0844286764915937
"gene_1194",1294.64607264436,0.784822657192433,0.881823210328577
"gene_1195",7.39414184870334,0.185800249937641,0.353232414330117
"gene_1196",516.878550823825,2.27565828361867e-138,8.53371856357001e-136
"gene_1197",81.2697872389393,0.970793787291315,0.985911090681769
"gene_1198",135.530315986771,5.7303084230691e-16,1.07443282932546e-14
"gene_1199",956.653599877566,1.80673127035505e-07,2.46372445957507e-06
"gene_1200",4806.60686247689,0.851201311352103,0.923957214785194
"gene_1201",4993.93861279166,0.023967373390433,0.0813372400127818
"gene_1202",423.037181161228,1.53228789802025e-27,4.50672911182425e-26
"gene_1203",308.579290450873,0.01286875840825,0.0505509247797323
"gene_1204",303.428988991571,0.158862395900537,0.321526042130215
"gene_1205",753.741380712391,0.275234677885841,0.455736307593436
"gene_1206",5.54208913076061,0.712858056282509,0.842010014113364
"gene_1207",4385.9878703553,2.42155357207786e-08,3.63233035811678e-07
"gene_1208",31.8138537786084,0.631673834594236,0.781130051023376
"gene_1209",69.6087371217767,0.222146715755601,0.396690563849287
"gene_1210",376.309730346929,0.0284431218988453,0.0927493105397128
"gene_1211",275.482144455477,0.000112132173962609,0.00090429172550491
"gene_1212",52.0921503537439,0.966757664270746,0.983810377480407
"gene_1213",303.031435425033,0.775858675843291,0.876506424034483
"gene_1214",22.4664445834397,0.923598837322846,0.962082122211298
"gene_1215",22.0193236926303,0.0204443265467946,0.072669407156853
"gene_1216",364.908076888362,0.0692793293570018,0.180476912755056
"gene_1217",484.851528818097,0.230771400083472,0.4048621054096
"gene_1218",38.0197076619994,0.346802744859655,0.525990007370559
"gene_1219",434.504895433903,1.38488873664957e-97,1.38488873664957e-95
"gene_1220",58.7953260868764,0.222766602422723,0.397324498970375
"gene_1221",7.42285121025451,0.854968409414566,0.923957214785194
"gene_1222",316.885106585044,0.752232081460771,0.86133444442073
"gene_1223",964.719589908038,1.506786025331e-103,1.73859925999731e-101
"gene_1224",150.507371412781,0.0777319079714269,0.197623494842611
"gene_1225",1045.30459830873,0.0374418054377049,0.114151845846661
"gene_1226",78.6330144076059,0.354610206943164,0.534596594613063
"gene_1227",299.408918198476,0.0435287356858674,0.128179585274266
"gene_1228",619.362910282777,0.000936175451230653,0.00590026544893269
"gene_1229",144.906018973757,0.00105131939381887,0.00639890303587027
"gene_1230",169.776547824281,0.1623687820837,0.326478784350604
"gene_1231",592.50678076209,1.64438541814024e-25,4.25272090898337e-24
"gene_1232",112.144715963764,0.0059807224524181,0.0266996538054379
"gene_1233",61.9071864663244,0.0273635964883794,0.0902952424397385
"gene_1234",969.644663547847,0.000144129324857655,0.00113786309098149
"gene_1235",25.3574383291941,0.342353405257987,0.522411096527955
"gene_1236",2939.20434528713,0.322801953146323,0.502806780601749
"gene_1237",13.892554873183,0.225747516075056,0.398752561835448
"gene_1238",191.817065952304,1.12477709095937e-05,0.000115559290167059
"gene_1239",439.6226564072,0.278217365909582,0.45910456420723
"gene_1240",36.4280941137523,0.392513682712922,0.575533259109857
"gene_1241",5937.32374730052,0.103187908065368,0.23812594168931
"gene_1242",22.3136055063189,0.387728380678651,0.569630334003894
"gene_1243",4.99944035695965,0.505182679273961,0.679008977518764
"gene_1244",265.473734348121,0.12301766355559,0.269775577972785
"gene_1245",108.187483105286,0.0859906394335475,0.210390958202729
"gene_1246",1455.6193907367,0.170899686263804,0.339086679094849
"gene_1247",158.989793515074,0.00085692072567359,0.00551665703223341
"gene_1248",332.755545602072,0.0408032034668063,0.122901215261465
"gene_1249",3.90547629347509,0.271421951747681,0.452220154977056
"gene_1250",599.100915017069,7.32688829238618e-05,0.000628018996490244
"gene_1251",12.7755783257297,0.851857048656343,0.923957214785194
"gene_1252",73.6389222046993,0.379023057354683,0.561502228302686
"gene_1253",5.19897112898425,0.0645721019764361,0.171127478736138
"gene_1254",130.227770015508,0.119515184313457,0.264024707614411
"gene_1255",1031.47316679878,2.85980273336746e-05,0.00027150025949691
"gene_1256",53.6049116562449,0.6714060766799,0.811040766435909
"gene_1257",617.07660969663,0.205528020174397,0.374595419515911
"gene_1258",113.971853655642,6.91596186447095e-19,1.42108805434335e-17
"gene_1259",17.1174871644063,0.372127075923382,0.555285060672811
"gene_1260",5190.01161793558,9.52098759577426e-08,1.33471788725807e-06
"gene_1261",14.4070187499374,0.646473095814318,0.795374845365687
"gene_1262",270.579497843218,0.83259092984998,0.916950363270903
"gene_1263",85.6429615205633,1.21398713357434e-22,2.93706564574438e-21
"gene_1264",756.655186991941,0.601393177714739,0.754264293273311
"gene_1265",45.7278949522533,0.0697368887949345,0.180978085107962
"gene_1266",62.7437095073777,0.928745857632684,0.96455049298957
"gene_1267",2612.06741100347,0.00361658119662575,0.017331858769772
"gene_1268",807.366240622732,0.116150622215012,0.260743560595991
"gene_1269",40.3876998194818,1.67644203689792e-42,6.98517515374134e-41
"gene_1270",67.7872847921919,0.225573423390811,0.398752561835448
"gene_1271",123.556530873951,0.941930749040336,0.972994183744388
"gene_1272",103.23746068005,0.461388623446401,0.64113126793613
"gene_1273",4501.17658842862,0.466183518925558,0.645737766559115
"gene_1274",549.612457766044,0.00270553896507656,0.0135729379518891
"gene_1275",344.028822911832,0.0578825897336316,0.158389781866263
"gene_1276",74.9076406695935,0.62719112329994,0.777509656983397
"gene_1277",76.2325129684903,0.749091231511972,0.860301929029388
"gene_1278",1160.35730274593,0.0292671341930115,0.0941134670550536
"gene_1279",100.873185875379,1.28956543467376e-72,8.79249160004834e-71
"gene_1280",33.918531070112,0.3263610609136,0.504161013033194
"gene_1281",17.8469566868299,0.0889086868719589,0.214584694114461
"gene_1282",42.5515244699218,0.992320498516118,0.99739141642504
"gene_1283",84.5419738089617,0.344633336235723,0.523882722695588
"gene_1284",5.84333713349202,0.177994584910821,0.345713764377451
"gene_1285",96.3114948504118,2.44789612813507e-05,0.000236893173690491
"gene_1286",587.737962222148,0.0745231043067579,0.191326924599079
"gene_1287",18.564980404041,2.15361350706499e-10,3.51132637021466e-09
"gene_1288",19.848734789285,0.807680330245584,0.898854630024222
"gene_1289",4.45655331098143,0.0855335608453675,0.209984191928071
"gene_1290",41.0237106762734,1.08050852702637e-40,4.38043997443121e-39
"gene_1291",477.162191848406,7.12092763792143e-09,1.11264494342522e-07
"gene_1292",236.854702655116,0.591974262572626,0.74368625951335
"gene_1293",60.2076718821173,0.32669633644551,0.504161013033194
"gene_1294",16.1792448732965,0.732195980963787,0.852051180330241
"gene_1295",80.7188430380155,0.0292223141427523,0.0941134670550536
"gene_1296",52.5951477970894,0.659572910194456,0.803621265882476
"gene_1297",672.260974704689,0.664797794980876,0.807446714551671
"gene_1298",44.3889291366752,0.175122129958054,0.343826171383614
"gene_1299",41.128736540487,0.27514854042949,0.455736307593436
"gene_1300",5905.69870471357,1.38868155778376e-07,1.92872438581078e-06
"gene_1301",179.14895808875,0.0934849282724588,0.222230415861629
"gene_1302",5.54747936231937,0.307041446435778,0.486852187794574
"gene_1303",4.84822177263676,0.93516772193289,0.967720211710672
"gene_1304",16.7364853994569,0.998025349184777,0.998449375431762
"gene_1305",13.0009031667388,0.673232154992998,0.811775106502811
"gene_1306",150.8967651206,0.00160700231962679,0.00892779066459328
"gene_1307",524.963509132087,0.521180293364556,0.692445031042368
"gene_1308",22.0513899099726,0.843813164658912,0.921936039475695
"gene_1309",61.8411755440278,0.0216504648603257,0.0751752252094643
"gene_1310",109.040641126437,0.0329063150802997,0.103262495021861
"gene_1311",201.554553989472,0.0853622822808409,0.209907251510265
"gene_1312",387.236934060518,0.0687413884268668,0.179951278604363
"gene_1313",810.954854814542,7.85187819465526e-06,8.22369093488554e-05
"gene_1314",1541.42584813556,0.295306486199688,0.477327294503806
"gene_1315",1095.90005893183,0.182489854908549,0.348706729124616
"gene_1316",36.8197977444847,0.0267732736792304,0.0887189341809536
"gene_1317",42.4944880916838,2.30547138195735e-06,2.66015928687387e-05
"gene_1318",11.3984266712493,0.0171156170490406,0.0635480831028734
"gene_1319",207.192676206405,0.0422371037707071,0.126458394523075
"gene_1320",10.6269446219092,0.111763614932369,0.253240819333163
"gene_1321",603.408914705392,0.758145139030533,0.865766735310912
"gene_1322",19.2199588763759,0.0211678977178955,0.0739966117967536
"gene_1323",48.4239241644551,0.655815185934237,0.803235139641347
"gene_1324",98.9166968877292,0.420210732887996,0.599159790239538
"gene_1325",208.212786032723,3.28292517989686e-48,1.53887117807665e-46
"gene_1326",179.716911554466,1.98548157648341e-26,5.51522660134281e-25
"gene_1327",40.4256158664126,1.5298802468286e-15,2.83311156820112e-14
"gene_1328",36.4531952189781,0.867702910820876,0.932345534549652
"gene_1329",46.3938781440795,0.524398757145753,0.693777306415281
"gene_1330",6.36202551595828,0.0259306035485591,0.0866278514985271
"gene_1331",88.76450153545,9.1367162855272e-05,0.000761393023793933
"gene_1332",471.57050754282,0.228487943972568,0.401371104611552
"gene_1333",499.396872605477,0.303378845245778,0.483087333193914
"gene_1334",896.064714214797,0.687002593514082,0.823385730464677
"gene_1335",80.4858936976036,5.90093078890802e-05,0.000517625507798949
"gene_1336",227.569110586624,0.29840080687971,0.480258809355756
"gene_1337",60.9339511656491,0.648440805880756,0.796489947305742
"gene_1338",448.276567990306,0.205264451509504,0.374595419515911
"gene_1339",29.3837574878895,6.0931872752707e-05,0.000531382611215468
"gene_1340",26.8370127231188,0.613008987789889,0.764350358840261
"gene_1341",36.0856458007789,0.495632418761683,0.67136430609283
"gene_1342",1122.70801400925,0.514232957644099,0.686822324096853
"gene_1343",27.5411749396363,0.00299104462552915,0.0148561819148799
"gene_1344",23.1909152587995,0.00105368603323997,0.00639890303587027
"gene_1345",64.3088736478731,0.465515599974626,0.645737766559115
"gene_1346",25.6457152052857,0.0130432391870848,0.0509820389316509
"gene_1347",27.0419430103127,0.372411180691232,0.555285060672811
"gene_1348",32.5341028718828,0.567706547491548,0.724111087006869
"gene_1349",502.182437035456,0.265287412550405,0.445113108306049
"gene_1350",216.855942211626,0.772837505770892,0.876051863413282
"gene_1351",1356.34805838023,0.0744547449429087,0.191326924599079
"gene_1352",2046.7551517027,0.0011303567224866,0.00672831382432498
"gene_1353",74.8306721671336,0.0010404667409677,0.00637581328236086
"gene_1354",2355.39722090276,0.0251036624102009,0.0844286764915937
"gene_1355",21.1433036422591,0.885110124145126,0.941606515048006
"gene_1356",46.0320668710976,0.133613922673093,0.285499834771566
"gene_1357",323.903171241402,0.313719428474515,0.493787138207526
"gene_1358",17.1249497655034,0.0511101219382856,0.143567758253611
"gene_1359",788.381903042455,0.366283334271023,0.5483283447171
"gene_1360",526.073423824434,0.898755776348117,0.948054616400967
"gene_1361",16.1676364891301,0.735295979333463,0.854995324806352
"gene_1362",17.7495767718484,0.836626095083412,0.918567770464557
"gene_1363",8.15617434734399,0.893788101818656,0.94582429484951
"gene_1364",25.1169876577598,0.0580721302717952,0.158389781866263
"gene_1365",366.686088400485,0.27245338971415,0.452580381584967
"gene_1366",68.7986921005616,0.100997810997685,0.234515041016297
"gene_1367",57.8197749999783,0.680512812969693,0.817924054050112
"gene_1368",1543.32482476009,0.168770225408883,0.336195668145185
"gene_1369",55.5977460677489,0.118106874255013,0.262071466542189
"gene_1370",404.159469753201,2.4079083110456e-05,0.000234536523803143
"gene_1371",163.308642598432,0.210007930248433,0.378620066553664
"gene_1372",3665.18531237374,0.995191593844225,0.997852533934718
"gene_1373",23.5416085655396,0.845825828269858,0.921936039475695
"gene_1374",274.222127994209,0.0125003994733394,0.0498686149202368
"gene_1375",47.0707009318599,0.00248496497445696,0.0127216636917592
"gene_1376",345.774769456771,0.90650678421458,0.950514923476144
"gene_1377",1406.22607548094,0.153147400624505,0.312865360087345
"gene_1378",13.8818767839381,0.524753473545966,0.693777306415281
"gene_1379",856.630379398763,0.344507698814101,0.523882722695588
"gene_1380",326.838465793015,0.00139509907093869,0.00786710002409038
"gene_1381",164.247162362409,0.535760646912656,0.7014214445967
"gene_1382",4731.72385640874,0.667588348969839,0.809274069631212
"gene_1383",21.6354886408404,0.515109401095772,0.686822324096853
"gene_1384",8.43573679591146,0.466222667455681,0.645737766559115
"gene_1385",22.9703957361849,0.85368331381773,0.923957214785194
"gene_1386",56.972998844374,0.864717488743879,0.930470755463284
"gene_1387",92.1346096443063,0.0507350104627448,0.143049841530295
"gene_1388",846.591935702567,0.672082448453223,0.811040766435909
"gene_1389",5617.49771018316,0.0286973450728057,0.0931731982883301
"gene_1390",381.094620412635,0.447169297489164,0.625703308053868
"gene_1391",59.5306290230789,0.541751023909132,0.706631770316259
"gene_1392",3883.27841495495,0.00619625150824084,0.0275797544877189
"gene_1393",14.5839258398713,0.243033219035873,0.418076470480215
"gene_1394",33.5569600459392,0.145962409598915,0.300746723074688
"gene_1395",26.8918763638075,0.223033782241948,0.397328590692306
"gene_1396",1043.85468676508,0.906736354932546,0.950514923476144
"gene_1397",8.10774319263288,0.644361936619049,0.793549183028385
"gene_1398",294.302643341667,0.483338791351981,0.660298895289591
"gene_1399",3175.53575161257,0.0145630512977853,0.0555841652587225
"gene_1400",754.045047025044,1.36512253649841e-22,3.19950594491814e-21
"gene_1401",624.278049351678,0.510186235030521,0.683285136201591
"gene_1402",111.189855437197,0.0177865027879455,0.065231672816426
"gene_1403",18.3332264828717,0.198139305011743,0.366729312143904
"gene_1404",32.8570902628445,0.516557907226287,0.687521615651669
"gene_1405",88.6176151536063,1.7131428626794e-06,2.05577143521528e-05
"gene_1406",625.054952993904,0.1949033881244,0.363014488225894
"gene_1407",490.585998937574,0.269559642299419,0.450266663083662
"gene_1408",55.244786056332,0.716025932710311,0.842781289599971
"gene_1409",126.057330579918,0.118011654419768,0.262071466542189
"gene_1410",322.37876092995,0.427678234089533,0.606922754147871
"gene_1411",42.4617227484639,0.935462871320316,0.967720211710672
"gene_1412",129.204206617525,0.0465229197699333,0.133943147130326
"gene_1413",19.9785861081284,0.410008017745781,0.591926878362533
"gene_1414",3610.6551274113,0.0195494774609337,0.0703218613702651
"gene_1415",42.3084926391718,0.399711216608742,0.583087253042027
"gene_1416",1849.67384624312,0.00167494554831756,0.00923683206792773
"gene_1417",130.949367925322,0.16404666300288,0.328611772428316
"gene_1418",5025.72052354296,0.326693972308877,0.504161013033194
"gene_1419",5.37914171591511,0.908842790210823,0.951335788776158
"gene_1420",449.460506386059,0.852805494894013,0.923957214785194
"gene_1421",1033.16967107403,4.11651396923144e-05,0.000374228542657403
"gene_1422",26.7145510407623,0.173264739206524,0.341969880012876
"gene_1423",108.885262128009,0.170492494481816,0.338903758951299
"gene_1424",105.333994915845,0.0349696084174722,0.108938596089047
"gene_1425",5.92409193937497,0.674593256855491,0.812762960066857
"gene_1426",9.70294163931305,0.68725262302785,0.823385730464677
"gene_1427",423.571168982231,7.12610150113915e-05,0.000614319094925789
"gene_1428",7.62866807502527,0.316647606740671,0.495794791347606
"gene_1429",96.924111976347,0.0993399160449234,0.23235370134817
"gene_1430",318.029554196778,0.435714498881703,0.61407541313309
"gene_1431",360.709446576538,0.00364092374137866,0.0173620501352488
"gene_1432",369.283542518863,0.403812156970457,0.586469761862805
"gene_1433",1202.55883688539,0.131389268339382,0.282355161187784
"gene_1434",66.2425864067322,0.320731108279082,0.500100480684639
"gene_1435",24.0712816813992,0.0741358766601338,0.1910718470622
"gene_1436",157.071734070351,0.324489676878384,0.504144076074864
"gene_1437",337.472513242724,1.4560466827841e-26,4.20013466187723e-25
"gene_1438",300.153373077671,0.344714831533697,0.523882722695588
"gene_1439",78.0456526252131,0.5089479054218,0.682846026952326
"gene_1440",238.823985867701,6.69885227641787e-10,1.06896578879009e-08
"gene_1441",193.544976868732,0.00802889507952712,0.0343115174338766
"gene_1442",12.2605563919425,0.658652814505905,0.803235139641347
"gene_1443",9.1874091385707,0.661507493713503,0.804101491548018
"gene_1444",403.60678630682,0.195951565920281,0.364222241487511
"gene_1445",15.003330444027,0.376152558157917,0.559750830592139
"gene_1446",1319.36699105174,0.135902358597699,0.289153954463189
"gene_1447",319.778790674007,0.251736247885774,0.429095877078024
"gene_1448",47.010759957129,0.209510782080195,0.378620066553664
"gene_1449",3040.31382312745,0.00127656264454722,0.00742187584039082
"gene_1450",79.5747965732415,0.896032392327194,0.947173882785509
"gene_1451",853.319859738319,0.138120835318965,0.290921458414412
"gene_1452",460.964014036271,0.00119252283640607,0.00701484021415333
"gene_1453",1459.13589445872,6.9370801506237e-28,2.08112404518711e-26
"gene_1454",103.092512067845,0.232300098854761,0.406785722434111
"gene_1455",191.956295250098,0.62916723319371,0.779315317746131
"gene_1456",193.029900053011,0.194215488093063,0.362594464075408
"gene_1457",132.94769420555,0.951736825813955,0.975140190383151
"gene_1458",88.1834545485846,0.128922203651101,0.278650296075866
"gene_1459",99.6876983566542,0.038865515807123,0.117774290324615
"gene_1460",240.616011149456,0.856969983749628,0.9247877522478
"gene_1461",215.911625070413,4.88009073859873e-66,2.92805444315924e-64
"gene_1462",229.641927591762,0.0176318027036198,0.0649820738462645
"gene_1463",4508.34995082324,0.15210356937964,0.311687642171393
"gene_1464",3833.68520325297,0.7463705783224,0.859214019557636
"gene_1465",2696.91048843473,0.0116130043393103,0.0469528477330604
"gene_1466",1610.77358502139,0.029698148989265,0.0949834189422121
"gene_1467",472.18074542113,0.535885983671879,0.7014214445967
"gene_1468",7.82843397613876,0.123544576139759,0.270141201471776
"gene_1469",54.476766330384,0.283929719836463,0.466478181549502
"gene_1470",112.127478562416,0.124763269401185,0.271224498698228
"gene_1471",18.3290405695537,0.00495510016500461,0.022940278541688
"gene_1472",335.840957140762,0.000634486993490995,0.00426784973200221
"gene_1473",110.763816488469,0.0561094378250431,0.154713523414641
"gene_1474",42.8989460700862,0.00214437687196458,0.0114062599572584
"gene_1475",4.28801147525879,0.383255379973392,0.564718143379261
"gene_1476",11.4296463722356,0.301732559116524,0.482817449415967
"gene_1477",37.7906580228896,0.816019345503267,0.906017037938491
"gene_1478",5835.58582646992,0.606344403836133,0.758562640328773
"gene_1479",1365.60005505153,4.02439080991465e-06,4.34286778048343e-05
"gene_1480",46.1404573772959,0.0399502233141914,0.120574114630356
"gene_1481",1853.76300640524,0.839991716036913,0.920370762640884
"gene_1482",18.8824044471604,0.509576320723832,0.683078177913983
"gene_1483",188.341059318721,0.0192177877526653,0.0696296657705263
"gene_1484",722.541026179942,0.744011093816487,0.858474339019024
"gene_1485",27.7601671005691,0.152980171971875,0.312865360087345
"gene_1486",875.876625833286,0.0128736355105718,0.0505509247797323
"gene_1487",12.1157148695294,0.869061139909665,0.93259584358635
"gene_1488",33.7379754291323,7.43572393641777e-12,1.26745294370758e-10
"gene_1489",200.881276674395,0.0221735126846689,0.0766365645783489
"gene_1490",778.370368625576,0.89294911976071,0.94582429484951
"gene_1491",474.504791306931,0.0492393759740497,0.139884590835368
"gene_1492",496.289517880454,0.800033559156265,0.892230735118512
"gene_1493",2285.71852819329,0.121009976622483,0.266541798727937
"gene_1494",232.0238305786,0.495428374006766,0.67136430609283
"gene_1495",67.2290186379929,2.90447369748081e-16,5.51482347622938e-15
"gene_1496",44.246983795577,0.253440150618448,0.431020664317088
"gene_1497",228.819727857924,0.00132402532686571,0.00760934095899835
"gene_1498",5.56655967604278,0.407445071805518,0.588793456366356
"gene_1499",1234.32168447503,0.000221631992590153,0.00165178267882879
