"gene","Intercept","condition_treated_vs_control"
"gene_0",7.53210213055312,-0.282388058260458
"gene_1",6.62351108421166,0.16084019966849
"gene_2",8.80301781667661,-0.117310166875495
"gene_3",11.1311909998161,-0.358792773669825
"gene_4",6.41099811908488,-0.192209909470467
"gene_5",7.42198802874212,0.138101494213496
"gene_6",9.45503533228738,-0.0485387722907188
"gene_7",6.75547571781822,0.119633855908889
"gene_8",2.49104181841442,0.253464362647824
"gene_9",7.2353041603462,-0.46560724462857
"gene_10",10.2496933025824,0.443665594209803
"gene_11",7.50861095992719,0.248868970550162
"gene_12",8.67829493360523,-0.0158886149866028
"gene_13",9.03094734645849,-0.0552289101752818
"gene_14",4.36194042507076,-0.277209935384551
"gene_15",9.95806226890002,-0.199295174948615
"gene_16",4.44527052534196,-0.314598066914588
"gene_17",3.50764975907918,0.0541031778418419
"gene_18",10.0512352245558,0.300640928046094
"gene_19",5.98152710777308,0.0830910119091856
"gene_20",8.08619682372315,-0.000749577391452024
"gene_21",10.0140309249438,-0.162742202829444
"gene_22",7.36135470353803,-0.355692389852355
"gene_23",2.63468720776704,-0.432692827200962
"gene_24",5.80135055227929,-0.0486043122552058
"gene_25",9.43849662213911,0.0152509459785709
"gene_26",8.97009208786189,-0.186967790310987
"gene_27",6.43477361344477,-0.333870010448875
"gene_28",7.18637414589132,0.0731226012619958
"gene_29",7.0497563781772,0.135211122310635
"gene_30",9.79442450015021,-0.359943741589782
"gene_31",6.8994101689361,-0.230934028929153
"gene_32",7.46373899627441,-0.0869005545413172
"gene_33",8.72524745155593,0.349656794971786
"gene_34",4.55600033860621,-0.201229894261143
"gene_35",6.150991825749,-0.211132060869908
"gene_36",3.85828343083234,0.0757929919270853
"gene_37",6.42997080481677,0.111152930806444
"gene_38",4.36369070708485,0.309429045969377
"gene_39",2.06074134090229,-2.09576811272225
"gene_40",10.4957887078441,-0.0645469884414436
"gene_41",10.6637241400721,-0.418486073533514
"gene_42",5.87515905620454,-0.206392347907408
"gene_43",10.9333523683108,-0.237569368521001
"gene_44",5.88683746063289,0.129162137977367
"gene_45",12.1888463194852,-0.231775950112871
"gene_46",5.69910435854645,-1.24313187987855
"gene_47",10.0527079351399,-0.424308430813798
"gene_48",6.93972741305038,-0.163004675947447
"gene_49",7.43752610125194,-0.0022632692490121
"gene_50",6.41693655144142,0.0675064276810992
"gene_51",3.47954593010617,-0.31442523069866
"gene_52",6.88677168952993,0.131098853995222
"gene_53",2.24181062908661,-0.120783664533694
"gene_54",7.27139427925411,0.259552547935265
"gene_55",8.28276688419371,0.0825669378705687
"gene_56",2.85931500112649,-1.21437107653529
"gene_57",5.48758395358956,-0.214577877438611
"gene_58",7.24471682333826,0.341631557139515
"gene_59",10.3674999105156,0.193484332758246
"gene_60",6.56461763941052,0.488763702230098
"gene_61",6.17816747420639,0.940399905922749
"gene_62",6.47026432545126,-0.0896979737136308
"gene_63",6.61450180896204,-0.0212742350725092
"gene_64",9.13683972143777,0.141632738811584
"gene_65",8.73514968404332,-0.365621358912464
"gene_66",6.16253252411172,0.0589333075453192
"gene_67",4.46944910530382,0.526623702317481
"gene_68",5.81212167248289,0.451827069864275
"gene_69",2.20559356238909,-0.0688762889982377
"gene_70",6.89050800088704,0.192409613099105
"gene_71",9.28511666333542,-0.0474010349341014
"gene_72",8.29360041546139,-0.292994133019306
"gene_73",5.09966706596223,-0.268490115430548
"gene_74",8.30472690778239,0.197412256754931
"gene_75",4.13425040385202,-0.506954789870643
"gene_76",6.71448269655868,0.346316812678994
"gene_77",5.61949408062001,-0.0764756156644537
"gene_78",9.10019708663981,-0.000996080114629852
"gene_79",7.88519766151744,-1.03714381428965
"gene_80",5.90484021970144,0.0334520622468672
"gene_81",8.56319580811743,0.123988574336027
"gene_82",7.57806403952616,-0.14561256111489
"gene_83",9.33280015620524,-0.204886509892675
"gene_84",10.8162719513886,-0.224251229396984
"gene_85",8.03308450151427,-0.260764585387432
"gene_86",6.7254371422259,-0.0692177216641576
"gene_87",9.99628016371922,0.298406141013284
"gene_88",9.96680597049008,0.0929093654125352
"gene_89",4.91395553267822,0.000620142073205308
"gene_90",5.53304894043564,-0.0634083487909505
"gene_91",9.79699547371988,0.460822972804997
"gene_92",8.51722325001493,-1.03538164055348
"gene_93",5.24231366234341,0.203343947251065
"gene_94",9.88310718674922,-0.118676302240941
"gene_95",8.93561417389629,0.146055886092734
"gene_96",11.2811647114617,0.409654394154713
"gene_97",7.04612419318612,-0.295994419731215
"gene_98",2.70736824209398,-0.362087843015999
"gene_99",8.31073529404577,-0.0619223231743498
"gene_100",10.570611986413,0.167994586584066
"gene_101",5.03308279717586,0.0296908375548611
"gene_102",4.29643052217352,0.109740883806283
"gene_103",8.22685453653508,-0.417425382636058
"gene_104",5.90188418734826,0.0484756997630753
"gene_105",7.48382721661086,0.0827383389560005
"gene_106",5.84244516291011,0.86315479461524
"gene_107",3.374592609958,-0.128970277998124
"gene_108",11.7991216081109,-0.293199779562118
"gene_109",7.68832766866146,0.0677251663674601
"gene_110",8.86585992519786,0.206322992934431
"gene_111",10.60627701835,0.0659714851604515
"gene_112",8.7212214049433,0.539979474550637
"gene_113",8.89062826982172,-0.126662390121904
"gene_114",2.82827744849652,0.300786641421216
"gene_115",8.95699774882524,0.183837886953731
"gene_116",12.2450575371378,-0.168631283357444
"gene_117",7.79485771792746,-0.176417580889556
"gene_118",4.66254099479574,0.113715577848623
"gene_119",9.42305821749945,0.0240575573229089
"gene_120",10.8182734593681,-0.0560328584858768
"gene_121",10.8352796044822,0.233721164328922
"gene_122",8.4065154045091,0.024661443572797
"gene_123",6.44789032923753,-0.302579841405572
"gene_124",8.06746550608095,-0.0507254244532473
"gene_125",5.10354683723914,0.323299350447426
"gene_126",11.6204408400983,0.00525699104303157
"gene_127",8.68157517878344,-0.118592840894729
"gene_128",10.4225060061632,-0.407298276296499
"gene_129",10.7827076240642,-0.088459585264201
"gene_130",6.8857818983621,-0.00588137008543392
"gene_131",9.0199964643176,0.0116387630749227
"gene_132",7.37926859553926,-0.133516415902292
"gene_133",6.51356410513507,-0.346499624158344
"gene_134",3.00421934426918,-0.19423620541309
"gene_135",5.46856046639928,-0.326836349611219
"gene_136",7.16042726104819,-0.207762880698162
"gene_137",10.3366169759908,0.0523541381801945
"gene_138",2.83719815777391,-0.350598553656283
"gene_139",4.31829307774405,0.00122857889018953
"gene_140",9.87874635319928,0.190262616209607
"gene_141",9.5060447381861,0.371483258228345
"gene_142",8.06817242660566,-0.479319160493295
"gene_143",5.21886988911382,-0.625982888973746
"gene_144",10.5979377600793,-0.225845824780715
"gene_145",3.23075684884549,0.843916691185919
"gene_146",7.15110997760722,-0.504892532808104
"gene_147",9.27321782085554,0.00682808818538252
"gene_148",4.55412896747956,0.0309405275959616
"gene_149",8.33561611201641,0.0630993822314713
"gene_150",4.4598942717735,0.00357328723747778
"gene_151",7.58438857274411,0.293702376204096
"gene_152",4.08268970400952,0.600711498631378
"gene_153",9.73931344530796,-0.298820213501257
"gene_154",5.10603383671046,0.0566601915321065
"gene_155",11.0206049803062,-0.0600350375296079
"gene_156",5.47196534215454,-0.205178926609044
"gene_157",5.6700355203367,0.182341727058822
"gene_158",11.1585524530468,0.911988946076251
"gene_159",12.1323665617805,0.14903286026214
"gene_160",6.1426818044374,0.108537365981385
"gene_161",9.79088414611985,0.0414910985660894
"gene_162",5.26086171970208,0.0795255118199857
"gene_163",7.00056334242245,-0.357293584091811
"gene_164",7.17384853783097,0.318853513605961
"gene_165",11.9330963101001,-0.00617094300282968
"gene_166",11.3247049297511,-0.135061742536363
"gene_167",12.2309240612541,-0.130413086286819
"gene_168",10.6433668272711,-0.149120876819567
"gene_169",4.41434701476471,0.147462485855943
"gene_170",4.11855891018923,0.0542017213804138
"gene_171",6.41594518547801,-0.24390517596164
"gene_172",10.9148980298627,0.142717579125246
"gene_173",4.89000348611247,0.13105148485521
"gene_174",12.297863337515,0.121035556547077
"gene_175",6.91159276435229,0.25521069381196
"gene_176",6.09449957625085,-2.12295244273566
"gene_177",6.94455753588423,-0.0490727026559442
"gene_178",8.05278096480772,-0.38104866866578
"gene_179",11.484505680311,0.854766635125449
"gene_180",10.0372177527317,-0.0931930780574122
"gene_181",8.76555945546044,0.247579336321955
"gene_182",9.90913017527458,0.271677536147468
"gene_183",7.92643986022938,-0.0952214063661836
"gene_184",3.65183741526472,-0.0910285559644209
"gene_185",9.17137454736285,-0.342075055113207
"gene_186",9.62052430632864,-0.639032476833803
"gene_187",8.62271736220802,-0.36733920044513
"gene_188",5.80207453860536,0.67043996034536
"gene_189",9.59264569599391,0.122460875656117
"gene_190",3.81558227115408,-0.548928501026262
"gene_191",12.2409949431893,-0.0494799291790714
"gene_192",5.36047612356409,-0.262945131205449
"gene_193",4.4283675571901,0.0831460427318955
"gene_194",11.8721845846803,-0.113017382165411
"gene_195",5.95956361517202,-0.0229994624484105
"gene_196",4.72811645931504,-0.285874797867291
"gene_197",4.50645852408167,-0.31590260195496
"gene_198",10.406063566348,0.17419784942562
"gene_199",8.3314196276418,0.332930116029266
"gene_200",4.18719803417349,0.0288304028284817
"gene_201",4.0048084119236,-0.241917448594164
"gene_202",9.65444377284967,-0.132453842302734
"gene_203",5.6669853981819,-0.133723544869576
"gene_204",4.98292403787172,0.538529162388738
"gene_205",6.80262460070935,0.581249215837811
"gene_206",2.55538195099159,-0.413313028312446
"gene_207",3.08766332537874,-0.291202390813598
"gene_208",8.21947779315882,-0.236156662281508
"gene_209",2.32769004697494,0.0855240257170009
"gene_210",7.2626509187505,0.153855517240163
"gene_211",6.14144781650008,0.12743001532781
"gene_212",11.0946698789156,0.413354925457546
"gene_213",4.98086164092349,0.479834664156722
"gene_214",5.23678624199943,0.795463517160875
"gene_215",6.62175545158428,0.087602081427717
"gene_216",7.88197663216408,0.141962859287474
"gene_217",4.77662252143956,-0.0976884002640644
"gene_218",9.66894830212275,-0.221463975774336
"gene_219",7.97720408066591,-0.282476345032728
"gene_220",7.1681849476915,0.269905214437969
"gene_221",9.8296379278109,-0.386672398551667
"gene_222",10.3740435970386,-0.138261595989589
"gene_223",4.35129261899258,-0.0892053508813478
"gene_224",5.28416155540147,-0.00709608725978414
"gene_225",4.09389088173159,0.271574483236541
"gene_226",8.77993731047065,-0.138560004383753
"gene_227",7.62718267542004,0.1990416281869
"gene_228",3.92650595154605,-0.00509979607169561
"gene_229",6.67845727708999,-0.372679170757349
"gene_230",8.47568434623651,-0.0141214953878487
"gene_231",5.39627186548268,0.1144803030585
"gene_232",5.49184131136992,0.0176153021236666
"gene_233",3.66042148363471,-0.206627656545574
"gene_234",5.26829934061747,0.137584435088475
"gene_235",9.52418710661071,0.0320309957642101
"gene_236",2.49086848204507,0.442270474950812
"gene_237",8.50342759739682,-0.290660361746478
"gene_238",5.28685596685496,-0.359792629723378
"gene_239",10.1870131903949,0.155878738529452
"gene_240",7.80622571525817,-0.0093043937442786
"gene_241",7.7532315953622,2.18899372642845
"gene_242",8.17094448170336,-0.0661227013202586
"gene_243",4.19218791639368,-0.0929376413534214
"gene_244",9.23500673487363,0.24693191719019
"gene_245",9.16163064863182,0.352556594723712
"gene_246",2.54043475656118,-0.521489307751133
"gene_247",12.145278437557,-0.0764758784161021
"gene_248",10.3251830908245,0.178704112750655
"gene_249",9.84094745515354,0.0197954568696379
"gene_250",8.69181571472538,-0.14474490415604
"gene_251",3.43026898116659,0.458958020472459
"gene_252",8.32565702068416,0.388190675756151
"gene_253",6.24284871672862,2.09158201461581
"gene_254",3.50491902460604,-0.239813165472923
"gene_255",4.0364022097785,0.0618944089796223
"gene_256",3.828973213169,-0.243423583795372
"gene_257",2.19088764076055,-0.417633458310751
"gene_258",12.2496514035374,-0.0639319908789809
"gene_259",9.16306428792286,-0.274000619426529
"gene_260",2.78076071346959,0.398978164783017
"gene_261",10.1340842127209,-0.0978042273640361
"gene_262",9.2033467302176,0.159761933362031
"gene_263",4.86544573773306,-1.40160197871189
"gene_264",5.28012737297101,0.529964693943318
"gene_265",5.91597495979746,-0.371634138051342
"gene_266",11.4057303102308,-0.067122550662994
"gene_267",7.96366225841258,0.330408506398184
"gene_268",5.41789963479632,-0.110847034079993
"gene_269",11.6191898518081,-0.0888760084869843
"gene_270",12.201862160037,-0.545649898703629
"gene_271",5.69816455427222,0.197197652349004
"gene_272",5.20852186849063,0.306308824771674
"gene_273",2.90844464365475,0.0318595178445144
"gene_274",6.99857398897447,-0.0881471187902641
"gene_275",5.47110139967101,0.216135024166023
"gene_276",6.43319181138154,0.245173943832892
"gene_277",5.66668359382624,0.333102321786434
"gene_278",10.1116623919245,0.172051336551518
"gene_279",12.2514039542134,-0.266307279423999
"gene_280",12.2757607183403,-0.0152062270589876
"gene_281",9.39522509291919,-0.484595405408566
"gene_282",4.7455661453985,-0.545546668384966
"gene_283",7.03290877187383,-0.409422889597143
"gene_284",5.57827167440678,-0.0196246885672776
"gene_285",5.14415629589504,0.604254576408007
"gene_286",6.07512191737458,-0.161492946738854
"gene_287",12.342909260135,0.319144027923311
"gene_288",7.65467432158621,0.0624891598454398
"gene_289",12.3141981501304,-0.25002491363609
"gene_290",7.2941325475969,0.302392059092508
"gene_291",6.8610485678836,-0.00719422316307456
"gene_292",1.93364822565826,-0.489071708782709
"gene_293",7.58253873553863,-0.217946189274552
"gene_294",6.63041318785106,0.241621231587573
"gene_295",3.90287012692876,0.384980254701405
"gene_296",8.59891420099859,-1.90088284936452
"gene_297",12.304163359815,-0.0196462035717899
"gene_298",3.51634479759914,0.296899043012422
"gene_299",5.89646269257141,0.676260843557464
"gene_300",5.32018158800021,-0.214513728613988
"gene_301",6.06735262310898,-0.233663303296788
"gene_302",5.4637875340588,0.0297582254188082
"gene_303",3.59301864684271,0.323881703844076
"gene_304",8.93641004925217,0.368881866448215
"gene_305",5.80815395540357,-0.096340261171542
"gene_306",8.7721892918638,-0.304689827034915
"gene_307",7.13376069067512,-0.371936875719249
"gene_308",5.07777570164821,-0.0889973072167374
"gene_309",7.45407263137586,0.143545495772231
"gene_310",10.2229659895298,0.00640228708453527
"gene_311",2.04175796590052,0.401937116238491
"gene_312",12.2343769154307,0.0099972835249838
"gene_313",1.82056807499791,1.04364814345092
"gene_314",5.84280433642375,0.0480533803319168
"gene_315",7.48758397569526,0.0803121452432705
"gene_316",7.1868929438127,0.0987322788273991
"gene_317",2.23834000485336,-0.0260319895341761
"gene_318",3.12747877877869,0.661388081746348
"gene_319",6.41523753371216,-0.0613553583701031
"gene_320",8.19869477327587,-0.22305925612678
"gene_321",5.77845189009398,-0.423526179570654
"gene_322",10.2737230814717,-0.147270568528244
"gene_323",9.28375044640007,-0.422523349973759
"gene_324",2.34620870027204,-0.168492976261694
"gene_325",4.52138921512727,0.149033616496087
"gene_326",8.61802568789217,0.0802170682347775
"gene_327",7.56044508009163,-0.0203946150868321
"gene_328",7.59359863351998,-0.158123525355171
"gene_329",6.781209290391,0.385054110937403
"gene_330",11.3677178870622,0.257540005542441
"gene_331",5.77552115072437,-0.143543191332995
"gene_332",12.2406269244917,0.113098152392643
"gene_333",8.50011529757146,-2.18323535647966
"gene_334",7.80685488493811,-0.347096860066606
"gene_335",4.13511811215303,-0.0793910152329894
"gene_336",6.12634781263519,-0.0728139655027984
"gene_337",12.0294054579963,0.411613755605975
"gene_338",5.76503659337731,-0.355832328929427
"gene_339",6.61522402052661,-0.251300377128904
"gene_340",2.94935255398992,0.599158044811554
"gene_341",5.67081474150397,-0.257624158570323
"gene_342",2.97722805835959,0.967795566486985
"gene_343",10.1356369454034,0.230197486163833
"gene_344",10.8366908308346,-0.0756088969614326
"gene_345",7.89493327268748,0.224448921928814
"gene_346",7.24390066026576,-0.0274299737257686
"gene_347",3.66102471169537,0.137504338734331
"gene_348",12.2142390221894,2.06327549250094
"gene_349",6.67965010496307,0.119776193356341
"gene_350",5.15705240876371,-0.169532878769134
"gene_351",8.63238341379933,0.295576298177249
"gene_352",12.2381391650988,-0.082878847917713
"gene_353",7.86073926574779,-0.0740387679687676
"gene_354",4.27898316934543,-0.222034158099116
"gene_355",6.37629123159912,0.0388126682430912
"gene_356",12.2278610084029,-0.430874537586675
"gene_357",2.63175092247958,-0.52075441149576
"gene_358",7.85526304578126,0.300782913531736
"gene_359",10.6678155702589,-0.133411873023683
"gene_360",8.45812069178319,0.547941920400138
"gene_361",7.05154959091657,0.170479564493507
"gene_362",8.78096960494777,-0.196303784336745
"gene_363",10.2883492953274,0.184956352635379
"gene_364",6.76349376005946,0.439925967772264
"gene_365",7.51452214750421,-0.347952792121481
"gene_366",12.3028457482936,-1.0364576200232
"gene_367",12.1583398854652,0.0862152762013309
"gene_368",6.44864612862644,0.933577925582265
"gene_369",10.1894259184143,-0.00396999081207755
"gene_370",4.20364420499939,0.0119415900558455
"gene_371",7.77239611645041,0.0571134532321038
"gene_372",8.15253149257386,0.159639187177597
"gene_373",10.4209791388297,-0.219091334928799
"gene_374",11.1753464840722,-1.00638150898704
"gene_375",8.23197002086102,-0.259496420549543
"gene_376",12.2441271456069,-0.0666272483146232
"gene_377",8.15808197309694,0.152203734047779
"gene_378",9.37415390388756,0.0706976945309686
"gene_379",8.29306117017721,-0.0899008460844463
"gene_380",10.5831976674189,0.00918602906483964
"gene_381",12.2305033431086,0.136112527266125
"gene_382",9.91945555236237,0.252369020501003
"gene_383",5.10018115908464,0.161595334122546
"gene_384",4.35253497245452,-0.36130228785207
"gene_385",8.41383981972947,0.0269977909121509
"gene_386",6.0184675648962,-0.0177792098158596
"gene_387",2.58600120333357,0.459593728814407
"gene_388",6.12299312934652,-0.301778915966248
"gene_389",9.28064301064295,0.0389724379420216
"gene_390",7.39238312625969,-0.350283048862057
"gene_391",9.60775095906811,-0.0667597771662129
"gene_392",7.60458973747288,-0.114861647070136
"gene_393",5.68527931651652,-0.194197570730586
"gene_394",10.4156517303873,-0.0241027928401242
"gene_395",2.34442177515456,-0.520887992447715
"gene_396",12.1980923025701,-0.00119994844702964
"gene_397",5.16406780184403,0.118546218386288
"gene_398",6.49167949352442,0.776825418635679
"gene_399",8.83671001702358,0.0953067499767506
"gene_400",2.08257353730711,0.221537545949482
"gene_401",5.23792597663426,-0.0286117913969506
"gene_402",6.12663677566341,-0.0912064727400303
"gene_403",2.16460329737626,-0.153232949907089
"gene_404",8.02615581353731,0.307671251097079
"gene_405",5.01833762800442,-0.168626105733675
"gene_406",7.68076526052788,-0.298466553861887
"gene_407",5.28445084797975,0.0317045822842862
"gene_408",9.8064919267771,0.0899727434931098
"gene_409",8.02275280278572,-0.259930662411265
"gene_410",8.02995317400806,0.339310694224001
"gene_411",4.36925368229874,0.4858409374086
"gene_412",8.74509968080373,0.100766085952086
"gene_413",4.53950815427891,0.20343381915467
"gene_414",9.24934563421948,-0.0406688595420591
"gene_415",4.89665060449056,0.197785768298468
"gene_416",5.96492089816504,-0.324144415649964
"gene_417",8.11514540288917,0.139803495832296
"gene_418",5.46221410476703,-0.101426492288883
"gene_419",9.99886742851792,0.0442514404226038
"gene_420",3.2239155407493,-0.132704784892797
"gene_421",4.7494392635614,0.671041164277267
"gene_422",8.04371384192364,-0.0875782834028441
"gene_423",7.97095579975244,-0.430047691683433
"gene_424",8.7290246642396,0.0765358865143189
"gene_425",6.88879061628795,0.175867285658223
"gene_426",5.8597548987413,-1.24740505719075
"gene_427",8.39805595788026,0.283758881109713
"gene_428",6.19172853196472,-0.169552653527514
"gene_429",9.14378783342431,0.126663220117382
"gene_430",2.75956987353341,-0.972683326433532
"gene_431",5.65033704648028,-0.0163717016874101
"gene_432",2.5615549318917,-1.0919135764888
"gene_433",5.1819376129339,-0.0554876610822343
"gene_434",6.79556172118469,0.0700017399941834
"gene_435",6.28693683660717,-0.455948538496682
"gene_436",6.26268240261906,-0.0196554869686852
"gene_437",5.78347418840337,-0.127004490725637
"gene_438",5.6409356307066,0.200103423829935
"gene_439",9.23708905363744,-0.350429938553234
"gene_440",8.92187963122848,0.0155263708889809
"gene_441",5.23997583784611,-0.324668491244614
"gene_442",11.3925302158828,-0.0424369673238037
"gene_443",9.87139022855466,0.163598052487789
"gene_444",11.9898608499656,-0.10960940098199
"gene_445",8.60231789363649,0.211586659846037
"gene_446",9.01745771431459,0.204623919106395
"gene_447",5.99845570513696,-0.455397755123053
"gene_448",7.6317600475968,-0.0122991645234136
"gene_449",11.358165563288,-0.119068293857861
"gene_450",8.54153099238021,-0.0497122188615174
"gene_451",8.09066741001852,0.0577367928145455
"gene_452",8.51979069889223,-0.256978017089946
"gene_453",6.22495823647339,-0.042668956410184
"gene_454",3.88829331502299,-0.0590390630567169
"gene_455",7.03560888904973,-0.441348401196954
"gene_456",4.77749950733454,0.096071007435036
"gene_457",5.01607387473198,0.0448284773474247
"gene_458",1.95814281096001,0.184468455380983
"gene_459",12.2454248285218,-0.0627838227404306
"gene_460",11.5341378911487,0.213004495830482
"gene_461",6.12974454174418,-0.410507761791921
"gene_462",3.29570364980434,0.152438637877564
"gene_463",10.6879541168736,-0.322754500775695
"gene_464",6.73633081092446,-0.31909310669785
"gene_465",6.56788279652624,-0.316456543859644
"gene_466",8.96964481119205,-0.44001345389152
"gene_467",11.368286166437,-0.168900250003695
"gene_468",4.88148103670615,-0.255960304621295
"gene_469",7.37404040530107,-0.201969723964957
"gene_470",6.6951343707464,-0.239534081646298
"gene_471",1.97423837493489,0.482011411723547
"gene_472",6.23611048568157,-0.35416046539794
"gene_473",2.95585224697428,0.486828954154306
"gene_474",8.15659027219567,0.0311422565619454
"gene_475",5.70039136749534,0.233860727958088
"gene_476",6.84346124523534,-0.122822798484768
"gene_477",12.3109774453598,-0.350338328561646
"gene_478",7.54903657410187,0.34548322805599
"gene_479",5.2393840639239,-1.92455493648376
"gene_480",7.21068097766236,0.0361597580065252
"gene_481",6.08807211194226,-0.00160288137928615
"gene_482",9.49174409141651,0.0478006025146522
"gene_483",7.00174757794364,0.121880075008017
"gene_484",7.52979445234072,-0.0879928346416179
"gene_485",8.22831116511883,0.0850815151261416
"gene_486",10.9908322966754,0.147508289104769
"gene_487",6.76074557580686,-0.031469655338499
"gene_488",10.1089100441846,-0.23411854171964
"gene_489",5.10620737356416,0.117788037398933
"gene_490",11.0010888821646,-0.221702856302178
"gene_491",5.31445276784029,-0.630309298016199
"gene_492",4.26651955259528,0.270386440892626
"gene_493",12.1099994377349,-0.498135985485095
"gene_494",10.2735141136929,0.210808133433379
"gene_495",4.18741856416677,0.323436900176697
"gene_496",7.87245577027088,0.474378195375634
"gene_497",5.85093546902111,-0.151804022444522
"gene_498",4.72852177839491,0.369164640870573
"gene_499",10.7169356503888,-0.13163888498084
"gene_500",8.27906287491534,0.371474102680531
"gene_501",9.25640169093077,-0.0710974086372922
"gene_502",4.64580325128668,-0.794155208911105
"gene_503",10.8578542925183,0.082884626934838
"gene_504",10.5573020272497,-0.231881140622104
"gene_505",10.5446143045149,0.382232078320219
"gene_506",3.4034516589001,0.0775287610208023
"gene_507",5.63458785934721,0.173350183918731
"gene_508",7.49324562556499,-0.43116608500053
"gene_509",4.5136839393965,-0.154030886021807
"gene_510",7.00860279499974,-0.150668443845682
"gene_511",11.2057946600508,-0.318668283466436
"gene_512",6.02908187956112,0.088850526853318
"gene_513",4.16040278385331,-0.0463705879326348
"gene_514",8.14482944749823,-0.463499581308535
"gene_515",6.65505817077514,-0.206639919099732
"gene_516",7.16870168947615,0.0649592314178696
"gene_517",10.5059828202563,-0.156369723283345
"gene_518",7.42464940937469,-0.406646052156391
"gene_519",7.45814914865836,-0.00419124847116256
"gene_520",8.35170833011596,-0.56864668292795
"gene_521",4.2494588041836,-0.303155801556953
"gene_522",8.28503479294019,-0.297118615733779
"gene_523",8.22867074866935,0.130128085690892
"gene_524",9.58126712518358,0.0362495140731364
"gene_525",2.93934280954163,0.11959057722953
"gene_526",12.1123123930654,0.208058037781748
"gene_527",1.95138896199006,-0.0237928498727749
"gene_528",7.4461599892095,-0.0722600344859578
"gene_529",4.824597583756,-0.310845521763024
"gene_530",8.15963228395944,0.13087980926887
"gene_531",10.1008890075144,-0.299498728051525
"gene_532",1.64223898276386,0.305755337675978
"gene_533",5.30622692893204,0.202042099463858
"gene_534",1.64812293325648,1.0880005631086
"gene_535",8.34278257753406,0.228608015241438
"gene_536",8.40583681736702,-0.0401469834854345
"gene_537",9.78300574917594,-0.0990332376300828
"gene_538",5.9595609025617,-0.041564753294656
"gene_539",12.2410498995987,-0.0208994839163728
"gene_540",10.6432243445156,0.087052394397285
"gene_541",8.13506706792619,-0.446621521734631
"gene_542",7.40229733636836,-0.128860848208521
"gene_543",6.74563281866477,-0.0143574248191893
"gene_544",6.36854703864499,-0.00330461488771843
"gene_545",10.6909661979612,-1.91946739917585
"gene_546",9.03292378158162,0.148430984025346
"gene_547",5.08248316512862,-0.0887498226602434
"gene_548",4.04694937462742,-0.214434675301845
"gene_549",3.53030078638964,0.316651606369925
"gene_550",3.34792264674688,0.308397977118618
"gene_551",2.27753013679944,-0.567392890985916
"gene_552",6.43920375315819,0.313073392851261
"gene_553",5.136733117908,0.0285929318497604
"gene_554",5.57435060520468,0.144037701576033
"gene_555",11.4873793434421,0.0353391306266931
"gene_556",10.8662193878543,-0.419255354955089
"gene_557",5.78602627182546,0.0334370645787384
"gene_558",5.43782157210758,-1.86432736789713
"gene_559",5.85420540867175,0.0545272898443361
"gene_560",2.44036928331059,-0.316373523642001
"gene_561",6.90028183908298,0.294302026755291
"gene_562",6.939362840279,0.0625597785444317
"gene_563",7.01502081665127,0.0716532702119178
"gene_564",6.64609433766112,0.0300681094469469
"gene_565",6.49723098772369,-0.0495226128610119
"gene_566",8.11969453831345,0.149428598458793
"gene_567",9.42800933139717,-0.0788285767705159
"gene_568",12.1931441605892,-0.112349253591212
"gene_569",10.9361457676697,0.345771126417053
"gene_570",5.0118435629314,-0.0380052793278713
"gene_571",9.17587402505177,-2.02159807735048
"gene_572",4.99005822437046,-1.05510178523072
"gene_573",9.40130017157739,-0.0696055926738837
"gene_574",3.97409466517697,0.348304056068788
"gene_575",2.36886163517386,-0.287894746897713
"gene_576",6.59169422169645,0.0933301401935043
"gene_577",6.51653202172574,0.352523650028643
"gene_578",3.84313466265492,0.112732441722368
"gene_579",8.08186258411835,0.341691453686256
"gene_580",9.22300258304107,0.0451685340505692
"gene_581",6.20229434899498,-0.0565186028653132
"gene_582",7.69646688886486,0.185264846782619
"gene_583",5.30036044093569,-0.217303306493982
"gene_584",12.1093550964048,0.00714806873486619
"gene_585",2.75569548718615,0.107517072556302
"gene_586",6.58031352763202,-0.0666523935561893
"gene_587",4.31645813994343,-0.294914999802809
"gene_588",6.47339421478939,-0.038644779097502
"gene_589",4.74531970298325,0.473243661604581
"gene_590",8.55945839603569,0.0122280093262696
"gene_591",4.85245178359861,-0.262108017841702
"gene_592",4.89923400697517,-0.0946345845913755
"gene_593",3.26707817203795,-0.378926140582043
"gene_594",8.57095696890839,0.0524001286658021
"gene_595",2.8745077010423,0.0440999340839589
"gene_596",12.2611557230405,-0.106540652650161
"gene_597",7.89551282681465,-0.0583649442276974
"gene_598",7.71819199804554,0.197640595726751
"gene_599",6.52859067737911,-0.474476492357268
"gene_600",12.2572785130161,-0.120147010531608
"gene_601",8.12858662845943,-0.319468766864464
"gene_602",7.98910865426755,0.227855269768109
"gene_603",2.55849156311703,-0.260492697280036
"gene_604",2.87762553704263,-0.189935165674161
"gene_605",5.28233791641296,-0.10478638683826
"gene_606",7.638831122444,-0.140898099795769
"gene_607",4.44296321879881,-0.216467417256469
"gene_608",4.81952025819629,-0.232102950693287
"gene_609",2.42019900339631,0.726625157812015
"gene_610",8.15827918569349,0.00605412949931261
"gene_611",5.75599172915751,0.406520677771826
"gene_612",2.93340809959994,0.454458343301543
"gene_613",5.63206323875635,0.245626170694715
"gene_614",6.77737976766456,-0.578112554600459
"gene_615",4.16632091104818,0.227876372309067
"gene_616",2.12910045902381,0.0578321665325477
"gene_617",11.1740773460655,-0.0279778879130322
"gene_618",6.98874660272895,0.0503993141567992
"gene_619",6.50538301000348,0.36656742839306
"gene_620",6.67683893166401,0.0444481860459834
"gene_621",8.09103539721605,-0.150286534140577
"gene_622",10.2819881913471,0.0806281604693697
"gene_623",10.0422773631618,-0.008652542130921
"gene_624",6.14873211139981,-0.184201730878747
"gene_625",10.2761770602168,0.435418793222316
"gene_626",6.50880171193783,0.969698389668413
"gene_627",7.59949265443699,-0.195869294691198
"gene_628",9.77945107580991,-0.208337954888022
"gene_629",10.1974061512251,0.152253226612102
"gene_630",3.121942218719,0.163772788218185
"gene_631",5.28623573862124,0.203778409397396
"gene_632",11.2946509484208,-2.04171488292349
"gene_633",5.96765880553894,-0.0148768200257215
"gene_634",6.6039222832659,0.0464739220142489
"gene_635",6.95839925407992,0.121392790549915
"gene_636",6.84384030018416,0.392628173699513
"gene_637",8.1910595558517,-0.329279455727026
"gene_638",3.34117475068253,0.133101850460745
"gene_639",9.49576253354486,-0.0744153420553984
"gene_640",5.12046125470666,1.78793980396876
"gene_641",5.57696458178271,1.71928971707739
"gene_642",5.55387948913142,0.315689611720847
"gene_643",9.48901366117405,-0.193256315010114
"gene_644",7.26716214786563,0.268606021598188
"gene_645",7.62233894571407,0.187519209101322
"gene_646",9.02264487515181,-0.0949389112492935
"gene_647",8.26891766720457,-0.0161753772958706
"gene_648",5.36585242957184,0.653601009067623
"gene_649",7.86301274952233,0.205371144774287
"gene_650",7.13647398629047,-0.0649935562304033
"gene_651",7.71150453958323,0.0187837795232983
"gene_652",3.30912541026857,0.23731030084691
"gene_653",7.18518753417283,-0.138574087425821
"gene_654",7.53377263302607,-0.0460174793532537
"gene_655",7.86892954474159,0.202242582124093
"gene_656",6.30755691291378,0.240890005387719
"gene_657",9.64237831885745,0.181902917793282
"gene_658",11.5750286898982,0.0486158442084927
"gene_659",5.37293817475183,-0.0336210530798123
"gene_660",3.02666932694235,0.104767449653392
"gene_661",9.5129254773547,-0.00189938293676414
"gene_662",5.88338527105888,-0.29272740843709
"gene_663",7.85042416590056,-0.0885195086406174
"gene_664",7.54070325179288,-0.101801463129368
"gene_665",6.66534371720415,0.203914229175373
"gene_666",8.49567664011443,-0.0381224112464356
"gene_667",3.38595850150351,-0.548565977380889
"gene_668",8.70385055268524,-0.0459437343071218
"gene_669",4.76074057509167,-0.0137541310653556
"gene_670",3.41869064976868,-0.113871227366986
"gene_671",8.99504781375247,0.133312187148602
"gene_672",6.13317241511126,0.214045106992554
"gene_673",6.53704184815451,0.295338960224038
"gene_674",7.38171984015267,0.125010970097767
"gene_675",11.5705468073848,0.11546030293339
"gene_676",9.44425640287677,0.242581818628947
"gene_677",4.26887539782553,-0.0986378700539362
"gene_678",6.58708709727708,-0.0841906937452005
"gene_679",4.65328949315323,-0.549861118747679
"gene_680",4.71742524923476,-0.0904423076832323
"gene_681",7.75730324092386,-1.72048687331084
"gene_682",7.4353424044859,0.0193456648593859
"gene_683",3.17805735852197,-0.218343221917587
"gene_684",6.4053454374352,-0.260402425573662
"gene_685",8.97706638370354,0.197863666354079
"gene_686",9.88589134493273,-0.196276440373861
"gene_687",3.64347313340461,-0.994225955853597
"gene_688",6.64533092573201,-0.0992935303051671
"gene_689",7.79084372987165,0.34608169287138
"gene_690",8.05801340981139,-1.93438019116202
"gene_691",10.512909609945,0.0796406189250774
"gene_692",2.33671561599381,-0.304857418812478
"gene_693",10.6457838255033,-0.135075681374749
"gene_694",3.59425746523774,-0.493519850040001
"gene_695",12.2649148999335,-0.13420182736223
"gene_696",2.55865465891039,-0.636345423076412
"gene_697",7.2919519159106,0.301356475951709
"gene_698",6.221933552274,-0.0851309230931025
"gene_699",10.6435027903478,0.0887297562240539
"gene_700",6.38654115739661,-0.252101961448225
"gene_701",5.3107506211876,-0.0180224479154962
"gene_702",8.24739141696842,-0.0348061923233297
"gene_703",10.5659508813472,1.03267962501478
"gene_704",6.22446098995666,0.284409418064844
"gene_705",4.33305785186825,0.570356558116285
"gene_706",5.37315289732195,0.300336993042423
"gene_707",8.31263227599074,-0.0931380541564719
"gene_708",8.23444343829273,0.299822110923902
"gene_709",5.97825689783137,-0.410101546417827
"gene_710",7.79193747859739,-0.566817692262889
"gene_711",7.13803038011776,0.0657477464299519
"gene_712",10.9411891787143,-0.303823799488091
"gene_713",12.102508644331,-0.173060146501288
"gene_714",6.61017342582539,0.238779684447462
"gene_715",7.52441629080772,0.0453265982278966
"gene_716",7.55548591469722,-0.260074881231422
"gene_717",5.50783856203277,-0.0939816945367228
"gene_718",5.26806814769122,-1.99062817561545
"gene_719",4.8595193267374,-0.031994092591939
"gene_720",8.62105442873405,-0.250289288248337
"gene_721",2.33780427622199,-0.0762435359197753
"gene_722",10.0628964150328,0.0726039356176625
"gene_723",7.12841136418393,-0.416950727754855
"gene_724",8.5730211990696,0.0608133194790562
"gene_725",6.40672616172857,0.323577373873446
"gene_726",11.3532961215117,-0.0410554676992551
"gene_727",2.14390352459517,-0.271270596501485
"gene_728",9.50068600939061,0.0939929464612504
"gene_729",5.43041313165903,0.291409258731907
"gene_730",4.15578608979456,0.0379206957034398
"gene_731",7.36751571952735,-0.0466132032199707
"gene_732",10.4069061593269,-0.139908049704236
"gene_733",2.70964113607001,0.854067427099498
"gene_734",7.19164309729985,-0.221970495019121
"gene_735",8.17559972725817,0.0193609872376534
"gene_736",12.1190143709427,-0.968687049621571
"gene_737",3.75526410906424,-0.286278794621908
"gene_738",2.26301464980862,0.53684543566506
"gene_739",7.80422246845227,-0.425184137168343
"gene_740",8.70172077329611,-0.387211182803724
"gene_741",8.47759292206741,-0.104332827890953
"gene_742",2.13334204841334,-0.0738021331787205
"gene_743",8.07116699625531,-0.0908539752953187
"gene_744",2.26174991908766,0.00155125802839946
"gene_745",4.7607675097314,-0.125867667675972
"gene_746",6.38710496186591,0.138897467379428
"gene_747",10.2057780311288,-0.279766992872237
"gene_748",2.92753076372806,-1.01688923101461
"gene_749",7.51859495754864,0.113288767577802
"gene_750",3.19643168040437,-0.0241799617793683
"gene_751",7.06797086307818,0.0486152276091239
"gene_752",10.0929326186383,0.119020104232898
"gene_753",10.3105579393908,0.160714648665569
"gene_754",8.06431964726451,-0.17460829173602
"gene_755",2.35610286084062,0.0674195932210983
"gene_756",9.92639241521591,-0.29147246119937
"gene_757",9.86352144814556,0.0898210785509376
"gene_758",7.47386510405675,0.0428035672984841
"gene_759",11.9925172063164,0.309922951417027
"gene_760",2.45116691429317,-0.474658888200763
"gene_761",3.53141181476919,-0.0612733903887624
"gene_762",8.71227103613536,0.162523500849766
"gene_763",11.3500820160619,-0.0757046012222078
"gene_764",5.65649101758422,-0.00880648771593772
"gene_765",7.48812272721873,0.119969421123247
"gene_766",3.96736597261501,-0.433613251637008
"gene_767",10.2297852862703,-0.271665521807683
"gene_768",3.99748283538955,-0.0655033786383957
"gene_769",10.1815063711606,-0.940566358946319
"gene_770",5.76164204220145,-0.153506053220015
"gene_771",4.30761318441242,0.305796165739283
"gene_772",8.32544862702939,-0.0747889469694163
"gene_773",5.21995992731975,0.0566492236245416
"gene_774",5.94665609304416,0.38288099447307
"gene_775",2.18802943296262,0.182159092829571
"gene_776",5.82916865864759,0.250283755428295
"gene_777",2.68293944891633,-0.870483684493637
"gene_778",11.5630458955267,-0.0764346845233395
"gene_779",10.7089206391979,-0.0188185176504689
"gene_780",7.726219564537,-0.423967118791768
"gene_781",7.77632798494517,-0.17024050613175
"gene_782",9.23960452854149,1.15087645616662
"gene_783",11.8149609980132,0.294928405971263
"gene_784",10.7544654503191,-0.0747082672204576
"gene_785",2.35092838722725,0.182615032263511
"gene_786",3.87901849203337,-0.0713445360000286
"gene_787",7.16344298468166,0.134809032474437
"gene_788",3.42726564171953,-0.279519512677253
"gene_789",11.2342191113635,0.13376115304652
"gene_790",9.80735237576168,-0.0691038972579644
"gene_791",6.1008260102179,-0.471849969089025
"gene_792",7.32976898378199,0.141225473329028
"gene_793",9.61546606221081,0.286034494959474
"gene_794",10.3845750929657,-0.13924484357757
"gene_795",7.33027360553725,-0.215821588125311
"gene_796",7.09662642570879,-0.0111242264347495
"gene_797",6.20386001744903,0.368157212875606
"gene_798",4.1522152644122,-0.287315143273971
"gene_799",6.75063962716834,0.470118919102252
"gene_800",5.32563969440428,-0.0186502747050814
"gene_801",8.45281847527626,-1.09316401059998
"gene_802",7.89182956356997,0.403885689602041
"gene_803",4.08073982790543,0.00844939436479392
"gene_804",7.83496311318157,-0.0562791627104249
"gene_805",7.90497359575617,-0.163981962291715
"gene_806",6.11770019698373,-1.2292037972395
"gene_807",6.55222171450104,-0.0580629138127248
"gene_808",8.69028134043762,-0.0949828858565627
"gene_809",10.2606813057196,-0.301541036429441
"gene_810",6.04105694573535,-0.124566580593134
"gene_811",11.5120329380922,-0.0738504674710175
"gene_812",5.3420042956894,-0.0151107985478481
"gene_813",2.31984417636099,-0.0778622285326639
"gene_814",4.25290759904594,0.518781716724719
"gene_815",2.97159337813234,-0.265371401638119
"gene_816",11.419457663106,-0.984467059806028
"gene_817",10.8593737843225,-0.0241763759180635
"gene_818",11.4931598843147,-0.240918482771594
"gene_819",6.04526714597306,-0.11249322737083
"gene_820",4.66842880026145,0.119415442278459
"gene_821",5.28643870095432,0.336821151279007
"gene_822",10.6407557209067,0.269358560726294
"gene_823",8.93479024505564,0.0542004912200042
"gene_824",3.38012680148288,-0.490358666585789
"gene_825",7.23609034179358,0.145452246099122
"gene_826",3.18930815796737,-0.45416991160759
"gene_827",8.86471603213819,-0.098396766072214
"gene_828",6.29351054425806,-0.118581585026295
"gene_829",8.80251149884467,0.183548225750443
"gene_830",7.86724976552942,0.111848682282041
"gene_831",6.49387565848703,-0.180865829617108
"gene_832",5.83081807456805,0.20389492521527
"gene_833",6.58891908821161,0.313956947948567
"gene_834",2.56036558537802,-0.111523229328765
"gene_835",12.3046627078681,-0.569737216521655
"gene_836",10.7929837119379,-0.015732794242355
"gene_837",3.52491967478894,-0.289094286635789
"gene_838",8.56541794454722,-0.181012918803656
"gene_839",7.27076214979062,0.0535898805846182
"gene_840",2.62217034410622,0.328511970465482
"gene_841",6.28500797246124,0.0711612616769858
"gene_842",5.2043548576073,-0.170005321991165
"gene_843",9.12618024126135,0.0386233696871685
"gene_844",3.18925344943186,0.449813749264533
"gene_845",9.20628350872501,0.0709540243900741
"gene_846",7.83877161424413,-0.249864008284825
"gene_847",5.96773204936702,-0.0764461665018219
"gene_848",7.10546760725465,-0.328898400265204
"gene_849",2.24606439316543,-0.245443502431001
"gene_850",2.08424680338689,-0.204803493305673
"gene_851",5.96251644421703,0.180098014475765
"gene_852",4.62863649409793,0.125985529638024
"gene_853",5.64799019416769,-1.07554941671564
"gene_854",6.59400477428515,-0.0597015162059827
"gene_855",6.64014616564078,-0.164242044693892
"gene_856",8.88299290567173,0.190321952087781
"gene_857",7.18554328425926,-0.165049313615466
"gene_858",8.83761496994188,-0.0840803904886809
"gene_859",8.84910310273576,1.08934478517386
"gene_860",9.3399012804741,0.24180226623399
"gene_861",10.6639117833294,-0.131959240497372
"gene_862",2.28477514430057,-0.0653038721690864
"gene_863",7.78454741420026,-0.390785134367778
"gene_864",8.07077263914408,-0.565786225174913
"gene_865",1.85695153174851,0.532656551027269
"gene_866",4.44944245300105,0.130852889288275
"gene_867",5.14382267600901,-2.1202138738383
"gene_868",7.25645675184454,0.102259728522447
"gene_869",6.04598305092449,0.337338607383043
"gene_870",12.206409312546,-0.0902393481053478
"gene_871",5.30850599536618,0.300552717375446
"gene_872",2.51841296180858,0.00565830149104386
"gene_873",7.14712145667858,0.120110368879424
"gene_874",8.46575183456439,-0.488715242973429
"gene_875",5.15189952035071,0.0495852308648067
"gene_876",9.85417718238432,-0.112665803583925
"gene_877",6.59042990731188,-0.0286579267952311
"gene_878",10.5174361582666,-0.101498166146732
"gene_879",10.9258309516643,0.038434918550394
"gene_880",9.77980113185411,-0.160570825597819
"gene_881",7.080899179159,-0.679442368596793
"gene_882",2.47877990517588,-0.871682542325944
"gene_883",11.2356311256712,-0.286442862617142
"gene_884",4.42383874112789,-0.191695109253069
"gene_885",7.91059019459425,-0.463947691055745
"gene_886",5.6258368970873,0.112646422863677
"gene_887",12.0759059825355,0.593608734549646
"gene_888",2.99404885536071,-0.344044248025387
"gene_889",10.2733672493879,0.0513692557486017
"gene_890",8.98096262494708,0.0930742097653158
"gene_891",5.40925676564646,0.330423296620597
"gene_892",10.2413486473123,0.190524980588412
"gene_893",5.70169576605139,0.067069269290834
"gene_894",9.82186957366239,0.646374912905537
"gene_895",8.28832232791693,-0.0190336878686155
"gene_896",3.77810080089587,-0.00743322138143832
"gene_897",9.38007851286647,0.261571055638836
"gene_898",5.16525790873077,0.141919504424981
"gene_899",4.19508349652501,0.157866375428812
"gene_900",4.79514812759942,0.156155589152942
"gene_901",9.47904250607106,-0.0423838077955716
"gene_902",12.1906395053381,0.0382542102865124
"gene_903",12.2676145616681,-0.112859733550691
"gene_904",7.02507984973859,0.0925843086282086
"gene_905",2.58198649271496,-0.541671493100362
"gene_906",8.84223576239715,-0.0595689057258166
"gene_907",12.2717709306141,-0.0783026039794504
"gene_908",11.1542529313176,0.110043677446645
"gene_909",8.07884744566604,-0.0750732973653545
"gene_910",7.82071717873402,-0.302526544229837
"gene_911",8.13753853469241,0.032082159383293
"gene_912",7.3943433849034,-0.277208733707103
"gene_913",8.56387478504132,2.03281833976575
"gene_914",6.73357830189099,0.0925527340325176
"gene_915",5.15324090822579,-0.190648497820778
"gene_916",4.88325550987323,-0.0947718310130443
"gene_917",5.84234566193801,-0.330192633674284
"gene_918",5.07483713362219,0.00684747087477456
"gene_919",5.43458262884816,0.129175093918013
"gene_920",8.63869755255405,-0.0962716594300531
"gene_921",10.4741508617669,0.135358039325712
"gene_922",5.1097774902088,-0.312569237351806
"gene_923",5.04633059397895,0.227950429904063
"gene_924",2.36221320008538,0.459742019400486
"gene_925",6.2607427948515,0.276585278115849
"gene_926",6.08367428063467,0.233249754288127
"gene_927",5.47189490830675,-0.121232011773151
"gene_928",5.44246360566988,0.0706704910652658
"gene_929",12.2739337832542,-0.211574227858538
"gene_930",8.74390418090089,-0.268289273275006
"gene_931",4.87435437555821,-0.972328763945966
"gene_932",6.82808870460546,-0.0620340979186441
"gene_933",10.1969259429869,-0.046896844680517
"gene_934",4.86492861298732,-0.454772415834379
"gene_935",2.63624797465784,0.4697146713388
"gene_936",7.72453843590695,0.0930863545696222
"gene_937",4.5636183072959,-0.645061416926346
"gene_938",8.78454818960018,0.224006961510857
"gene_939",10.9987889824473,-0.0284220937078785
"gene_940",8.28360861798586,0.0967480394464168
"gene_941",5.162361299823,-0.0657198923496887
"gene_942",6.5360764231704,-2.05901950803658
"gene_943",4.67439178529953,-0.0213369005008284
"gene_944",7.61001249960669,0.217974712019332
"gene_945",5.47745549550253,-0.378541229870433
"gene_946",12.2338619344012,-0.0599907824188001
"gene_947",5.75627355906294,0.149074522139388
"gene_948",4.19654019183876,-1.05212885505466
"gene_949",12.0255225582837,-0.173970227888439
"gene_950",6.33793334721484,-0.0369184901046995
"gene_951",2.54610673566779,-0.575555183300577
"gene_952",4.13879310744708,-0.785740725061144
"gene_953",6.60454714915198,0.0281842973732917
"gene_954",10.1360294612724,0.480102179011307
"gene_955",6.47794940822439,-0.211617897799448
"gene_956",8.74679793703473,-0.0119159572270497
"gene_957",6.41771396229234,-0.209767749042646
"gene_958",11.6088372493445,0.360087806865772
"gene_959",1.51578802684711,0.25128856153678
"gene_960",4.43746827997577,0.509390594598645
"gene_961",6.58470707996131,-0.0938741767173571
"gene_962",9.45092689877655,-0.175054074983974
"gene_963",5.1213029924394,-0.242034007984066
"gene_964",2.57513746387972,-0.855422135493108
"gene_965",5.16334769225914,-0.417189999503569
"gene_966",11.4399619415365,0.340165724957702
"gene_967",6.72276304983239,0.141671880318691
"gene_968",9.18115173074726,-0.166971859477133
"gene_969",3.82080010865047,-0.224123081206889
"gene_970",9.35599202708052,-0.179238885060363
"gene_971",4.7828421723989,-0.152535772441741
"gene_972",12.0233445262397,0.241081175392189
"gene_973",7.10473668375445,-0.0743205600091291
"gene_974",6.08756216676379,-0.368390016347487
"gene_975",12.2347881593772,0.0625110270177357
"gene_976",12.3375361669973,-0.0779568783190228
"gene_977",6.91279814034396,-0.0957988061674865
"gene_978",10.3726178570963,-0.091361540409138
"gene_979",5.42599037228827,-0.134417196663813
"gene_980",6.45632337210758,0.529341773072047
"gene_981",3.36665238397466,-0.243415916932379
"gene_982",8.65439324048473,0.00249475421312177
"gene_983",8.16889986733953,0.00109175802667609
"gene_984",6.4154582042704,-0.278170172630415
"gene_985",2.50653465230317,0.385590909192911
"gene_986",6.20108938935264,-0.35036343163393
"gene_987",9.34945408560879,0.342964720085877
"gene_988",4.6059456146426,0.0100409536104995
"gene_989",12.0401547698741,-0.21373668845588
"gene_990",4.55436422254794,0.0335623641582671
"gene_991",12.2110247962531,-0.708515331191191
"gene_992",6.58542813587785,-0.176599256922526
"gene_993",9.66830713217604,0.0193205004983815
"gene_994",10.9389805325129,-0.13330518119938
"gene_995",6.18081509185361,0.21979010106442
"gene_996",6.43817932526895,0.134982056705462
"gene_997",7.94513455930503,-0.349103859555721
"gene_998",9.50160705669282,-0.0472915712550806
"gene_999",5.58252626492473,-0.159638547957557
"gene_1000",5.00347705822829,0.510748650836567
"gene_1001",9.80215466162566,0.00385580034651799
"gene_1002",9.16128753248595,0.0824524829916116
"gene_1003",12.1440142771822,-0.083118854690426
"gene_1004",9.63492278666135,-0.122589907763451
"gene_1005",8.37026767186838,-0.0220988974080557
"gene_1006",3.98021875174993,0.394373749384334
"gene_1007",7.38253038739483,-0.468350294882918
"gene_1008",9.09016273807141,-0.33338023008063
"gene_1009",3.34225052197713,0.055273691633768
"gene_1010",3.29020474230619,0.222158522731889
"gene_1011",7.32280073383733,0.00121192034282262
"gene_1012",10.1388506352682,0.374915838782868
"gene_1013",12.1476164671606,-0.293014961176325
"gene_1014",10.4726686373756,0.186171972316575
"gene_1015",10.5674247576722,0.0736627764209415
"gene_1016",8.97110541081874,-0.0656964607421752
"gene_1017",7.20955508571983,0.0293402961792753
"gene_1018",7.91491889859911,-0.286971412694484
"gene_1019",5.4800931281316,-2.17111107198592
"gene_1020",7.11777701481866,0.184615580007989
"gene_1021",10.3526731846285,0.164840216324812
"gene_1022",6.17839285689281,-0.571768385385106
"gene_1023",5.12258010541187,-0.474258766674432
"gene_1024",4.64575868731269,-0.37976078608569
"gene_1025",9.88096748653084,-0.105811698852815
"gene_1026",8.68953495011678,0.118225402743079
"gene_1027",8.81616097450036,-0.261080936429354
"gene_1028",10.0991395478693,0.393757805433523
"gene_1029",6.36995808968728,-0.223981340999285
"gene_1030",7.735097563179,-0.31224825115833
"gene_1031",6.45490254844989,0.0547926648713314
"gene_1032",11.7295487405296,-0.371223423716919
"gene_1033",12.1737390616565,0.0511535856697667
"gene_1034",11.502603310547,-0.081892351545329
"gene_1035",9.2771231209614,-0.0269016909858151
"gene_1036",11.2032311508246,0.0771370974542223
"gene_1037",10.294986496329,-0.265414357489496
"gene_1038",6.58533369737453,-0.466073748940111
"gene_1039",11.8014363189805,0.206704467642237
"gene_1040",6.80920720291492,-0.190207419025248
"gene_1041",7.48388977053875,-2.03229741233107
"gene_1042",12.0083807563593,-0.403510894853902
"gene_1043",10.9267252408745,0.00342296699644946
"gene_1044",6.03085424821085,-0.159269256028127
"gene_1045",10.30028772985,-0.132788342855423
"gene_1046",5.60219228210667,-0.140643644096535
"gene_1047",5.27567083401899,-0.0352110413712879
"gene_1048",4.80065354383841,-0.200518993493809
"gene_1049",6.73989665349233,-0.58871166064807
"gene_1050",5.27232338533146,-0.0221317411555614
"gene_1051",12.243589770762,0.0792485113194723
"gene_1052",2.22165483196383,-0.545350711254982
"gene_1053",5.73025360290927,-0.102784465383818
"gene_1054",4.1462263686428,0.0245769279502439
"gene_1055",7.35624660340233,0.0936073200781331
"gene_1056",3.68430126445477,0.0544001189739759
"gene_1057",5.40947888799702,0.0875489444199668
"gene_1058",6.59742999341727,-0.431719073375931
"gene_1059",6.4198141689609,-0.292393451968412
"gene_1060",9.07801389090449,-0.178826279808614
"gene_1061",9.04909193271052,0.995990724365096
"gene_1062",2.83206888292433,0.560170734581875
"gene_1063",9.18431157406794,0.234298270837219
"gene_1064",6.44223139283437,0.28713361835418
"gene_1065",2.46377972220776,1.81128020351799
"gene_1066",8.26295670380302,0.0769355792238992
"gene_1067",3.9868499386152,0.26227813946907
"gene_1068",4.30817352424879,-0.268454618579621
"gene_1069",9.67029859193521,-0.0604677893612504
"gene_1070",6.89165230762502,-0.38051674616478
"gene_1071",4.68592810540545,-0.213193765412487
"gene_1072",2.39533030877524,-0.0580440599440674
"gene_1073",7.13045773479923,-0.228995331312948
"gene_1074",5.38422227931358,0.331865739311357
"gene_1075",6.21906475193614,0.0873724254842464
"gene_1076",8.75427619776853,0.266074884349914
"gene_1077",8.20975659410482,0.281759499102025
"gene_1078",9.57081642104805,-0.00232563604068552
"gene_1079",5.09288059005415,-0.156857165161199
"gene_1080",1.67386404548493,0.0820836304102071
"gene_1081",4.04815809880724,0.193643218149127
"gene_1082",2.59830095158228,-0.550278211879914
"gene_1083",9.6779467313476,-0.144700396220694
"gene_1084",10.6703589432079,0.243138906528934
"gene_1085",11.9152707967509,-0.00387213424892454
"gene_1086",5.01226736412794,0.937278116628218
"gene_1087",6.88663747279764,-0.0933678738430407
"gene_1088",9.34607283105263,0.250463699079301
"gene_1089",9.66701090522164,-0.231617370934022
"gene_1090",8.9768595789534,-0.181091060642093
"gene_1091",11.8959978680888,-0.242282608918114
"gene_1092",5.15270402545688,0.500012262198211
"gene_1093",3.09225820745788,-1.8341101060036
"gene_1094",10.084676152731,-0.0183242011994892
"gene_1095",7.71325447363052,-0.0442195392528727
"gene_1096",7.11139868869837,-0.011518199883925
"gene_1097",5.843174896902,-0.141767302230704
"gene_1098",7.71688784508819,-0.0535209743262178
"gene_1099",5.99555012153934,0.0112287618559361
"gene_1100",4.04183291279772,0.353427562548697
"gene_1101",6.87807425666203,-0.205139887432849
"gene_1102",6.21623416481434,0.290053598208465
"gene_1103",6.87087784226969,-0.00162713809906999
"gene_1104",6.23116897978525,-0.0938427669350858
"gene_1105",5.19097713403873,-0.0954385791902668
"gene_1106",6.76732222811258,0.0688423323089256
"gene_1107",5.92475753120756,-0.0436940984663818
"gene_1108",6.73022190835613,-0.288242573923057
"gene_1109",8.1311386054039,-0.291687784734226
"gene_1110",8.08601293573762,2.00086249418882
"gene_1111",9.14918708771277,0.26747954833679
"gene_1112",6.04556759647559,0.00796263555112417
"gene_1113",7.43041618591606,-0.0890151445261228
"gene_1114",4.87933882496805,-0.0149084190281807
"gene_1115",6.75936760166995,0.44338468551755
"gene_1116",4.89327898895329,-0.142070004439007
"gene_1117",8.78152408324178,-0.209099174161576
"gene_1118",5.31697776429899,0.029831745075317
"gene_1119",12.1777720858499,-0.0965018127475285
"gene_1120",5.45670599742595,0.0986622725403544
"gene_1121",7.38491399202888,-0.130337542125459
"gene_1122",4.23239347308082,-0.0188020570296707
"gene_1123",9.17344551530562,0.0186408110350069
"gene_1124",8.5734688248112,0.132127493923817
"gene_1125",11.1303361861478,-0.194952454417544
"gene_1126",5.00792912229633,-0.205416113098208
"gene_1127",5.22455948713741,-0.0106944601280229
"gene_1128",9.28100387879344,-0.0771002249550183
"gene_1129",4.87544661323652,-0.495616437803552
"gene_1130",6.39964895230055,-0.416796352169351
"gene_1131",3.80005162895021,-0.0697042332215591
"gene_1132",7.55638862389368,-0.0698146747290482
"gene_1133",5.46674018979619,-0.0233621552737356
"gene_1134",6.08595419502601,-0.103377110882801
"gene_1135",6.93550838900372,0.315051601667159
"gene_1136",6.69511741719815,-0.548942832445459
"gene_1137",6.13280148583239,0.0092237560640313
"gene_1138",9.2513023442078,0.0739024340742428
"gene_1139",9.66281509693403,-0.0281148246451532
"gene_1140",8.24480782638047,0.174982974860799
"gene_1141",9.79213720399344,-0.230681875982893
"gene_1142",9.61320285878828,0.0879438361176861
"gene_1143",2.07832142673625,0.476294544211454
"gene_1144",10.1810834534973,-0.504637507729269
"gene_1145",6.93500489832331,-0.00515992724475888
"gene_1146",8.59378068382795,0.00378766493141833
"gene_1147",5.15602580639792,0.337613945525092
"gene_1148",9.98872454608248,-0.125513328254349
"gene_1149",7.17150545163212,0.373447643012503
"gene_1150",6.53245785629267,0.156965463587628
"gene_1151",1.93981141837708,0.00538471264600894
"gene_1152",7.30847835307362,-0.0201246351448536
"gene_1153",9.25324867807225,0.135833251865561
"gene_1154",12.1949321820966,-0.00831741070280512
"gene_1155",11.3692317309034,-0.454069642566639
"gene_1156",10.6564950680473,0.110458580768574
"gene_1157",7.14654130030477,-0.168012562167971
"gene_1158",3.46232561263685,0.513136552766874
"gene_1159",7.40881487447478,-0.706792772381804
"gene_1160",4.148871665058,0.0909884941361544
"gene_1161",7.11511134686998,0.0284754463322473
"gene_1162",8.38320573827658,0.205431185224379
"gene_1163",10.1235631611136,-0.309773187954328
"gene_1164",8.03384812615486,-0.126837964176845
"gene_1165",9.0355491934371,0.355515287405374
"gene_1166",6.33898463147895,-0.0231367484709245
"gene_1167",8.03110358370201,0.256339762887606
"gene_1168",3.58509932265615,-0.769789045753492
"gene_1169",2.66435251949961,-0.814247426778405
"gene_1170",2.16622367672161,0.4999500241549
"gene_1171",5.54716953235152,0.153841763326585
"gene_1172",8.67847189392119,0.384507535285938
"gene_1173",9.69243558901971,-0.0739781483133998
"gene_1174",10.3270605318996,-0.183021574022725
"gene_1175",9.40393385321559,-1.09989001252949
"gene_1176",6.44702950898345,0.203568228484092
"gene_1177",12.2813759478804,-0.311968901423534
"gene_1178",3.75478816007647,0.7483899582691
"gene_1179",8.91254147219448,-2.07126582419453
"gene_1180",8.76527408417913,-0.361294558314061
"gene_1181",4.61924595731904,0.0113613686328123
"gene_1182",8.95169744749022,-0.12402773025562
"gene_1183",8.85937423513666,-0.214314622783313
"gene_1184",5.56515283707922,0.206528159591389
"gene_1185",3.39891362872671,-0.247347949155633
"gene_1186",4.12640189480029,0.124751431571649
"gene_1187",6.96361241028228,0.265161014736027
"gene_1188",10.0386075345788,-0.141287883913866
"gene_1189",4.45202672326831,0.204360330277155
"gene_1190",6.69314812685218,0.152598628250188
"gene_1191",9.38002906045503,-0.319093602074506
"gene_1192",9.50560279916658,0.0523357356194416
"gene_1193",7.94977172975491,-0.0588281156274677
"gene_1194",10.6887920950625,-0.282337276407209
"gene_1195",12.127276268857,0.0142129528984616
"gene_1196",7.34381844750916,0.985981968977279
"gene_1197",11.4389250105082,-0.150590136337127
"gene_1198",6.65726584000779,0.471686899211499
"gene_1199",7.34355637266716,0.1560973810037
"gene_1200",7.18891564830608,1.01232486454092
"gene_1201",6.56550295346875,0.0819105585013253
"gene_1202",7.55003102573554,0.16730815782226
"gene_1203",2.45604296683364,-0.028604168502427
"gene_1204",4.46670390843103,-0.542114551682048
"gene_1205",6.09424557475099,0.177280557010717
"gene_1206",2.38310766558241,0.589742252840333
"gene_1207",6.62745021020828,0.352061583543445
"gene_1208",12.2941193175357,-0.210399867765418
"gene_1209",8.21414246350179,0.0623929247663178
"gene_1210",6.48847840004823,-0.274993791551478
"gene_1211",9.6443124749654,-0.0393474792488327
"gene_1212",10.0444996430611,0.251690855075746
"gene_1213",9.41555672688682,-0.0758279893194145
"gene_1214",2.03465509158584,-0.0835063207579972
"gene_1215",3.95255580747526,-0.610338622144909
"gene_1216",7.3281486710062,-0.223543599289577
"gene_1217",8.34674207850478,0.197106471592567
"gene_1218",4.20216614006747,-0.0570469246198816
"gene_1219",11.0344951463309,0.203118627571326
"gene_1220",7.12347107519632,0.0400597418618632
"gene_1221",6.74270080146883,0.359628958441835
"gene_1222",9.39844615534628,0.0320467029819182
"gene_1223",9.31846123655185,0.470889573604397
"gene_1224",9.77191343761482,0.0813650361102112
"gene_1225",3.04016077761713,0.18309120837263
"gene_1226",1.38719548258232,0.642098370112865
"gene_1227",6.35797833977269,-0.165870784295847
"gene_1228",7.96843535745591,-0.0673773694673662
"gene_1229",9.01060496335888,0.0892148690197092
"gene_1230",8.65570168016737,0.257590108413837
"gene_1231",8.42009877417376,-0.429941622109126
"gene_1232",7.62768554296685,0.390691476758347
"gene_1233",9.9995154882039,-0.0413449176857123
"gene_1234",9.5275288974729,-0.216980025568696
"gene_1235",8.1176514076855,0.0348202067856109
"gene_1236",5.59214357094056,1.9420383390206
"gene_1237",8.83250611176167,-0.0632438407590011
"gene_1238",5.46822611854884,0.20618014104538
"gene_1239",6.77933644093069,0.0827926331445104
"gene_1240",12.2418867166141,0.0816313893503597
"gene_1241",8.93378661843955,0.146508389505579
"gene_1242",10.5543988350138,0.120720820616997
"gene_1243",7.49905212620547,-0.33005885451953
"gene_1244",5.60868841767258,-0.320169647522624
"gene_1245",10.0393633086633,0.27433987425864
"gene_1246",8.38519167920762,-1.7689578290822
"gene_1247",5.36084504896448,0.353180297372598
"gene_1248",7.68677501890964,0.437975986907296
"gene_1249",10.2470814262903,0.118451795223096
"gene_1250",8.32912876881979,-0.106904876872593
"gene_1251",8.78032522702959,0.217956245978209
"gene_1252",10.4301682693024,-0.284712543283022
"gene_1253",3.38000446022823,-0.342258368970677
"gene_1254",8.55286745774168,0.351659830247236
"gene_1255",7.73865180043546,0.0263707793838765
"gene_1256",1.8799718146479,0.621844240124656
"gene_1257",6.80636496663672,0.268600063787894
"gene_1258",5.67851508847569,-0.212033329047914
"gene_1259",11.3949935124447,-0.104872212478017
"gene_1260",7.00487672848577,0.094803226535727
"gene_1261",7.88835659820282,0.134585957481163
"gene_1262",10.5757640457517,-0.263020659660074
"gene_1263",6.269040607582,0.340097006107127
"gene_1264",10.7150180682902,-0.0645286370574134
"gene_1265",5.49276449540981,-0.125653235883008
"gene_1266",2.18365083058531,0.00157636402065221
"gene_1267",9.13044973345234,-0.132894568135194
"gene_1268",2.82606912480699,-0.397463363188595
"gene_1269",4.70628811102633,0.184991683781911
"gene_1270",12.0584182158505,0.16370321673543
"gene_1271",5.52703523286458,0.212934410550694
"gene_1272",10.7965109801777,-0.0535165340369152
"gene_1273",9.38843676410501,0.145741956439253
"gene_1274",8.13671248712603,1.01354587741619
"gene_1275",9.91954449421293,-0.120346830995934
"gene_1276",6.07504366398765,-0.14044910547966
"gene_1277",7.47908883453089,-0.228253871372587
"gene_1278",3.84521298269926,0.391939669325721
"gene_1279",12.199542729866,-0.00266480465920712
"gene_1280",6.03371543751352,-0.181566364046628
"gene_1281",6.73652362106974,-0.193777568947883
"gene_1282",7.48248182287981,0.111593254330847
"gene_1283",10.6029287429297,-0.265003428305613
"gene_1284",2.52036069028162,0.345128330725729
"gene_1285",7.37349722413484,-0.00199139267213253
"gene_1286",4.22510573794705,0.165247545867762
"gene_1287",8.75584863397039,-0.0123197642213244
"gene_1288",9.90157448477571,-0.187618318583991
"gene_1289",6.00215294954118,-0.38819073891345
"gene_1290",2.99372126939496,-0.555440853726077
"gene_1291",10.950030255302,0.278817203338217
"gene_1292",9.91969542775261,-2.02223447859063
"gene_1293",7.78348195680283,0.219911470513513
"gene_1294",5.62610398338372,-0.253374495076971
"gene_1295",4.16231988359415,0.352320912210876
"gene_1296",9.25256687691811,-0.0372133845045879
"gene_1297",4.52532314329687,-0.000932533886593121
"gene_1298",5.94872962197977,-0.141619861268338
"gene_1299",11.7964999341557,-0.0772253047084139
"gene_1300",7.40490835787682,-0.141832116970893
"gene_1301",6.24831305157151,-0.136490545739347
"gene_1302",4.19827952000181,0.0332799052866903
"gene_1303",3.24705858066489,-0.638254748475661
"gene_1304",12.2443882464021,0.100636517989841
"gene_1305",3.09960079471633,-0.279527570684929
"gene_1306",2.42426094432735,-0.26229092171182
"gene_1307",4.23736477045215,0.0221719518341475
"gene_1308",9.02784446715612,0.154428591413288
"gene_1309",6.5070312852334,-0.0731729034208354
"gene_1310",10.2016028343306,0.14675700971079
"gene_1311",11.3813576015688,-0.441439119565727
"gene_1312",7.77705577216337,0.293535885433038
"gene_1313",8.10605020863798,0.708959260089021
"gene_1314",12.1236595387471,2.00734181428076
"gene_1315",9.02976677080043,-0.00557673286635871
"gene_1316",5.52764845723227,-0.0685353478416239
"gene_1317",7.54791072952748,-0.0853074609000524
"gene_1318",8.80890027974567,0.158875459833275
"gene_1319",6.23164079681127,-0.198450762590092
"gene_1320",6.55993544873296,-0.0973606452884143
"gene_1321",3.27057869968834,0.100593772548494
"gene_1322",8.72611976843652,-0.104025548786188
"gene_1323",2.88540311099565,1.10699027959431
"gene_1324",2.42165850497679,0.190832114793582
"gene_1325",5.93387307003584,-0.111672985664308
"gene_1326",9.01305450084824,0.0703604582961912
"gene_1327",6.23153031625982,-1.87203994620229
"gene_1328",7.66775714211408,0.404123468216961
"gene_1329",3.98282135597942,0.0897558597277782
"gene_1330",5.85929670245823,-0.00705301679740944
"gene_1331",3.69999165177744,-0.542057181785151
"gene_1332",4.37945939019508,-0.222243993009317
"gene_1333",7.18023066600954,-0.119594962421161
"gene_1334",11.6845431373171,0.225454623003573
"gene_1335",7.79414765619925,-0.269014248237846
"gene_1336",7.79796986909953,-0.0141782787985639
"gene_1337",7.10112188634515,-0.0003404443387676
"gene_1338",2.317020403844,-0.0121909580985473
"gene_1339",7.05510333200026,-1.02457156679996
"gene_1340",5.30514997933065,0.111765209539284
"gene_1341",11.092621221285,0.281788810226748
"gene_1342",1.82864010050797,0.741216010301044
"gene_1343",2.43123761387567,0.0386971660507875
"gene_1344",12.2130803797767,-0.0880139066983812
"gene_1345",8.85527737365095,-0.306754470854764
"gene_1346",5.65626965132813,0.121385670446525
"gene_1347",10.2538491930821,-0.157712262182283
"gene_1348",5.48359372244367,0.24748428866047
"gene_1349",3.73489343698422,0.234741519499132
"gene_1350",8.13518754099402,0.0655522402253662
"gene_1351",4.27389721620294,-0.290421530973737
"gene_1352",9.21690452264583,0.0199605207724608
"gene_1353",4.88274859736643,-0.124276392354429
"gene_1354",5.75325311059258,-0.0382318879014859
"gene_1355",10.8153065489931,0.476162644397306
"gene_1356",6.78220161252189,0.0328306419084347
"gene_1357",6.40046739103708,-0.437269901218437
"gene_1358",5.13288078705382,0.0532615424307039
"gene_1359",5.85133542500126,0.453163636976785
"gene_1360",6.8428516848909,-0.228481727395851
"gene_1361",10.754343992127,0.133568931088205
"gene_1362",8.73980730777215,0.11174167524891
"gene_1363",10.6699854680023,-0.0159304848411709
"gene_1364",6.88189350542853,0.268978522196466
"gene_1365",6.05036007112877,-0.445092241068682
"gene_1366",5.41577420488585,-0.00039059685686083
"gene_1367",6.68502881507823,0.249829412783683
"gene_1368",8.43994394582563,-0.0350701831111335
"gene_1369",9.27152152083989,1.86483951660584
"gene_1370",5.25362953986444,-0.163907227456827
"gene_1371",9.50244333186831,-0.122201310487656
"gene_1372",12.2490683477171,0.214333270547055
"gene_1373",10.4668605211409,-0.186667015056445
"gene_1374",11.1803619864268,0.0219161925065252
"gene_1375",5.2590747487542,0.101841758212548
"gene_1376",4.04369231846857,-1.93640265146564
"gene_1377",12.220567868468,0.000447323295676123
"gene_1378",7.97669704376777,-0.156632458702978
"gene_1379",2.43757594804594,-0.386704920525564
"gene_1380",9.17646668163224,-0.126929243937238
"gene_1381",10.7544419180641,-0.607921818880332
"gene_1382",9.35187091790208,2.04448422802818
"gene_1383",9.26264466456662,-0.199529391726509
"gene_1384",11.3021370441103,-0.360249139468796
"gene_1385",12.2416660844244,-0.0933865468136737
"gene_1386",5.09027022244976,0.00172905297993704
"gene_1387",10.9598180508162,0.0900561485219962
"gene_1388",4.8176908213224,0.0943715737818091
"gene_1389",11.4899704890378,0.230845360962773
"gene_1390",8.00255723533898,-0.162612013801213
"gene_1391",5.4919206969954,-0.49773609459721
"gene_1392",11.1093131069702,-0.149266718500623
"gene_1393",8.13600023687584,-0.178329889624538
"gene_1394",12.1878768085846,0.0760152744925561
"gene_1395",8.31919043209392,-0.2815707763909
"gene_1396",9.80607715593656,-0.0869764455562463
"gene_1397",2.75637232738818,0.590317514242956
"gene_1398",6.61347622072243,-0.294317003051532
"gene_1399",3.37572958184305,0.410803919983844
"gene_1400",7.8006892800845,0.0872918859844186
"gene_1401",1.82159390831695,0.495312986815911
"gene_1402",9.01305456033514,-0.379422962498402
"gene_1403",6.11665090024853,0.249060327049726
"gene_1404",5.59078777585021,0.0557250397551555
"gene_1405",3.76274159545002,-0.638158727266356
"gene_1406",2.18681618895194,-0.383635802805389
"gene_1407",9.65353877210593,-0.102191603560513
"gene_1408",6.99968974806421,0.00886768159836202
"gene_1409",7.3824341043172,0.17707967883257
"gene_1410",4.37552998765104,-0.154889622839932
"gene_1411",7.22423466200847,-0.102867271490002
"gene_1412",9.62147061915475,0.205010978098178
"gene_1413",5.56891237640258,-0.255137288426477
"gene_1414",9.58433738878919,-0.294651056561996
"gene_1415",7.32134548025992,-0.041102547649828
"gene_1416",9.71996730112054,-0.124041790107105
"gene_1417",12.2282687460662,-0.144759798451747
"gene_1418",10.5762045724085,-0.110823919714766
"gene_1419",3.34026100007437,-0.368701371826018
"gene_1420",2.08175859419141,-0.237278306169985
"gene_1421",2.11231510145704,0.226915585110234
"gene_1422",2.91776439559563,0.277728551237377
"gene_1423",2.13930078492795,0.202370681021177
"gene_1424",11.8364055634649,0.0564866121447221
"gene_1425",8.12976053821395,-0.388033918345192
"gene_1426",8.04122810187667,-0.14515957123787
"gene_1427",12.1690983814158,0.0192576320143954
"gene_1428",5.51209914561636,0.116443321339758
"gene_1429",4.7517684932544,0.117985176522784
"gene_1430",11.9678087449419,0.0257160231389378
"gene_1431",5.22381413165266,-0.170785818761142
"gene_1432",7.717227885426,0.430245901290168
"gene_1433",4.94588232356445,0.150710175279105
"gene_1434",6.07707161672541,0.072065241683178
"gene_1435",5.89736036001075,0.200700012519457
"gene_1436",4.65694905376561,0.129984797679165
"gene_1437",6.389157928976,0.371157593610939
"gene_1438",7.07923390107934,-0.0210177306984172
"gene_1439",4.25762667845609,-0.0822347483626926
"gene_1440",6.43201458071846,-0.29982849673454
"gene_1441",10.8270464334146,-0.0108977022893982
"gene_1442",2.58827409295105,-0.268410307220404
"gene_1443",5.14938760633174,0.320516568432302
"gene_1444",3.5633128997459,-0.302227530100602
"gene_1445",4.82943239693957,0.190133022795036
"gene_1446",6.36227621811021,0.235679865112174
"gene_1447",2.68218312430065,-1.15126096744494
"gene_1448",7.52637109778295,0.150820123374991
"gene_1449",5.32422863721064,-0.158889024499538
"gene_1450",2.83525145577072,0.380157321281654
"gene_1451",3.14488622172634,0.417071631040636
"gene_1452",4.47100106001743,0.0659849813754963
"gene_1453",5.886965489458,0.191544636400335
"gene_1454",9.29605619172859,-0.104358640481631
"gene_1455",8.83401371549921,0.103341953267058
"gene_1456",4.39246044228393,-0.502008131802854
"gene_1457",4.04239188529465,-0.235153080890307
"gene_1458",5.53624562763653,-0.237034472040643
"gene_1459",2.57431197904194,-0.333404684697145
"gene_1460",5.07300722459622,0.998221085914795
"gene_1461",9.50903146313336,-0.103124442721169
"gene_1462",7.83845429690506,-0.255336017155523
"gene_1463",8.06360062399378,0.184608360186039
"gene_1464",7.89661104798464,-0.0165533941088968
"gene_1465",12.1560376900887,0.156189811203307
"gene_1466",4.51943097386583,-0.269255603415484
"gene_1467",5.08595225907821,-0.134335484639375
"gene_1468",6.66204273185755,-0.177103399533752
"gene_1469",7.82117555458936,0.0273243020768029
"gene_1470",6.70608431744737,-0.181916784113927
"gene_1471",7.36517571104957,0.13152484103432
"gene_1472",4.62745177095488,0.132042383001951
"gene_1473",12.245791715669,-0.161639362842261
"gene_1474",8.98356073334255,-0.224089236675958
"gene_1475",8.47572958893947,0.0550972999989499
"gene_1476",5.49989397382923,0.0512300841353527
"gene_1477",8.49104986777353,0.344946986227297
"gene_1478",12.2828037196373,-0.129935142646365
"gene_1479",2.23532614586284,-0.498299278764135
"gene_1480",6.52659004574396,0.0710360604244603
"gene_1481",5.68184782125881,0.00455325121598839
"gene_1482",3.10567149443026,-0.0845897628320041
"gene_1483",6.43041227754615,0.308775390119542
"gene_1484",6.1674175720389,-0.191395800781113
"gene_1485",5.16121119336569,0.153398421292921
"gene_1486",6.03056443663758,-0.0614045888780456
"gene_1487",2.22061203837199,-0.237392119995447
"gene_1488",10.4204266356048,-0.0012768409983984
"gene_1489",5.44258006220088,0.496322103993257
"gene_1490",8.36602645422384,0.0348289951082359
"gene_1491",7.53398694947753,-0.881027420969482
"gene_1492",7.25203215863718,-0.146116598305106
"gene_1493",11.3617152433425,2.05062977109377
"gene_1494",5.22695140292671,-0.0220071400879485
"gene_1495",5.94822417201739,0.163314093659041
"gene_1496",11.6723874361855,-0.0395247148956265
"gene_1497",8.62237745936834,0.139793479331195
"gene_1498",6.44556088879855,1.96906166645638
"gene_1499",5.38406380084296,-0.993250868301792
"gene_1500",11.0668596423058,0.0919853601391436
"gene_1501",7.77215723387152,1.0445362982427
"gene_1502",12.2460500609996,-0.382608376317644
"gene_1503",9.20770006501008,0.275337409071182
"gene_1504",8.18801223588201,0.349227368724684
"gene_1505",5.27357243502582,0.120746512613483
"gene_1506",7.13954643860241,-1.92296988847094
"gene_1507",9.64172804661367,-0.224324551600943
"gene_1508",8.39723366556546,0.524912662401748
"gene_1509",5.33090074905718,0.504251393245085
"gene_1510",11.930401159387,-0.0769725825536537
"gene_1511",8.09022014345621,0.0964302122166349
"gene_1512",7.02751306549246,0.130945954947462
"gene_1513",2.45405957603845,-0.323063100150371
"gene_1514",4.6514016487661,-0.0275891373167981
"gene_1515",6.99577441635395,0.0319175747002684
"gene_1516",11.980506333163,0.432971549251754
"gene_1517",5.17031086988709,0.0361562311685683
"gene_1518",3.53184024813498,0.707529761327549
"gene_1519",7.76892216396644,-0.258188258134354
"gene_1520",9.08193578952927,0.415206935878567
"gene_1521",3.75799849235165,-0.233486351405012
"gene_1522",2.78993089742327,0.40240041995466
"gene_1523",5.21978057439378,-0.0521220379145876
"gene_1524",5.44992847209903,0.113415520164094
"gene_1525",11.1231072394497,0.366878974971165
"gene_1526",5.84168715017326,-0.106554967633393
"gene_1527",7.82947786876324,-0.386099651134986
"gene_1528",12.1819254171736,0.131973698497149
"gene_1529",2.81067713505088,-0.645168441807686
"gene_1530",5.04477649166605,-0.103396653911016
"gene_1531",6.81472664298574,-0.000139171130394263
"gene_1532",9.20344859423214,-0.20776681575455
"gene_1533",6.962153370066,0.216601669922771
"gene_1534",8.2504689224468,-0.580003869757536
"gene_1535",5.19808998107142,-0.203087460285634
"gene_1536",8.09592879913666,-0.14515188624081
"gene_1537",9.66853284390682,0.527123541851881
"gene_1538",7.21066765857338,0.342742472316892
"gene_1539",7.50088085827961,0.0439377436427421
"gene_1540",10.1497982501097,1.9638707948136
"gene_1541",8.66749336512292,-1.03333105680778
"gene_1542",6.15046339260272,0.532369621142822
"gene_1543",9.47454823898052,0.23844912299927
"gene_1544",10.6919818856242,-0.24980784855453
"gene_1545",5.94029222408244,0.0204006378536724
"gene_1546",4.51549497139557,0.0452083888667604
"gene_1547",5.97343743730348,0.196206235705543
"gene_1548",4.98566120374102,-0.266952193822125
"gene_1549",7.80661928579628,0.0608004895550395
"gene_1550",5.9097645688926,-0.215149465584741
"gene_1551",4.95237230120832,-0.117678400101616
"gene_1552",3.83927338019578,0.0566326274969252
"gene_1553",2.00198269555477,0.0139315488709619
"gene_1554",10.2704235061221,0.0257227138333847
"gene_1555",8.82571528256738,-0.169212168422308
"gene_1556",8.93746916042959,0.38330700614546
"gene_1557",6.27805154803382,-0.293640370715449
"gene_1558",3.83787167219598,-0.78271170410499
"gene_1559",6.57620858614072,-1.02395160113808
"gene_1560",9.94963717621732,0.0165364415279648
"gene_1561",5.51695335412047,-0.0200133455099692
"gene_1562",8.95866600408309,-0.0134080300089728
"gene_1563",8.61523341373146,0.074536296858016
"gene_1564",9.41092994765591,0.132031907592233
"gene_1565",8.59582394719786,0.387738478992064
"gene_1566",7.39417542616175,0.317886069934629
"gene_1567",7.50895942965632,0.0660938713587622
"gene_1568",10.9221546972384,0.336888296460189
"gene_1569",9.32793880313874,0.038368958608756
"gene_1570",5.71730890572104,-0.425949433855805
"gene_1571",4.37446545914711,-0.274843775558124
"gene_1572",8.04249226016565,0.0653535944080799
"gene_1573",10.3786527287933,0.157615736084093
"gene_1574",7.16711701535404,0.213217584209015
"gene_1575",9.69403597478741,-0.0315097384746424
"gene_1576",9.57524180606305,-0.0192072901718552
"gene_1577",7.4981511283437,0.050034460446518
"gene_1578",5.10965927789777,-0.166544258557827
"gene_1579",3.37400592441908,-0.513275374470251
"gene_1580",11.1427294131971,-0.0394190108136589
"gene_1581",6.26023789234903,0.291767962387707
"gene_1582",8.37864502423248,0.0174347754928409
"gene_1583",2.43574278231112,0.526103627749355
"gene_1584",3.84276725487212,0.0215052175056546
"gene_1585",3.25393561789075,0.303406063017697
"gene_1586",7.47770298008574,-0.107934004627102
"gene_1587",8.67243416534108,-0.0711479163995665
"gene_1588",5.22198176854141,-0.295813723444257
"gene_1589",2.05675894958709,-0.0397332961552986
"gene_1590",12.2517473834763,0.177681013343729
"gene_1591",3.14859002359316,-0.272614060015899
"gene_1592",9.93571057316614,-0.152858665137038
"gene_1593",7.11135569034138,-0.263174685947145
"gene_1594",5.98619348844036,0.376721834121589
"gene_1595",4.75786911807535,0.101128240500658
"gene_1596",11.5485955534581,0.0727823300730171
"gene_1597",3.75849583045066,0.121239003878872
"gene_1598",7.64978995098885,1.93940233523865
"gene_1599",7.66885651120067,0.368200939144552
"gene_1600",4.11204824015386,-0.439514006123811
"gene_1601",7.93803627643858,0.216681152671008
"gene_1602",12.0371210285586,0.457304191778098
"gene_1603",11.8510195240836,0.174931667156603
"gene_1604",7.48208743564966,-0.0860807247479224
"gene_1605",6.105793083512,-0.0468988909099254
"gene_1606",8.36339200878425,-0.0347254595274895
"gene_1607",4.69817612691758,-0.403147103288544
"gene_1608",4.77021619326163,0.0679172053038063
"gene_1609",6.74196359817366,0.177275897590639
"gene_1610",2.27711299477217,1.84475664545222
"gene_1611",7.27202331509643,-0.0210849957884949
"gene_1612",9.21641315900744,0.219488257762118
"gene_1613",4.35192144558267,-1.14804120913835
"gene_1614",2.73097324248679,0.109674898213282
"gene_1615",9.78497145291209,0.436414137818374
"gene_1616",12.207045931686,0.419439290642694
"gene_1617",5.13647057601167,0.267718634782901
"gene_1618",12.1805038250646,0.35939071236043
"gene_1619",8.10104472800183,0.0126058065323877
"gene_1620",3.34509019762194,-0.173735618785946
"gene_1621",12.2337315848155,0.074907411626249
"gene_1622",4.76204239696487,-0.0361589973374989
"gene_1623",3.31325322541179,-0.0610002367034255
"gene_1624",6.35825100948568,-0.353694751522516
"gene_1625",4.8471586976258,2.0109836034057
"gene_1626",3.84648565322793,0.241323338527867
"gene_1627",5.48179649563747,0.171676477596816
"gene_1628",5.43088522758334,-0.287661987462771
"gene_1629",9.58276868749416,0.324469800341178
"gene_1630",6.42398431350794,-0.0030536902930128
"gene_1631",6.84203639199145,-0.222173309625075
"gene_1632",3.9146254855176,-0.0585781039634692
"gene_1633",4.73073373968233,-0.753443991608883
"gene_1634",8.94749528275947,2.07231509437661
"gene_1635",10.574235626253,0.225869250876902
"gene_1636",7.67385995118543,0.214621499045183
"gene_1637",4.78540119286043,0.0469856816100488
"gene_1638",6.28092429592587,0.240491979595374
"gene_1639",11.0227629646788,0.0320763453166995
"gene_1640",6.21893263831436,0.295762480477685
"gene_1641",4.49243184183865,-0.215492968247977
"gene_1642",5.15054804308843,1.91778128300259
"gene_1643",4.50345537072977,0.147156307221215
"gene_1644",6.16657582527074,-0.0136168843404416
"gene_1645",11.3529644604784,0.0135531571230665
"gene_1646",5.00400227587872,0.0661727506482727
"gene_1647",8.62857133393133,0.142209060072675
"gene_1648",4.90333627450199,0.0441169505983591
"gene_1649",5.31530210196339,-0.547633112669119
"gene_1650",3.57544989622399,-0.170138216808841
"gene_1651",3.65261491099329,-0.0688361001849956
"gene_1652",7.21575150590028,-0.213824935458194
"gene_1653",10.3465426492468,0.302305779242305
"gene_1654",7.74499316743386,0.171238682461424
"gene_1655",5.3896293248633,-0.389749025253176
"gene_1656",11.7030738015821,-0.240133092338513
"gene_1657",4.36940469646187,0.198644854836268
"gene_1658",7.2728886413994,-0.0810652353995689
"gene_1659",7.67025507065203,0.169744178130411
"gene_1660",10.8737634679113,-0.283703593667773
"gene_1661",7.56139608005659,0.22883513041316
"gene_1662",3.55336594613006,-0.0933819362608604
"gene_1663",4.56740736973922,-0.40626368974771
"gene_1664",4.61924758572924,-0.0658517543188438
"gene_1665",6.59569670364819,0.530419057221667
"gene_1666",8.62356690363018,0.12949446497531
"gene_1667",12.1241166068997,0.250655274337346
"gene_1668",10.1032527699718,-0.229574963360447
"gene_1669",2.10850875151128,0.828051616515955
"gene_1670",5.51680871740251,-0.196653178899925
"gene_1671",12.220915323357,0.0530353747161524
"gene_1672",12.281013619331,-0.277647165222035
"gene_1673",10.4668795282944,0.0137728352585065
"gene_1674",8.91699907033099,0.419965929052005
"gene_1675",7.1034763619846,0.244030008959916
"gene_1676",8.22580468549724,-0.130640936008461
"gene_1677",8.43827633961977,-0.427587183116303
"gene_1678",3.57720628403139,-0.23744265722207
"gene_1679",3.81650504803729,0.150243288627353
"gene_1680",10.0363922706982,0.183234429271716
"gene_1681",1.95133129505859,-0.144579532969992
"gene_1682",7.51689715311665,0.227070465742589
"gene_1683",8.98795869075374,-0.389028738214312
"gene_1684",9.41721007830787,-0.271763873402923
"gene_1685",7.01905142988664,0.722819928029191
"gene_1686",2.69459776021682,-0.389544234490863
"gene_1687",5.90671424874761,0.551123653612918
"gene_1688",9.32698224853964,0.0291181310081331
"gene_1689",8.67866506270213,-0.512803672746306
"gene_1690",9.5576897877617,-0.278790171246637
"gene_1691",6.59672040716548,0.109221119509453
"gene_1692",11.1042850061307,-0.0292243252716048
"gene_1693",9.66927757844766,-0.195825710532436
"gene_1694",7.74935827880965,-0.320855223554797
"gene_1695",5.46814485287588,0.156285500547094
"gene_1696",12.212641717443,0.0806371786524785
"gene_1697",2.73335490710349,0.278429403812566
"gene_1698",10.6720268571943,0.655455613016423
"gene_1699",8.837273699404,-0.214225249931072
"gene_1700",7.47354332134641,0.240702489906745
"gene_1701",10.313729308819,0.356794744011647
"gene_1702",5.42850438156399,0.241989657759452
"gene_1703",9.15276202626141,0.150273697427984
"gene_1704",4.27478374373939,-0.0112850075794651
"gene_1705",2.26908937811533,-0.300827167438621
"gene_1706",3.33513714021659,0.265452581760688
"gene_1707",5.81171754883224,0.0927415088660928
"gene_1708",12.2750403186945,-2.1402409520445
"gene_1709",5.0697595561536,2.14356483156235
"gene_1710",4.3531505881217,-1.01499099770528
"gene_1711",5.35292648079575,0.192464690871984
"gene_1712",2.1448931241859,0.561872044082764
"gene_1713",7.73128360124178,-0.085824552385135
"gene_1714",8.63783251063566,-0.132854081189523
"gene_1715",7.11098196409781,0.239362930555329
"gene_1716",6.71282212526505,-1.02097638145783
"gene_1717",8.20604177431592,-0.19603467740757
"gene_1718",10.1062832118278,-0.155158544593758
"gene_1719",10.3383614477385,0.301231746524087
"gene_1720",11.4519347019977,0.168294490343059
"gene_1721",5.2099334644819,-0.00371574306141063
"gene_1722",3.04621295940667,0.714944955830919
"gene_1723",4.98089158461371,0.0708538348036689
"gene_1724",2.92003685179474,-1.75781972268818
"gene_1725",3.781897916635,-0.113885953652447
"gene_1726",8.67780984579666,2.03826571047415
"gene_1727",8.31513154509701,-0.113578797174368
"gene_1728",1.90345584447923,-0.174099055966156
"gene_1729",5.60160265344314,-0.232694703655937
"gene_1730",8.54420638483288,-0.222263199141372
"gene_1731",11.9651824407264,0.298809881500897
"gene_1732",11.0657538066153,0.195699485682221
"gene_1733",5.77527190604753,0.162107202981422
"gene_1734",12.1590208958566,0.0862858920865252
"gene_1735",2.23632057187647,0.0245349402178621
"gene_1736",11.484398973186,0.291159336266914
"gene_1737",9.57222954540494,0.115443570997761
"gene_1738",6.26807301239452,0.207082906140968
"gene_1739",12.2860563020649,-0.512771906121676
"gene_1740",7.50999215911286,0.284138300286598
"gene_1741",7.68219020395634,-0.232519777195638
"gene_1742",9.39246653359935,0.0872409128955599
"gene_1743",2.27234428670781,-0.00993293307248162
"gene_1744",4.5679902543138,0.0232911837883452
"gene_1745",7.1367012747328,0.228207922583073
"gene_1746",8.62969033990877,0.0783748321955277
"gene_1747",5.71877286661251,0.412938365678323
"gene_1748",5.14382130835291,-0.304946518056369
"gene_1749",6.45329580361379,-0.208183852082606
"gene_1750",7.9239854572832,-0.11701219854118
"gene_1751",10.7754182763295,0.175550270001489
"gene_1752",8.42937676247869,2.05106719049793
"gene_1753",9.41663890636513,0.0725858733796812
"gene_1754",8.38384140317515,-0.663835730162389
"gene_1755",5.45529615859214,-0.419211480631259
"gene_1756",5.79417870420775,-0.59650650873967
"gene_1757",4.2363057171326,-0.382285741705699
"gene_1758",9.36053514768371,0.00609795210903601
"gene_1759",5.26011063444873,0.0172351883454287
"gene_1760",10.2291958355729,0.354035814233903
"gene_1761",8.26982478653957,0.0439435409257737
"gene_1762",12.2079083698411,-0.0521548137540241
"gene_1763",8.7631351693081,-0.203750592341651
"gene_1764",6.48570603421414,0.213316581002141
"gene_1765",5.9734035056714,-0.241348215799498
"gene_1766",7.50835723005444,0.11784652310153
"gene_1767",10.2274634932383,0.0520006295721907
"gene_1768",7.40613495432157,-0.299373532735244
"gene_1769",6.7316620967516,-0.0436527046444375
"gene_1770",1.76429518910625,0.626683610914768
"gene_1771",6.14233234059565,0.355986368458798
"gene_1772",7.55910074479612,-0.00343025711345485
"gene_1773",9.54099783638222,-0.390797614122336
"gene_1774",7.8546882467793,-0.176770494964833
"gene_1775",10.7766484307301,1.84847171615337
"gene_1776",10.1575423189167,0.161037469673005
"gene_1777",9.87526266476248,1.96538198397079
"gene_1778",8.86927250778596,-0.112478342639538
"gene_1779",9.46162566078248,0.197775037309256
"gene_1780",2.58837960111989,-0.443918316984923
"gene_1781",11.2984089502053,-0.623229987690217
"gene_1782",10.61015112538,0.232681460525854
"gene_1783",11.665405301286,0.10076634648488
"gene_1784",7.01728161526562,0.155111457585977
"gene_1785",9.18893273295432,0.128485510670514
"gene_1786",1.90180270824401,0.499918140390576
"gene_1787",7.1655658421619,-0.0616279305882346
"gene_1788",2.62320237264679,-0.520093175924745
"gene_1789",11.1191646776474,-2.09653572977976
"gene_1790",10.2309632424869,0.00460141604414388
"gene_1791",6.33651732457201,0.0230632814716202
"gene_1792",9.45663723625352,0.0862794981736234
"gene_1793",3.90665601218995,-0.295109537396222
"gene_1794",7.31084018068189,-0.00427928438173597
"gene_1795",10.5205549371712,-0.0665084816655959
"gene_1796",6.41305675430593,-0.105403971021163
"gene_1797",7.01455810804511,-0.367438325030549
"gene_1798",6.69491657050148,-0.0116264988981401
"gene_1799",8.82206968120565,0.0709766514694905
"gene_1800",4.09249405896252,0.60632964531711
"gene_1801",4.74741532237913,-0.105744326990821
"gene_1802",2.58618286944867,0.188393011141032
"gene_1803",8.18826463450417,-0.077224676921797
"gene_1804",5.60367118473409,-0.147290145370986
"gene_1805",6.40897459016162,0.0884908124370792
"gene_1806",2.56640178443144,-0.809759915543276
"gene_1807",9.40625133310809,-0.0879031958236152
"gene_1808",2.39576414310782,-0.638354857113966
"gene_1809",8.24117100764301,0.326384643520183
"gene_1810",11.2704068856845,-0.295919909545739
"gene_1811",2.26064878513951,0.211953488155458
"gene_1812",4.2945913455372,-1.99731562867814
"gene_1813",8.13785092950049,0.358409674253217
"gene_1814",3.47063940133798,0.644986116813056
"gene_1815",11.988556782642,0.219498056637947
"gene_1816",3.51830715968146,0.377871400615815
"gene_1817",10.6729755515123,-0.10144982763861
"gene_1818",5.86156778961187,-0.121254840635222
"gene_1819",9.3474123948389,-0.0642931138568809
"gene_1820",8.22109052092221,0.510170672664625
"gene_1821",9.43131422624772,0.0988832865146356
"gene_1822",2.10277801374854,0.651570929525048
"gene_1823",3.98133709716696,-0.0478777918304979
"gene_1824",5.18876085291489,-0.635093782077996
"gene_1825",9.73928655509595,0.100072660310677
"gene_1826",5.55604459937281,-0.158344152831687
"gene_1827",12.3293495602216,0.253101188195329
"gene_1828",7.08183447161011,-0.0210546373791915
"gene_1829",5.53387747253435,-0.351761660877796
"gene_1830",12.1575612173017,0.280466576901205
"gene_1831",7.27094091169079,-0.454387948696422
"gene_1832",7.55516947154685,-0.356718282918007
"gene_1833",7.66046405551805,-0.0398708049772652
"gene_1834",2.72583101698227,0.0199099440901129
"gene_1835",6.07788848794789,0.218033601267518
"gene_1836",6.8958347693157,0.14449542810488
"gene_1837",5.02812165806902,0.471776564575998
"gene_1838",8.56783956994205,0.377185806509573
"gene_1839",6.66261073745462,0.746621419133377
"gene_1840",4.54524727079508,0.196898643405195
"gene_1841",8.72243167385848,0.044102356571521
"gene_1842",2.83614955694378,0.197524764622174
"gene_1843",4.55820837049334,-0.194567955507069
"gene_1844",6.22658668958262,0.0797607958257397
"gene_1845",7.44030305187671,-0.00411410864083015
"gene_1846",5.33285316113205,-0.0199980534891252
"gene_1847",2.37920897305483,-0.104660418831992
"gene_1848",6.74376392707098,-0.344225308637904
"gene_1849",10.6864683044893,0.0401721484475258
"gene_1850",1.49861307993267,0.847480745965695
"gene_1851",9.09232951049635,-0.153720208143362
"gene_1852",10.1957540264961,0.0650104032335725
"gene_1853",7.85160566515724,-0.183660821236883
"gene_1854",7.1095818526899,0.0583727455270705
"gene_1855",11.1987943953575,0.224693852009526
"gene_1856",7.33088040854676,0.398175166424022
"gene_1857",2.19369178102957,0.225503133221361
"gene_1858",9.29927565136797,0.0499200336255006
"gene_1859",10.8812766922444,-0.185704704729525
"gene_1860",9.56453957410345,-0.462229383473276
"gene_1861",8.60958936190748,0.111523010048644
"gene_1862",8.43032587303421,0.323898299158694
"gene_1863",8.23280462165155,-0.072976416907448
"gene_1864",8.72773366727968,0.108943234681522
"gene_1865",11.0092545573054,0.286426034728005
"gene_1866",3.57717882351912,-0.453770735911487
"gene_1867",7.23375314284096,-0.0619057523025869
"gene_1868",8.33902219660691,0.131813554882712
"gene_1869",9.58127035556322,0.176450284572772
"gene_1870",3.51946588720284,-0.205429750946934
"gene_1871",5.46909717928708,-0.103598946508223
"gene_1872",2.08528695019162,0.320132522119683
"gene_1873",7.83119673605832,0.403944409663037
"gene_1874",6.27335793925837,0.172299732925156
"gene_1875",5.01481511853645,0.151221716385351
"gene_1876",6.65007675123229,0.155654087663532
"gene_1877",10.7278973671295,-0.0749678349832998
"gene_1878",11.0838466891571,0.170722733115727
"gene_1879",6.19882575314528,-0.457546149794218
"gene_1880",3.50114530302296,0.586303440529225
"gene_1881",4.15228933536534,-0.526737393913827
"gene_1882",9.70213617331938,-0.141889231107646
"gene_1883",3.84381070244379,0.0193603732465117
"gene_1884",8.07523330690046,0.263512723511193
"gene_1885",10.3502583224444,0.0856984374099984
"gene_1886",8.87531390519732,-1.04910021315621
"gene_1887",6.07514020593386,0.289850526159624
"gene_1888",7.4327193309408,-0.239841617401664
"gene_1889",11.1952050403148,0.54041743344049
"gene_1890",8.08856842869485,-0.264784273989198
"gene_1891",2.20073980039525,0.77100729025987
"gene_1892",12.2424970778913,-0.00281650680287877
"gene_1893",6.16380856251289,-0.409052507400914
"gene_1894",4.74490989273971,0.354873596333699
"gene_1895",6.80592469010853,-0.676621439255615
"gene_1896",8.88530596056593,-0.140720937734376
"gene_1897",12.2706832158644,-0.154408917756537
"gene_1898",8.05929823010815,0.185533059047881
"gene_1899",8.97665522848977,0.333549368257516
"gene_1900",2.73360354197765,-0.583275699090562
"gene_1901",6.63861866388463,-0.237127039044549
"gene_1902",7.81994426158451,0.211192751911779
"gene_1903",12.113940317518,-0.158432344365548
"gene_1904",5.97695008079041,-0.17071663183086
"gene_1905",7.26857336693571,-0.0864447233586295
"gene_1906",9.33041845918995,-0.135781878743763
"gene_1907",7.32603141314169,0.350576385988479
"gene_1908",10.5432000348654,0.261716141077452
"gene_1909",8.11107474643182,0.0495539996979893
"gene_1910",10.3790610376293,0.138404717116146
"gene_1911",4.2222286071131,-0.412150009220811
"gene_1912",8.60059446237675,0.098759672295182
"gene_1913",10.2935504199589,0.0268091550634497
"gene_1914",9.56549346413438,0.441622252214068
"gene_1915",7.27669574984542,0.00552821975303303
"gene_1916",10.0656550300258,0.189532893792463
"gene_1917",10.2366138800972,-0.251829821593722
"gene_1918",7.04905485491465,0.56443362690973
"gene_1919",3.77912422276219,-0.224492406140531
"gene_1920",12.262055967237,0.0919962163953298
"gene_1921",9.82026515235851,-0.0650786386123318
"gene_1922",7.88452263358865,0.0419815307651273
"gene_1923",7.96133762436835,0.229167037550593
"gene_1924",4.58422694105531,-0.1524956501968
"gene_1925",7.50190237910162,-0.0127642999385084
"gene_1926",6.7218720747848,0.109495271643514
"gene_1927",8.51724924635487,-0.0935830895909578
"gene_1928",11.1934536474836,-0.0709029821562653
"gene_1929",8.77695160341016,-0.403357303388488
"gene_1930",2.78616092098146,-0.0681794329066068
"gene_1931",9.50624269581362,0.340981553350136
"gene_1932",12.2334423497737,-0.0532962502833616
"gene_1933",8.15454845830708,0.0362111392236631
"gene_1934",11.6007863837114,0.257345686070753
"gene_1935",5.01260015803183,0.0884378633792855
"gene_1936",6.02087936810573,-0.211287447864165
"gene_1937",7.6527701794055,0.257042868652137
"gene_1938",10.239213493559,0.176485474808186
"gene_1939",7.62673260025655,-0.00963060672037649
"gene_1940",4.59539414650993,1.97646316162849
"gene_1941",2.19356092413975,0.413736458489001
"gene_1942",7.18538632796314,0.0904093044136678
"gene_1943",11.0819500028421,0.0836082405312936
"gene_1944",10.9120561103632,0.0506994352801849
"gene_1945",10.1788082457105,0.109133416492951
"gene_1946",10.0450745091132,-0.256855130203967
"gene_1947",8.53730595676908,-0.0590523098918221
"gene_1948",5.83099329850701,-2.17098991865041
"gene_1949",7.4933128664798,0.072341833797133
"gene_1950",5.99937187154702,0.323374494019176
"gene_1951",9.94580063529961,0.181768889148333
"gene_1952",6.83426168455471,0.560583200491274
"gene_1953",7.36874415876021,0.337743722201518
"gene_1954",7.73088838565679,0.0676638213168197
"gene_1955",9.06747911040311,0.280064043205751
"gene_1956",6.83120106463994,-0.147319269702374
"gene_1957",2.16566126871315,0.713371837698129
"gene_1958",6.89855651571682,0.251719107306065
"gene_1959",8.07837997933718,0.367807728318634
"gene_1960",9.07220969955948,0.0887758974775442
"gene_1961",1.94926746371273,0.687955616226214
"gene_1962",9.20570283457674,-0.18480680839541
"gene_1963",11.4054782457078,-0.0968414746598457
"gene_1964",8.08761546730306,-0.123075198383707
"gene_1965",9.86041335425181,0.0513792547712771
"gene_1966",7.77415516783699,-0.161473712011267
"gene_1967",7.39279495831107,0.0366402359197706
"gene_1968",4.88163208964467,-0.0120761183648042
"gene_1969",4.7864931831108,-0.0794116525262639
"gene_1970",2.75803923727081,-0.180848892065947
"gene_1971",10.1037468759376,0.242938469007881
"gene_1972",3.73314307518335,0.110547737392557
"gene_1973",6.47897736169912,-0.321276637229731
"gene_1974",8.44090385751641,0.133059902917155
"gene_1975",9.26257911879935,0.109889897680105
"gene_1976",3.64957333085258,-0.240339256261742
"gene_1977",10.9304323823969,-0.0243314471178423
"gene_1978",3.7840493314295,-0.16093845850643
"gene_1979",4.35925516475115,-0.104872559588188
"gene_1980",2.65992146561931,-0.507796312580206
"gene_1981",8.75715395980735,0.369446450389457
"gene_1982",4.9557344484363,0.208044077211695
"gene_1983",6.5163716848327,-0.400912729520755
"gene_1984",4.79110269860448,-0.24604326686556
"gene_1985",8.06181833149927,1.80616728249346
"gene_1986",10.8979327058039,0.451404355635126
"gene_1987",5.90138553411539,0.130471579136456
"gene_1988",8.18935884272483,-0.0719144736278601
"gene_1989",4.98416485186262,-0.127433673458372
"gene_1990",4.82846375361809,0.0994541523181782
"gene_1991",9.57324975735337,-0.0056043379752718
"gene_1992",11.9119465035245,-0.276590568232858
"gene_1993",6.75572488024056,0.157850660786169
"gene_1994",8.07367939969741,-0.123991075646142
"gene_1995",7.37955945915738,-0.153159096309334
"gene_1996",12.2881982459624,0.199471633584549
"gene_1997",6.46584937584739,0.0778372905862467
"gene_1998",8.58536081204205,0.286840314644401
"gene_1999",10.1947033276781,0.147317599344849
